date,close_spy,rate_10y,vix,ret_fwd,rv_20d
2010-02-02,82.58910369873047,3.634999990463257,21.479999542236328,-0.004982670398357758,0.16803060337072698
2010-02-03,82.1775894165039,3.703000068664551,21.600000381469727,-0.030866067518501406,0.16785747744727614
2010-02-04,79.6410903930664,3.609999895095825,26.079999923706055,0.0020671122705979705,0.1968913119328102
2010-02-05,79.80571746826172,3.5460000038146973,26.110000610351562,-0.0072192036649062485,0.19595736826720023
2010-02-08,79.22958374023438,3.5920000076293945,26.510000228881836,0.01256011201007623,0.19477576793592577
2010-02-09,80.22471618652344,3.632999897003174,26.0,-0.001958305365920232,0.2026434094829541
2010-02-10,80.06761169433594,3.694000005722046,25.399999618530273,0.010466122553056234,0.2014219873524236
2010-02-11,80.90560913085938,3.7330000400543213,23.959999084472656,-0.000832479918826623,0.2030561477220234
2010-02-12,80.8382568359375,3.693000078201294,22.729999542236328,0.015735352077157927,0.20216335755816411
2010-02-16,82.11027526855469,3.6640000343322754,22.25,0.004738366815153272,0.2101256066275509
2010-02-17,82.49934387207031,3.742000102996826,21.719999313354492,0.005894840768183585,0.20493381498150764
2010-02-18,82.98566436767578,3.802999973297119,20.6299991607666,0.0020736231367615154,0.2044237706797022
2010-02-19,83.15774536132812,3.7820000648498535,20.020000457763672,0.00018028098511768675,0.19324834758325182
2010-02-22,83.17273712158203,3.7990000247955322,19.940000534057617,-0.012144895569161873,0.17472004936269725
2010-02-23,82.16261291503906,3.690999984741211,21.3700008392334,0.00919760376287293,0.17991377117544077
2010-02-24,82.9183120727539,3.694999933242798,20.270000457763672,-0.0013532053724470972,0.18196409961189008
2010-02-25,82.80610656738281,3.6419999599456787,20.100000381469727,0.0006325112437741698,0.1814709833349305
2010-02-26,82.85848236083984,3.5950000286102295,19.5,0.010384398329826183,0.17593101082251392
2010-03-01,83.71891784667969,3.6059999465942383,19.260000228881836,0.00277065790982145,0.17298707120661616
2010-03-02,83.95087432861328,3.614000082015991,19.059999465942383,0.0008915256803472271,0.16560914057363543
2010-03-03,84.02571868896484,3.625,18.829999923706055,0.0030270345657419373,0.16077472732883435
2010-03-04,84.28006744384766,3.6059999465942383,18.719999313354492,0.01429351618760144,0.1593878537952403
2010-03-05,85.48472595214844,3.681999921798706,17.420000076293945,0.00017537355459618098,0.1120436876482998
2010-03-08,85.49971771240234,3.7079999446868896,17.790000915527344,0.0016625888682393342,0.11258022878830214
2010-03-09,85.6418685913086,3.7009999752044678,17.920000076293945,0.004455490572103926,0.10558669944169863
2010-03-10,86.02344512939453,3.7200000286102295,18.56999969482422,0.00417524554855242,0.10059138257556231
2010-03-11,86.38261413574219,3.7200000286102295,18.059999465942383,8.655453085593123e-05,0.09849980914819204
2010-03-12,86.39009094238281,3.7100000381469727,17.579999923706055,0.0002596411194524251,0.09607351543264935
2010-03-15,86.41252136230469,3.7039999961853027,18.0,0.00796644117891665,0.09552678539994744
2010-03-16,87.10092163085938,3.6530001163482666,17.690000534057617,0.005927302362231712,0.08564390226345178
2010-03-17,87.61719512939453,3.6419999599456787,16.90999984741211,-0.0005124449230553552,0.08607270730900911
2010-03-18,87.57229614257812,3.671999931335449,16.6200008392334,-0.005061997115246242,0.08624673948200225
2010-03-19,87.1290054321289,3.687000036239624,16.969999313354492,0.005346503945255376,0.09055401358432723
2010-03-22,87.59484100341797,3.6630001068115234,16.8700008392334,0.007033043756370816,0.09076832099613598
2010-03-23,88.21089935302734,3.680000066757202,16.350000381469727,-0.004855051198415117,0.07326312471238627
2010-03-24,87.78263092041016,3.8289999961853027,17.549999237060547,-0.0016256085493937533,0.07587579067870161
2010-03-25,87.63993072509766,3.9010000228881836,18.399999618530273,-0.0006004975476491259,0.07608253780898624
2010-03-26,87.5873031616211,3.8550000190734863,17.770000457763672,0.006347687936570701,0.07668304767359506
2010-03-29,88.14328002929688,3.864000082015991,17.59000015258789,0.0006819805150402036,0.07261132617702012
2010-03-30,88.2033920288086,3.868000030517578,17.1299991607666,-0.0034074056774524575,0.07291955361928719
2010-03-31,87.90284729003906,3.8329999446868896,17.59000015258789,0.006837937988137366,0.07570789061117865
2010-04-01,88.50392150878906,3.8589999675750732,17.469999313354492,0.008149211586579996,0.07740366071203794
2010-04-05,89.22515869140625,3.99399995803833,17.020000457763672,0.0023579468692389582,0.06736617570097753
2010-04-06,89.435546875,3.9679999351501465,16.229999542236328,-0.005712349997816113,0.06696102973545782
2010-04-07,88.9246597290039,3.86299991607666,16.6200008392334,0.0034636768648845795,0.07270627125225598
2010-04-08,89.232666015625,3.8959999084472656,16.479999542236328,0.006567427366025003,0.07232679868517745
2010-04-09,89.81869506835938,3.888000011444092,16.139999389648438,0.0015894378153691324,0.07383272371799643
2010-04-12,89.96145629882812,3.8459999561309814,15.579999923706055,0.0007514781076558563,0.07351832303480486
2010-04-13,90.02906036376953,3.811000108718872,16.200000762939453,0.0113494677969328,0.0733811615535559
2010-04-14,91.05084228515625,3.8550000190734863,15.59000015258789,0.0008251903602214394,0.07783854479934357
2010-04-15,91.1259765625,3.8480000495910645,15.890000343322754,-0.01591250683184553,0.07672438041518434
2010-04-16,89.67593383789062,3.7699999809265137,18.360000610351562,0.0037702896817117804,0.09945618445121819
2010-04-19,90.0140380859375,3.806999921798706,17.34000015258789,0.008930678266058312,0.09698385276058251
2010-04-20,90.81792449951172,3.805000066757202,15.729999542236328,-0.001819856318466706,0.09959606596585989
2010-04-21,90.65264892578125,3.73799991607666,16.31999969482422,0.00298366675576478,0.09840909646977397
2010-04-22,90.92312622070312,3.7720000743865967,16.469999313354492,0.006527556673913137,0.09571399202650048
2010-04-23,91.51663208007812,3.816999912261963,16.6200008392334,-0.0037762390969505732,0.09624437377303048
2010-04-26,91.1710433959961,3.815000057220459,17.469999313354492,-0.02365076869224203,0.09810518371707849
2010-04-27,89.01477813720703,3.690000057220459,22.809999465942383,0.007596501174860215,0.13237785944421565
2010-04-28,89.69097900390625,3.7730000019073486,21.079999923706055,0.012397354332809085,0.13474064528521598
2010-04-29,90.80290985107422,3.7279999256134033,18.440000534057617,-0.016961751491528232,0.13967349544897908
2010-04-30,89.26273345947266,3.6630001068115234,22.049999237060547,0.012961881118937812,0.15289715865177855
2010-05-03,90.41974639892578,3.7049999237060547,20.190000534057617,-0.023514750921339256,0.1570017757392087
2010-05-04,88.29354858398438,3.61299991607666,23.84000015258789,-0.005956633530381339,0.178757647081057
2010-05-05,87.76761627197266,3.549999952316284,24.90999984741211,-0.033213759152675215,0.1788527179751343
2010-05-06,84.85252380371094,3.3980000019073486,32.79999923706055,-0.014874943691618014,0.21210979557759974
2010-05-07,83.59034729003906,3.428999900817871,40.95000076293945,0.04404156711256313,0.2136992826169629
2010-05-10,87.27179718017578,3.5390000343322754,28.84000015258789,-0.0028413598558391095,0.27222412164876014
2010-05-11,87.0238265991211,3.5350000858306885,28.31999969482422,0.01398567311454535,0.2721502133902567
2010-05-12,88.24091339111328,3.566999912261963,25.520000457763672,-0.012430579410375953,0.2739631942349502
2010-05-13,87.14402770996094,3.563999891281128,26.68000030517578,-0.018105010426240575,0.27654760942678697
2010-05-14,85.5662841796875,3.441999912261963,31.239999771118164,0.0005273132950713855,0.27810641010627907
2010-05-17,85.61140441894531,3.4719998836517334,30.84000015258789,-0.013602931150856756,0.2774208206308801
2010-05-18,84.44683837890625,3.375999927520752,33.54999923706055,-0.005694027148471004,0.27678784243291427
2010-05-19,83.96599578857422,3.3589999675750732,35.31999969482422,-0.037759171679194736,0.27682009305537447
2010-05-20,80.7955093383789,3.2639999389648438,45.790000915527344,0.014599015734517717,0.3005714950664535
2010-05-21,81.97504425048828,3.200000047683716,40.099998474121094,-0.012830871003225552,0.3062446272787259
2010-05-24,80.92323303222656,3.2269999980926514,38.31999969482422,0.0010210459923236659,0.3073264385064439
2010-05-25,81.005859375,3.1579999923706055,34.61000061035156,-0.006028386829415311,0.300690286850849
2010-05-26,80.51752471923828,3.2179999351501465,35.02000045776367,0.03349807027805607,0.297270825051897
2010-05-27,83.21470642089844,3.3380000591278076,29.68000030517578,-0.012549511245775413,0.3222382370288294
2010-05-28,82.17040252685547,3.3010001182556152,32.06999969482422,-0.016824046337318932,0.3202878924495463
2010-06-01,80.7879638671875,3.2960000038146973,35.540000915527344,0.026039565437471213,0.3168753712645731
2010-06-02,82.89164733886719,3.3340001106262207,30.170000076293945,0.003444066116791822,0.32798717388590226
2010-06-03,83.17713165283203,3.378999948501587,29.459999084472656,-0.035136875672628465,0.32854120487676874
2010-06-04,80.25454711914062,3.194999933242798,35.47999954223633,-0.012450751602509857,0.3309890549878147
2010-06-07,79.25531768798828,3.184000015258789,36.56999969482422,0.010712202640835278,0.32990441550249444
2010-06-08,80.10431671142578,3.1679999828338623,33.70000076293945,-0.005346193456351456,0.2858773413730676
2010-06-09,79.67606353759766,3.187000036239624,33.72999954223633,0.02923117891555549,0.2858668621524839
2010-06-10,82.00508880615234,3.319000005722046,30.56999969482422,0.004855901310043986,0.30335074116560384
2010-06-11,82.4032974243164,3.2160000801086426,28.790000915527344,-0.001550075388178529,0.3027945604408312
2010-06-14,82.27556610107422,3.2750000953674316,28.579999923706055,0.02273798933848714,0.2972165092098573
2010-06-15,84.14634704589844,3.309999942779541,25.8700008392334,-0.0003574138901809576,0.309709552991634
2010-06-16,84.11627197265625,3.2820000648498535,25.920000076293945,0.0016077584549265556,0.30592590364656663
2010-06-17,84.25151062011719,3.190000057220459,25.049999237060547,0.001084305426036769,0.30522668347731147
2010-06-18,84.34286499023438,3.2230000495910645,23.950000762939453,-0.002864136985042398,0.2700224994272607
2010-06-21,84.1012954711914,3.243000030517578,24.8799991607666,-0.016515615751145907,0.2665552992211022
2010-06-22,82.71231079101562,3.1659998893737793,27.049999237060547,-0.0031030503073994353,0.26947207984445826
2010-06-23,82.45565032958984,3.115000009536743,26.90999984741211,-0.01657024247783534,0.26991186222230507
2010-06-24,81.08934020996094,3.122999906539917,29.739999771118164,0.004188909447786937,0.276088455935049
2010-06-25,81.42901611328125,3.11299991607666,28.530000686645508,-0.003152140753583055,0.24777318272703353
2010-06-28,81.1723403930664,3.0320000648498535,29.0,-0.030875082394051345,0.2441665967994315
2010-06-29,78.6661376953125,2.9670000076293945,34.130001068115234,-0.009499726891701643,0.2611319284745433
2010-06-30,77.91883087158203,2.9509999752044678,34.540000915527344,-0.004456584989861456,0.24171018975343575
2010-07-01,77.57157897949219,2.927000045776367,32.86000061035156,-0.005449639251172034,0.2405502368051329
2010-07-02,77.14884185791016,2.9790000915527344,30.1200008392334,0.006555839847753875,0.2096553260077876
2010-07-06,77.65461730957031,2.931999921798706,29.649999618530273,0.031495981763638214,0.20780267416624493
2010-07-07,80.10042572021484,2.9800000190734863,26.84000015258789,0.009895491185143435,0.23462274511210918
2010-07-08,80.89305877685547,3.0199999809265137,25.709999084472656,0.00746518731110557,0.23616230630904764
2010-07-09,81.49694061279297,3.055999994277954,24.979999542236328,0.0006484760718694638,0.21298591627858598
2010-07-12,81.54978942871094,3.0460000038146973,24.43000030517578,0.015088932493857676,0.21217669302409572
2010-07-13,82.78028869628906,3.114000082015991,24.559999465942383,-9.13349071324232e-05,0.21912435583149922
2010-07-14,82.7727279663086,3.049999952316284,24.889999389648438,0.0002734767130476712,0.20261458757120268
2010-07-15,82.79536437988281,2.9779999256134033,25.139999389648438,-0.027534994435206128,0.20264297653195915
2010-07-16,80.51559448242188,2.938999891281128,26.25,0.005907039856576146,0.22354146024070062
2010-07-19,80.99120330810547,2.9639999866485596,25.969999313354492,0.011091330097679153,0.22512278471130454
2010-07-20,81.8895034790039,2.931999921798706,23.93000030517578,-0.012997813092396115,0.22975693871650127
2010-07-21,80.82511901855469,2.8919999599456787,25.639999389648438,0.022321409186976338,0.226975734353109
2010-07-22,82.6292495727539,2.931999921798706,24.6299991607666,0.00867938071615404,0.24141685042872182
2010-07-23,83.34642028808594,2.99399995803833,23.469999313354492,0.010415509087836838,0.2346754807470141
2010-07-26,84.21451568603516,2.99399995803833,22.729999542236328,-8.950763102377746e-05,0.2366619868887789
2010-07-27,84.20697784423828,3.046999931335449,23.190000534057617,-0.0064545490210041745,0.23606282514409607
2010-07-28,83.66345977783203,3.000999927520752,24.25,-0.004872360656458241,0.20489324776273188
2010-07-29,83.25582122802734,2.999000072479248,24.1299991607666,-0.00018098499272445334,0.20173424421390895
2010-07-30,83.24075317382812,2.9070000648498535,23.5,0.02258093372532155,0.20009147310276396
2010-08-02,85.12040710449219,2.9630000591278076,22.010000228881836,-0.004789322340556512,0.20784979730924646
2010-08-03,84.71273803710938,2.9140000343322754,22.6299991607666,0.006683497444222031,0.21061354783791236
2010-08-04,85.27891540527344,2.9519999027252197,22.209999084472656,-0.0010624746928655782,0.18522766122648673
2010-08-05,85.18830871582031,2.9149999618530273,22.100000381469727,-0.004075837991753706,0.184056043031757
2010-08-06,84.84109497070312,2.8239998817443848,21.739999771118164,0.005338169177572016,0.18461314746437352
2010-08-09,85.29399108886719,2.822000026702881,22.139999389648438,-0.005398288712691879,0.18488216522579567
2010-08-10,84.83354949951172,2.7809998989105225,22.3700008392334,-0.02740738335847126,0.18034987395034163
2010-08-11,82.50848388671875,2.684999942779541,25.389999389648438,-0.006129703754718663,0.20718742021386283
2010-08-12,82.00273132324219,2.734999895095825,25.729999542236328,-0.0029459646592164823,0.20828688967389986
2010-08-13,81.76115417480469,2.687999963760376,26.239999771118164,-0.00046152706297275525,0.18248804901832003
2010-08-16,81.72341918945312,2.575000047683716,26.100000381469727,0.012285499939691746,0.18153608357942635
2010-08-17,82.72743225097656,2.6449999809265137,24.329999923706055,0.0018246374472599136,0.1825059760127649
2010-08-18,82.87837982177734,2.6410000324249268,24.59000015258789,-0.017396795646888785,0.175331952868468
2010-08-19,81.43656158447266,2.5789999961853027,26.440000534057617,-0.003244503282867295,0.16877296609773845
2010-08-20,81.1723403930664,2.611999988555908,25.489999771118164,-0.0038124255069895696,0.16528063596007977
2010-08-23,80.86287689208984,2.6070001125335693,25.65999984741211,-0.01484357891731558,0.1595569966581653
2010-08-24,79.66258239746094,2.499000072479248,27.459999084472656,0.0038855401897843755,0.16571414548219918
2010-08-25,79.97211456298828,2.5380001068115234,26.700000762939453,-0.006702088941104911,0.16668383568195516
2010-08-26,79.4361343383789,2.499000072479248,27.3700008392334,0.01548994208811827,0.16719848905538207
2010-08-27,80.66659545898438,2.6519999504089355,24.450000762939453,-0.014504878970583168,0.17868243023800587
2010-08-30,79.49653625488281,2.5450000762939453,27.209999084472656,0.0,0.15986982592726035
2010-08-31,79.49653625488281,2.4769999980926514,26.049999237060547,0.029911600735908817,0.16020679852079028
2010-09-01,81.87440490722656,2.5820000171661377,23.889999389648438,0.009312075674452691,0.1962329596476178
2010-09-02,82.63682556152344,2.628000020980835,23.190000534057617,0.012971484504181952,0.2002778453273005
2010-09-03,83.70874786376953,2.7060000896453857,21.309999465942383,-0.011272277759686089,0.20635573866072826
2010-09-07,82.7651596069336,2.6089999675750732,23.799999237060547,0.007023011662308898,0.20843815219283635
2010-09-08,83.34642028808594,2.6540000438690186,23.25,0.004619117127174777,0.2099531514284087
2010-09-09,83.73140716552734,2.760999917984009,22.809999465942383,0.005048819377188263,0.18547417546945752
2010-09-10,84.1541519165039,2.7950000762939453,21.989999771118164,0.011123044956448336,0.18417435060290024
2010-09-13,85.09020233154297,2.740999937057495,21.209999084472656,-0.0006210020081695022,0.1865675376077925
2010-09-14,85.03736114501953,2.6659998893737793,21.559999465942383,0.003817148314056995,0.18659701310656063
2010-09-15,85.3619613647461,2.7230000495910645,22.100000381469727,-0.00026536026118817446,0.18282198387460885
2010-09-16,85.33930969238281,2.759000062942505,21.719999313354492,0.00037333734802103,0.18294317442680333
2010-09-17,85.37117004394531,2.746000051498413,22.010000228881836,0.015289947872029641,0.16889879693252466
2010-09-20,86.6764907836914,2.7060000896453857,21.5,-0.0020134037376215996,0.17341427137016086
2010-09-21,86.5019760131836,2.5940001010894775,22.350000381469727,-0.004913482437402639,0.17254524497412382
2010-09-22,86.07695007324219,2.5480000972747803,22.510000228881836,-0.008111039277706178,0.16186514482662173
2010-09-23,85.37877655029297,2.555000066757202,23.8700008392334,0.02062191090208554,0.16741386668752964
2010-09-24,87.13945007324219,2.611999988555908,21.709999084472656,-0.004790333914632572,0.17367825465217931
2010-09-27,86.7220230102539,2.5169999599456787,22.540000915527344,0.0035009763936801885,0.17186950581084248
2010-09-28,87.025634765625,2.4560000896453857,22.600000381469727,-0.0017441619886831017,0.15791797507298178
2010-09-29,86.87384796142578,2.50600004196167,23.25,-0.0029702120775860763,0.1587084611678198
2010-09-30,86.61581420898438,2.5169999599456787,23.700000762939453,0.004205706590769465,0.12900251848780808
2010-10-01,86.98009490966797,2.5260000228881836,22.5,-0.007503779388114085,0.1268656122618741
2010-10-04,86.3274154663086,2.4790000915527344,23.530000686645508,0.02013211187485897,0.12546419555975546
2010-10-05,88.06536865234375,2.4739999771118164,21.760000228881836,-8.654667837482144e-05,0.13217003889389536
2010-10-06,88.05774688720703,2.3989999294281006,21.489999771118164,-0.0012061267182497115,0.13180936479272337
2010-10-07,87.9515380859375,2.3959999084472656,21.559999465942383,0.0056084394287847505,0.13235542030361652
2010-10-08,88.44480895996094,2.38100004196167,20.709999084472656,0.0009442199437263987,0.13251348269706023
2010-10-11,88.5283203125,2.38100004196167,18.959999084472656,0.003085856921447805,0.12861977608592678
2010-10-12,88.80150604248047,2.421999931335449,18.93000030517578,0.007777039193889168,0.12828538601462972
2010-10-13,89.49211883544922,2.430999994277954,19.06999969482422,-0.0039007968602660092,0.1297101195981504
2010-10-14,89.14302825927734,2.494999885559082,19.8799991607666,0.0020431943944598796,0.1313314971663674
2010-10-15,89.32516479492188,2.5759999752044678,19.030000686645508,0.004927900753226799,0.13115456638798204
2010-10-18,89.76535034179688,2.490999937057495,19.09000015258789,-0.013104675921345788,0.12240703290961019
2010-10-19,88.58900451660156,2.4749999046325684,20.6299991607666,0.00976614811922416,0.13285201091108856
2010-10-20,89.45417785644531,2.4700000286102295,19.790000915527344,0.002205896525849349,0.13406800985930423
2010-10-21,89.65150451660156,2.5309998989105225,19.270000457763672,0.0018623409704290328,0.1286828561409274
2010-10-22,89.81846618652344,2.562999963760376,18.780000686645508,0.002957184112444722,0.10937777870201683
2010-10-25,90.08407592773438,2.553999900817871,19.850000381469727,0.0001684522549227907,0.10686119800529721
2010-10-26,90.09925079345703,2.635999917984009,20.219999313354492,-0.0028637140861894617,0.1068640967515812
2010-10-27,89.84123229980469,2.7119998931884766,20.709999084472656,0.00016890758657472915,0.10742320940244492
2010-10-28,89.85640716552734,2.6610000133514404,20.8799991607666,0.0007601680435815883,0.10618295308477387
2010-10-29,89.92471313476562,2.611999988555908,21.200000762939453,0.0003373318812904813,0.10587707907009296
2010-11-01,89.95504760742188,2.628000020980835,21.829999923706055,0.007930732547011266,0.10036421400836788
2010-11-02,90.66845703125,2.5940001010894775,21.56999969482422,0.004017638363069453,0.07813968166657267
2010-11-03,91.03273010253906,2.61899995803833,19.559999465942383,0.019258300604382717,0.0784135649828717
2010-11-04,92.7858657836914,2.4839999675750732,18.520000457763672,0.003762324931964267,0.09930682160828573
2010-11-05,93.13495635986328,2.5360000133514404,18.260000228881836,-0.001874357202627741,0.09880403965195277
2010-11-08,92.96038818359375,2.562999963760376,18.290000915527344,-0.0071841250164963455,0.09993260077674442
2010-11-09,92.29254913330078,2.6589999198913574,19.079999923706055,0.004029273779241782,0.10557532536204683
2010-11-10,92.66442108154297,2.6480000019073486,18.469999313354492,-0.0037672557827203024,0.1036528487477842
2010-11-11,92.3153305053711,2.6480000019073486,18.639999389648438,-0.011838721714254263,0.10355710089725637
2010-11-12,91.2224349975586,2.75600004196167,20.610000610351562,-0.0014136835501614708,0.11424368470713604
2010-11-15,91.09347534179688,2.9110000133514404,20.200000762939453,-0.0155797364847865,0.11362382112881539
2010-11-16,89.67426300048828,2.8469998836517334,22.579999923706055,0.0005077513328686223,0.11788877148060999
2010-11-17,89.71979522705078,2.864000082015991,21.760000228881836,0.014718336346009941,0.11285086188991873
2010-11-18,91.04032135009766,2.9019999504089355,18.75,0.0027508965386855433,0.12402813306861785
2010-11-19,91.29076385498047,2.875,18.040000915527344,-0.0008310446316263098,0.12416930326028428
2010-11-22,91.21489715576172,2.812999963760376,18.3700008392334,-0.014477255612983186,0.12404157757659655
2010-11-23,89.89435577392578,2.76200008392334,20.6299991607666,0.014773777643757535,0.13519307779428807
2010-11-24,91.2224349975586,2.9140000343322754,19.559999465942383,-0.011646684994455425,0.1445480302210081
2010-11-26,90.15999603271484,2.864000082015991,22.219999313354492,0.0030298412068727743,0.15116801337745692
2010-11-29,90.43316650390625,2.822000026702881,21.530000686645508,-0.0056224213836265635,0.1514915780485771
2010-11-30,89.92471313476562,2.796999931335449,23.540000915527344,0.021267604295449827,0.15295525546559194
2010-12-01,91.83719635009766,2.9639999866485596,21.360000610351562,0.012808868445002286,0.1686196994729691
2010-12-02,93.0135269165039,3.0,19.389999389648438,0.0026926205529456126,0.17372814053942828
2010-12-03,93.26397705078125,3.0169999599456787,18.010000228881836,-0.001057893231642959,0.16023327078377872
2010-12-06,93.16531372070312,2.940999984741211,18.020000457763672,0.0005699608987168592,0.15976680369950885
2010-12-07,93.21841430664062,3.1649999618530273,17.989999771118164,0.003663841292799175,0.1596089384484157
2010-12-08,93.55995178222656,3.2360000610351562,17.739999771118164,0.0038939614730055805,0.15759699655392415
2010-12-09,93.92427062988281,3.2230000495910645,17.25,0.00581739250654012,0.157560140522142
2010-12-10,94.47066497802734,3.2960000038146973,17.610000610351562,0.0006423602937024597,0.15761121527619662
2010-12-13,94.5313491821289,3.2829999923706055,17.549999237060547,0.0008833442436502192,0.1499560412149488
2010-12-14,94.61485290527344,3.4549999237060547,17.610000610351562,-0.004572483110317438,0.1495190015347058
2010-12-15,94.1822280883789,3.5199999809265137,17.940000534057617,0.0058017831687937615,0.1369927623723509
2010-12-16,94.72865295410156,3.4769999980926514,17.389999389648438,0.0010714164329814757,0.13726505421557084
2010-12-17,94.83014678955078,3.3299999237060547,16.110000610351562,0.002413597823964553,0.12983706973387596
2010-12-20,95.05902862548828,3.3489999771118164,16.40999984741211,0.006340183137838462,0.12981923122170183
2010-12-21,95.6617202758789,3.3259999752044678,16.489999771118164,0.0031102422899320636,0.13019904186559722
2010-12-22,95.9592514038086,3.3459999561309814,15.449999809265137,-0.0014307214008173474,0.11387975268476129
2010-12-23,95.82196044921875,3.3929998874664307,16.469999313354492,0.00039786374954053905,0.10650199364651709
2010-12-27,95.8600845336914,3.3510000705718994,17.670000076293945,0.0014325198317524102,0.09303710826746582
2010-12-28,95.99740600585938,3.4809999465942383,17.520000457763672,0.000715354539596591,0.09322249726885991
2010-12-29,96.06607818603516,3.3410000801086426,17.280000686645508,-0.001588284482010316,0.0880108953414586
2010-12-30,95.91349792480469,3.36899995803833,17.520000457763672,0.0002384745140107114,0.05872484675572144
2010-12-31,95.93637084960938,3.305000066757202,17.75,0.010338164988836107,0.04353776274370939
2011-01-03,96.92817687988281,3.3420000076293945,17.610000610351562,-0.0005509041234768031,0.05351106418178147
2011-01-04,96.8747787475586,3.3459999561309814,17.3799991607666,0.005197450756526667,0.05316422958472136
2011-01-05,97.37828063964844,3.4830000400543213,17.020000457763672,-0.001958465212621663,0.05408967580272461
2011-01-06,97.18756866455078,3.4189999103546143,17.399999618530273,-0.001962465328719465,0.055716172476843864
2011-01-07,96.99684143066406,3.328000068664551,17.139999389648438,-0.0012584191537073908,0.05681710691429196
2011-01-10,96.8747787475586,3.303999900817871,17.540000915527344,0.003543512377288449,0.055413047735648376
2011-01-11,97.21805572509766,3.3410000801086426,16.889999389648438,0.00902479210425855,0.05593647896960893
2011-01-12,98.09542846679688,3.3550000190734863,16.239999771118164,-0.0016335131600355712,0.06205423639150594
2011-01-13,97.93518829345703,3.3010001182556152,16.389999389648438,0.007244931099536611,0.058835183006206826
2011-01-14,98.64472198486328,3.3329999446868896,15.460000038146973,0.0017015272212257404,0.060289367216018366
2011-01-18,98.81256866455078,3.364000082015991,15.869999885559082,-0.00980553618208646,0.06019731380097919
2011-01-19,97.84365844726562,3.3369998931884766,17.309999465942383,-0.0013252692255268927,0.07343196830274118
2011-01-20,97.7139892578125,3.4590001106262207,17.989999771118164,0.0022637396889089167,0.07168857151426741
2011-01-21,97.93518829345703,3.4159998893737793,18.469999313354492,0.005687037205681422,0.07143180175370488
2011-01-24,98.49214935302734,3.4079999923706055,17.649999618530273,0.000542156229455637,0.07263876317644195
2011-01-25,98.54554748535156,3.319000005722046,17.59000015258789,0.003870844269550977,0.0726145540506356
2011-01-26,98.927001953125,3.427999973297119,16.639999389648438,0.0024679637467455162,0.07314632347893839
2011-01-27,99.17115020751953,3.384999990463257,16.149999618530273,-0.017463086875539546,0.07315699645680002
2011-01-28,97.43931579589844,3.3289999961853027,20.040000915527344,0.0075164627423136565,0.09935112066186262
2011-01-31,98.17171478271484,3.378000020980835,19.530000686645508,0.016008858864728248,0.10211795186094039
2011-02-01,99.74333190917969,3.443000078201294,17.6299991607666,-0.0019126392371533463,0.11050811264200452
2011-02-02,99.55255889892578,3.489000082015991,17.299999237060547,0.0022227751996715117,0.11094090906351214
2011-02-03,99.77384185791016,3.5409998893737793,16.690000534057617,0.002829045210814174,0.11008517569835544
2011-02-04,100.05610656738281,3.6519999504089355,15.930000305175781,0.006252747901301037,0.10955140088484347
2011-02-07,100.68173217773438,3.6440000534057617,16.280000686645508,0.004546034586599745,0.1100095744767633
2011-02-08,101.13943481445312,3.7249999046325684,15.8100004196167,-0.002262957143896016,0.10973617025027668
2011-02-09,100.91056060791016,3.6419999599456787,15.869999885559082,0.00037810316205688643,0.1107099252287335
2011-02-10,100.94871520996094,3.7079999446868896,16.09000015258789,0.005970502322101279,0.10752666200798937
2011-02-11,101.55142974853516,3.6459999084472656,15.6899995803833,0.0024042584569576864,0.10801509299722449
2011-02-14,101.79558563232422,3.614000082015991,15.949999809265137,-0.003147748882503798,0.10615109510096742
2011-02-15,101.47515869140625,3.615999937057495,16.3700008392334,0.006314925876760524,0.1074737142844739
2011-02-16,102.115966796875,3.621000051498413,16.719999313354492,0.0029884469728667096,0.10026831908589028
2011-02-17,102.42113494873047,3.5739998817443848,16.59000015258789,0.002085732080414182,0.09944645267919636
2011-02-18,102.63475799560547,3.5889999866485596,16.43000030517578,-0.020069439659103905,0.09945107461651644
2011-02-22,100.57493591308594,3.4609999656677246,20.799999237060547,-0.006144634448033481,0.12641040996419328
2011-02-23,99.95693969726562,3.486999988555908,22.1299991607666,-0.0006871702872544017,0.12898787761241245
2011-02-24,99.88825225830078,3.437999963760376,21.31999969482422,0.01069310164335402,0.12853575968338787
2011-02-25,100.95636749267578,3.424999952316284,19.219999313354492,0.006196385534975812,0.1334166051916921
2011-02-28,101.5819320678711,3.4140000343322754,18.350000381469727,-0.01667304189920993,0.11537777322278028
2011-03-01,99.88825225830078,3.4140000343322754,21.010000228881836,0.0021392313630503867,0.13120610081386494
2011-03-02,100.10193634033203,3.4639999866485596,20.700000762939453,0.017223806207676606,0.11865931935562989
2011-03-03,101.8260726928711,3.572000026702881,18.600000381469727,-0.007492574671186469,0.1327352383402337
2011-03-04,101.0631332397461,3.492000102996826,19.059999465942383,-0.00785072517388874,0.1361426335868708
2011-03-07,100.26971435546875,3.496999979019165,20.65999984741211,0.008750203156890679,0.1391486431877475
2011-03-08,101.1470947265625,3.5439999103546143,19.81999969482422,-0.001433296282752683,0.14087469072165146
2011-03-09,101.00212097167969,3.4690001010894775,20.219999313354492,-0.01850580312798611,0.14006298799133218
2011-03-10,99.13299560546875,3.3929998874664307,21.8799991607666,0.006926277325074892,0.15460799974851838
2011-03-11,99.81961822509766,3.3929998874664307,20.079999923706055,-0.00603780760843553,0.15702230986950957
2011-03-14,99.21692657470703,3.3469998836517334,21.1299991607666,-0.011457364842996198,0.1562269759589557
2011-03-15,98.08016204833984,3.322999954223633,24.31999969482422,-0.01851284148348853,0.1597920555950566
2011-03-16,96.26441955566406,3.2119998931884766,29.399999618530273,0.013235512067696131,0.17045175666452608
2011-03-17,97.53852844238281,3.247999906539917,26.3700008392334,0.0036371970273541,0.17688892446378904
2011-03-18,97.89329528808594,3.2769999504089355,24.440000534057617,0.015497616332854625,0.1771576162763161
2011-03-21,99.41040802001953,3.322999954223633,20.610000610351562,-0.0034685551815701876,0.18755162764188107
2011-03-22,99.06559753417969,3.3320000171661377,20.209999084472656,0.002861900975037912,0.17459451091301775
2011-03-23,99.34911346435547,3.3480000495910645,19.170000076293945,0.00956359089892267,0.1737933342805023
2011-03-24,100.29924774169922,3.4040000438690186,18.0,0.0030555079507177396,0.1772248919281737
2011-03-25,100.605712890625,3.444000005722046,17.90999984741211,-0.002437324215384784,0.1732941973471713
2011-03-28,100.36050415039062,3.447999954223633,19.440000534057617,0.006718941997735817,0.1718259153733816
2011-03-29,101.03482055664062,3.490999937057495,18.15999984741211,0.006901089766572666,0.16252264284854723
2011-03-30,101.73207092285156,3.4549999237060547,17.709999084472656,-0.0013553842570239727,0.1639851639194358
2011-03-31,101.59418487548828,3.4539999961853027,17.739999771118164,0.004222991430032463,0.1522339557906988
2011-04-01,102.0232162475586,3.4509999752044678,17.399999618530273,0.0008261800978388578,0.15032605895940418
2011-04-04,102.10750579833984,3.430999994277954,17.5,-0.00015003622014830853,0.14704053258856417
2011-04-05,102.0921859741211,3.486999988555908,17.25,0.0031525038398370064,0.14414343337342686
2011-04-06,102.41403198242188,3.5450000762939453,16.899999618530273,-0.002543875672211038,0.1442448946067813
2011-04-07,102.15350341796875,3.555000066757202,17.110000610351562,-0.0034503995081506256,0.12597870147670914
2011-04-08,101.80103302001953,3.569999933242798,17.8700008392334,-0.0030106574365419414,0.12546907311207195
2011-04-11,101.49454498291016,3.569999933242798,16.59000015258789,-0.007474276846745287,0.12365993120674303
2011-04-12,100.73594665527344,3.5,17.09000015258789,-7.603951085688454e-05,0.11898786282371772
2011-04-13,100.72828674316406,3.4660000801086426,16.920000076293945,0.0007610588716302491,0.0933826780080394
2011-04-14,100.80494689941406,3.484999895095825,16.270000457763672,0.0036483064105112817,0.08400954880422142
2011-04-15,101.17271423339844,3.4100000858306885,15.319999694824219,-0.011208431397241925,0.08401302301184463
2011-04-18,100.03872680664062,3.371000051498413,16.959999084472656,0.005744311666410873,0.07901551505900561
2011-04-19,100.6133804321289,3.3559999465942383,15.829999923706055,0.013631520587109147,0.07990848234790339
2011-04-20,101.98489379882812,3.4000000953674316,15.069999694824219,0.005109234700274579,0.09186612460507958
2011-04-21,102.5059585571289,3.4000000953674316,14.6899995803833,-0.0010465432255249985,0.08784103907034065
2011-04-25,102.398681640625,3.36299991607666,15.770000457763672,0.0086051588484235,0.08783870244573547
2011-04-26,103.27983856201172,3.319999933242798,15.619999885559082,0.006528727175217464,0.0909671320426086
2011-04-27,103.9541244506836,3.368000030517578,15.350000381469727,0.0032434832547121317,0.09082340521689844
2011-04-28,104.29129791259766,3.312000036239624,14.619999885559082,0.002350312944666033,0.08881260806191915
2011-04-29,104.53641510009766,3.2960000038146973,14.75,-0.001538922230419848,0.08833925447497534
2011-05-02,104.37554168701172,3.2860000133514404,15.989999771118164,-0.003596962175430818,0.08830212928767936
2011-05-03,104.00010681152344,3.255000114440918,16.700000762939453,-0.006631037430798181,0.08990197223970203
2011-05-04,103.31047821044922,3.2230000495910645,17.079999923706055,-0.009048445138659544,0.09379743274213406
2011-05-05,102.37567901611328,3.1679999828338623,18.200000762939453,0.004415815825588254,0.09925080094514489
2011-05-06,102.82775115966797,3.1570000648498535,18.399999618530273,0.0038751019358518324,0.09995712123451005
2011-05-09,103.2262191772461,3.1419999599456787,17.15999984741211,0.008536173545925507,0.09964696059582719
2011-05-10,104.10737609863281,3.194999933242798,15.90999984741211,-0.010524740571330127,0.10231615803124386
2011-05-11,103.01167297363281,3.1570000648498535,16.950000762939453,0.0047605730314725925,0.10627860919785267
2011-05-12,103.50206756591797,3.2300000190734863,16.030000686645508,-0.007699416410890447,0.10692996801985542
2011-05-13,102.70516204833984,3.187000036239624,17.06999969482422,-0.0063416618808922465,0.11169150583382917
2011-05-16,102.05384063720703,3.1489999294281006,18.239999771118164,-0.00015004035838939167,0.11410287426010093
2011-05-17,102.03852844238281,3.121000051498413,17.549999237060547,0.00893625535482201,0.10553682053372399
2011-05-18,102.95037078857422,3.1710000038146973,16.229999542236328,0.002381518597536436,0.10801461172657839
2011-05-19,103.19554901123047,3.1710000038146973,15.520000457763672,-0.007944819354834376,0.09768971965831404
2011-05-20,102.37567901611328,3.1519999504089355,17.43000030517578,-0.011600403470261589,0.10065702300451061
2011-05-23,101.18807983398438,3.134000062942505,18.270000457763672,-0.0008334512057823762,0.1087005461650967
2011-05-24,101.10374450683594,3.122999906539917,17.81999969482422,0.0033346991783047564,0.10315313038141195
2011-05-25,101.4408950805664,3.128999948501587,17.06999969482422,0.004607605214807631,0.10063546904453839
2011-05-26,101.90829467773438,3.061000108718872,16.09000015258789,0.0038348249993787054,0.10154737580770959
2011-05-27,102.2990951538086,3.063999891281128,15.979999542236328,0.010410747711888435,0.10235676480330487
2011-05-31,103.36410522460938,3.049999952316284,15.449999809265137,-0.02246101678902046,0.11011241297229205
2011-06-01,101.04244232177734,2.9660000801086426,18.299999237060547,-0.0010613240047161465,0.134819357845105
2011-06-02,100.9352035522461,3.0299999713897705,18.09000015258789,-0.009944761737894492,0.13339912062865267
2011-06-03,99.93142700195312,2.996999979019165,17.950000762939453,-0.010581138860784933,0.13414078450840547
2011-06-06,98.87403869628906,3.002000093460083,18.489999771118164,-0.0006198485171399204,0.13639693774485856
2011-06-07,98.81275177001953,3.010999917984009,18.06999969482422,-0.004187518361652209,0.1347862650233766
2011-06-08,98.39897155761719,2.9619998931884766,18.790000915527344,0.0076311800486146275,0.12884538380627697
2011-06-09,99.14987182617188,2.997999906539917,17.770000457763672,-0.013910447182360564,0.13048618148185698
2011-06-10,97.7706527709961,2.9709999561309814,18.860000610351562,0.0007840034272350582,0.13465502489312733
2011-06-13,97.84730529785156,2.990999937057495,19.610000610351562,0.012685884381509194,0.133934619674608
2011-06-14,99.08858489990234,3.0989999771118164,18.260000228881836,-0.017785466739052902,0.14319087245186826
2011-06-15,97.32624816894531,2.9730000495910645,21.31999969482422,0.002204480672422182,0.1543421579893787
2011-06-16,97.54080200195312,2.9089999198913574,22.729999542236328,0.002983918175768485,0.14961001377200578
2011-06-17,97.83185577392578,2.944000005722046,21.850000381469727,0.005116580598778064,0.1498938743799538
2011-06-20,98.3324203491211,2.9630000591278076,19.989999771118164,0.013703864655249864,0.15090976365543662
2011-06-21,99.6799545288086,2.984999895095825,18.860000610351562,-0.006025831421072603,0.15613173653948614
2011-06-22,99.07929992675781,2.993000030517578,18.520000457763672,-0.002875596714809414,0.15727239375820157
2011-06-23,98.79438781738281,2.9089999198913574,19.290000915527344,-0.01161309235227137,0.15656440119851797
2011-06-24,97.64707946777344,2.871000051498413,21.100000381469727,0.008910758650929607,0.1590493283264332
2011-06-27,98.5171890258789,2.927000045776367,20.559999465942383,0.013053049115047788,0.16253762609485206
2011-06-28,99.80313873291016,3.0450000762939453,19.170000076293945,0.008564222919004827,0.16542228315083501
2011-06-29,100.65787506103516,3.1080000400543213,17.270000457763672,0.00956248750798605,0.14968810704598842
2011-06-30,101.62041473388672,3.1579999923706055,16.520000457763672,0.014776054309775688,0.1535296339681153
2011-07-01,103.12196350097656,3.197000026702881,15.869999885559082,-0.0008213724332851724,0.15652188274077242
2011-07-05,103.03726196289062,3.135999917984009,16.059999465942383,0.0011957527785388944,0.15013599849147838
2011-07-06,103.16046905517578,3.0950000286102295,16.34000015258789,0.010375589184265621,0.14983668084762541
2011-07-07,104.23081970214844,3.1489999294281006,15.949999809265137,-0.007092506943843668,0.15052131435496657
2011-07-08,103.49156188964844,3.0160000324249268,15.949999809265137,-0.018080190515985195,0.15346147586430264
2011-07-11,101.62041473388672,2.9170000553131104,18.389999389648438,-0.004319276770585523,0.15984458842748056
2011-07-12,101.18148803710938,2.9079999923706055,19.8700008392334,0.0033486502096959914,0.16137068064111798
2011-07-13,101.52030944824219,2.8910000324249268,19.90999984741211,-0.0069026571284495075,0.15628318838477054
2011-07-14,100.81954956054688,2.944000005722046,20.799999237060547,0.005804858558172699,0.14289478699535416
2011-07-15,101.40479278564453,2.9079999923706055,19.530000686645508,-0.00820091053347638,0.14359864353459095
2011-07-18,100.57318115234375,2.9089999198913574,20.950000762939453,0.016231427407966237,0.14798631264864245
2011-07-19,102.20562744140625,2.8910000324249268,19.209999084472656,-0.0006028532065878167,0.15666923604743346
2011-07-20,102.14401245117188,2.933000087738037,19.09000015258789,0.01387122410596775,0.15058185749444256
2011-07-21,103.56087493896484,3.009999990463257,17.559999465942383,0.0006690029586859936,0.15432232037505986
2011-07-22,103.63015747070312,2.9639999866485596,17.520000457763672,-0.005572990732836014,0.1532673467421081
2011-07-25,103.05262756347656,3.003999948501587,19.350000381469727,-0.0037361239991903217,0.14730754458015438
2011-07-26,102.66761016845703,2.9509999752044678,20.229999542236328,-0.020475149866064468,0.14711957109323398
2011-07-27,100.56547546386719,2.9800000190734863,22.979999542236328,-0.002909724202086572,0.16146951579378452
2011-07-28,100.27285766601562,2.9509999752044678,23.739999771118164,-0.006834607475147969,0.15891946336061918
2011-07-29,99.58753204345703,2.805000066757202,25.25,-0.004253077248786985,0.15627296251992437
2011-08-01,99.16397857666016,2.740000009536743,23.65999984741211,-0.0255469058530019,0.1450474165463172
2011-08-02,96.63064575195312,2.624000072479248,24.790000915527344,0.00541862617811506,0.1674047218973964
2011-08-03,97.15425109863281,2.5989999771118164,23.3799991607666,-0.04684125475628542,0.16951696805177835
2011-08-04,92.60342407226562,2.4579999446868896,31.65999984741211,-0.0014973162990467026,0.22310340667602163
2011-08-05,92.46476745605469,2.558000087738037,32.0,-0.06512308798467792,0.22355745440267322
2011-08-08,86.44317626953125,2.3389999866485596,48.0,0.046499203903169306,0.30583310162820976
2011-08-09,90.46271514892578,2.181999921798706,35.060001373291016,-0.04417764199073826,0.361752603823897
2011-08-10,86.4662857055664,2.13700008392334,42.9900016784668,0.044883890486000055,0.385202079381463
2011-08-11,90.34722900390625,2.3359999656677246,39.0,0.006732988841742227,0.42811164835323623
2011-08-12,90.95553588867188,2.236999988555908,36.36000061035156,0.021164808042863692,0.42843832459692927
2011-08-15,92.8805923461914,2.2850000858306885,31.8700008392334,-0.00853906815688621,0.43816506628396235
2011-08-16,92.08747863769531,2.2139999866485596,32.849998474121094,0.0006690919454619415,0.4320715154659319
2011-08-17,92.14909362792969,2.1649999618530273,31.579999923706055,-0.04311854962086137,0.4322606377133396
2011-08-18,88.1757583618164,2.0829999446868896,42.66999816894531,-0.016330873806703283,0.44673988236701273
2011-08-19,86.73577117919922,2.071000099182129,43.04999923706055,0.0007993926445497568,0.4466270887763443
2011-08-22,86.80510711669922,2.0880000591278076,42.439998626708984,0.032910550875794975,0.4477484711254162
2011-08-23,89.66191101074219,2.13700008392334,36.27000045776367,0.014084467493056252,0.47085181214866617
2011-08-24,90.92475128173828,2.259999990463257,35.900001525878906,-0.015244314564677786,0.4730556050826615
2011-08-25,89.53866577148438,2.2219998836517334,39.7599983215332,0.014534238717547332,0.47449489366370473
2011-08-26,90.84004211425781,2.187999963760376,35.59000015258789,0.028736112937831182,0.47956448633719834
2011-08-29,93.45043182373047,2.2709999084472656,32.279998779296875,0.0026368437230457342,0.4935617553416011
2011-08-30,93.69684600830078,2.1760001182556152,32.88999938964844,0.00443757459164873,0.4861903201709135
2011-08-31,94.11263275146484,2.2179999351501465,31.6200008392334,-0.01047291762308411,0.48602857278003847
2011-09-01,93.12699890136719,2.1459999084472656,31.81999969482422,-0.025549996878671766,0.4569459408216971
2011-09-02,90.74760437011719,1.996000051498413,33.91999816894531,-0.007297256624296811,0.46634516617072813
2011-09-06,90.08539581298828,1.9789999723434448,37.0,0.028207590098404678,0.4006496107569405
2011-09-07,92.6264877319336,2.0360000133514404,33.380001068115234,-0.010391542063460935,0.3785801896783434
2011-09-08,91.66395568847656,1.9859999418258667,34.31999969482422,-0.026209742864043983,0.34177540560148856
2011-09-09,89.26146697998047,1.9149999618530273,38.52000045776367,0.006469921097835174,0.31902485978021594
2011-09-12,89.83898162841797,1.9299999475479126,38.59000015258789,0.00917125781556849,0.318948073573087
2011-09-13,90.66291809082031,1.99399995803833,36.90999984741211,0.013844052655096917,0.3109205402500337
2011-09-14,91.91806030273438,2.010999917984009,34.599998474121094,0.01725763627870247,0.31388331529154023
2011-09-15,93.50434875488281,2.0850000381469727,31.969999313354492,0.005918094956168574,0.3197544850815548
2011-09-16,94.0577163696289,2.0759999752044678,30.979999542236328,-0.009957145057648886,0.2743215338033503
2011-09-19,93.12117004394531,1.940000057220459,32.72999954223633,-0.001163566362854751,0.269132635273666
2011-09-20,93.0128173828125,1.9470000267028809,32.86000061035156,-0.029458282641762534,0.2695026173236403
2011-09-21,90.27281951904297,1.875,37.31999969482422,-0.03232431325973051,0.27045471058399395
2011-09-22,87.35481262207031,1.715000033378601,41.349998474121094,0.006025361208129132,0.2890200502465511
2011-09-23,87.88115692138672,1.8079999685287476,41.25,0.02377973182701365,0.2857824251702942
2011-09-26,89.970947265625,1.9040000438690186,39.02000045776367,0.01118406413745765,0.2941160668379416
2011-09-27,90.97718811035156,2.0160000324249268,37.709999084472656,-0.020418695462357417,0.2772347586032867
2011-09-28,89.11955261230469,2.002000093460083,41.08000183105469,0.007903294541822259,0.2849798110097902
2011-09-29,89.82389068603516,1.9570000171661377,38.84000015258789,-0.02498904946465319,0.28633650898692486
2011-09-30,87.57927703857422,1.9240000247955322,42.959999084472656,-0.028457667443637757,0.2963767434018335
2011-10-03,85.08697509765625,1.784999966621399,45.45000076293945,0.021922668598666428,0.2994873891123808
2011-10-04,86.95230865478516,1.781000018119812,40.81999969482422,0.018515465411858445,0.31169690131864786
2011-10-05,88.56227111816406,1.9049999713897705,37.810001373291016,0.018091004902294427,0.30112983456699305
2011-10-06,90.1644515991211,1.9859999418258667,36.27000045776367,-0.006695613949357915,0.30759218009309225
2011-10-07,89.56074523925781,2.068000078201294,36.20000076293945,0.03344536535176279,0.29356031382663256
2011-10-10,92.55613708496094,2.0759999752044678,33.02000045776367,0.0010035842175728504,0.31581510824281767
2011-10-11,92.6490249633789,2.1600000858306885,32.86000061035156,0.008771960885374908,0.31457372441934667
2011-10-12,93.46173858642578,2.2260000705718994,31.260000228881836,-0.0019876382597957543,0.3123926852573238
2011-10-13,93.27597045898438,2.1689999103546143,30.700000762939453,0.01709400101489722,0.30653775303059644
2011-10-14,94.87042999267578,2.2320001125335693,28.239999771118164,-0.019091011661814816,0.3118928736782115
2011-10-17,93.05925750732422,2.1549999713897705,33.38999938964844,0.019546113810716248,0.31763133672357546
2011-10-18,94.87820434570312,2.1510000228881836,31.559999465942383,-0.01182932348312249,0.3249122078017288
2011-10-19,93.755859375,2.1589999198913574,34.439998626708984,0.004375458955690359,0.308464365802965
2011-10-20,94.16608428955078,2.180000066757202,34.779998779296875,0.018987425356715493,0.28041633732202426
2011-10-21,95.95405578613281,2.203000068664551,31.31999969482422,0.012260980258235632,0.2854432296113991
2011-10-24,97.13054656982422,2.2339999675750732,29.260000228881836,-0.019443653511343695,0.2779861320944834
2011-10-25,95.24197387695312,2.128000020980835,32.220001220703125,0.010158483688461839,0.2885207983166722
2011-10-26,96.20948791503906,2.203000068664551,29.860000610351562,0.03483529825056686,0.27654260030170996
2011-10-27,99.56097412109375,2.3949999809265137,25.459999084472656,-0.00023341611457039502,0.2973524510583751
2011-10-28,99.53773498535156,2.305999994277954,24.530000686645508,-0.024105802196892512,0.2761038312395628
2011-10-31,97.13829803466797,2.174999952316284,29.959999084472656,-0.0278886195698419,0.2691266425713369
2011-11-01,94.42924499511719,2.000999927520752,34.77000045776367,0.016311506072135273,0.2892837245827035
2011-11-02,95.96952819824219,2.00600004196167,32.7400016784668,0.018227402388663272,0.28794903049273357
2011-11-03,97.71880340576172,2.065999984741211,30.5,-0.006098905864907356,0.28803681916599405
2011-11-04,97.1228256225586,2.049999952316284,30.15999984741211,0.006215827500889004,0.28774544041848477
2011-11-07,97.72652435302734,1.99399995803833,29.850000381469727,0.012830844928700236,0.26651083081241467
2011-11-08,98.98043823242188,2.065000057220459,27.479999542236328,-0.03690959554367634,0.2687183644556964
2011-11-09,95.32711029052734,1.9550000429153442,36.15999984741211,0.009418462125786675,0.30339828412156544
2011-11-10,96.22494506835938,2.055999994277954,32.810001373291016,0.018822513977518662,0.3045268048943444
2011-11-11,98.03614044189453,2.055999994277954,30.040000915527344,-0.009474004756341192,0.3057425972128424
2011-11-14,97.10734558105469,2.0429999828338623,31.1299991607666,0.004941682365583899,0.298846983669118
2011-11-15,97.58721923828125,2.056999921798706,31.219999313354492,-0.01586277549943116,0.2920889025284623
2011-11-16,96.03921508789062,2.0239999294281006,33.5099983215332,-0.015877039592782083,0.29488057839659676
2011-11-17,94.51439666748047,1.9579999446868896,34.5099983215332,-0.001064642932935067,0.30084411783718695
2011-11-18,94.41377258300781,2.01200008392334,32.0,-0.01901931005748525,0.2926827206511014
2011-11-21,92.61808776855469,1.9620000123977661,32.90999984741211,-0.003927876597308755,0.2954344403539209
2011-11-22,92.2542953491211,1.9390000104904175,31.969999313354492,-0.022065745365410283,0.288482552517666
2011-11-23,90.21863555908203,1.878999948501587,33.97999954223633,-0.0018875045591437711,0.2939320355402661
2011-11-25,90.04834747314453,1.9670000076293945,34.470001220703125,0.02896715250266091,0.2578503271663324
2011-11-28,92.65679168701172,1.9579999446868896,32.130001068115234,0.0028400840497562196,0.2843087425815363
2011-11-29,92.9199447631836,1.996000051498413,30.639999389648438,0.0411494085450419,0.2742189677974823
2011-11-30,96.74354553222656,2.068000078201294,27.799999237060547,-0.0001599322417248361,0.2966103821455359
2011-12-01,96.72807312011719,2.117000102996826,27.40999984741211,-0.0008802412807604743,0.2913260468584308
2011-12-02,96.64292907714844,2.0420000553131104,27.520000457763672,0.01089200423582759,0.2837480192999455
2011-12-05,97.69556427001953,2.053999900817871,27.84000015258789,0.0003169036715140461,0.2856271176582692
2011-12-06,97.72652435302734,2.0929999351501465,28.1299991607666,0.003722867864382806,0.2848134161534769
2011-12-07,98.09034729003906,2.0169999599456787,28.670000076293945,-0.021936473323503125,0.28124868183809804
2011-12-08,95.93859100341797,1.972000002861023,30.59000015258789,0.016941814793528964,0.25958842444705554
2011-12-09,97.56396484375,2.052000045776367,26.3799991607666,-0.014596997287436575,0.264367114097308
2011-12-12,96.13982391357422,2.009000062942505,25.670000076293945,-0.009339002299694532,0.26077770583406645
2011-12-13,95.24197387695312,1.9620000123977661,25.40999984741211,-0.010646165243300865,0.26071891848769735
2011-12-14,94.22801208496094,1.9010000228881836,26.040000915527344,0.003614302530052349,0.26200060017348936
2011-12-15,94.5685806274414,1.9129999876022339,25.110000610351562,0.0014824982354189054,0.2570339840830516
2011-12-16,94.70877838134766,1.8539999723434448,24.290000915527344,-0.010691681887119775,0.25070042431979855
2011-12-19,93.69618225097656,1.812999963760376,24.920000076293945,0.030260453877087423,0.25366625415209587
2011-12-20,96.5314712524414,1.9249999523162842,23.219999313354492,0.001936444073470378,0.2653767139354773
2011-12-21,96.71839904785156,1.9670000076293945,21.43000030517578,0.008858984336606479,0.2643944736872637
2011-12-22,97.57522583007812,1.9509999752044678,21.15999984741211,0.008940386476905093,0.2486077837473862
2011-12-23,98.44758605957031,2.0299999713897705,20.729999542236328,0.0007917095548091169,0.24815303291512608
2011-12-27,98.52552795410156,2.009000062942505,21.90999984741211,-0.013123804682971252,0.23099458466867245
2011-12-28,97.23249816894531,1.9079999923706055,23.520000457763672,0.010333903568123581,0.23814139364080114
2011-12-29,98.23728942871094,1.8969999551773071,22.649999618530273,-0.004916062695098922,0.19230846482419078
2011-12-30,97.75434875488281,1.871000051498413,23.399999618530273,0.0159364132498776,0.19337322481927416
2012-01-03,99.31220245361328,1.9600000381469727,22.969999313354492,0.0015687119254141901,0.2007411808142583
2012-01-04,99.4679946899414,1.9950000047683716,22.219999313354492,0.0026622498584656373,0.19762185030627435
2012-01-05,99.73280334472656,1.9930000305175781,21.479999542236328,-0.0025772292880344994,0.19769395747896373
2012-01-06,99.47576904296875,1.9609999656677246,20.6299991607666,0.0024275053978650707,0.197845935745566
2012-01-09,99.71724700927734,1.9600000381469727,21.06999969482422,0.008670604038717666,0.1787296349843986
2012-01-10,100.58185577392578,1.972000002861023,20.690000534057617,0.0005418909216963197,0.1718327471829016
2012-01-11,100.63636016845703,1.9040000438690186,21.049999237060547,0.0023994343248290306,0.1609907780286002
2012-01-12,100.8778305053711,1.9329999685287476,20.469999313354492,-0.005173624264961041,0.1549795939880627
2012-01-13,100.35592651367188,1.8530000448226929,20.90999984741211,0.0038812204972353825,0.1497536826748053
2012-01-17,100.74542999267578,1.850000023841858,22.200000762939453,0.011055891731140743,0.14976654071766107
2012-01-18,101.85926055908203,1.8969999551773071,20.889999389648438,0.0052761248925821125,0.15213804348891463
2012-01-19,102.39668273925781,1.972000002861023,19.8700008392334,0.00372801877130291,0.1423634837038027
2012-01-20,102.7784194946289,2.0280001163482666,18.280000686645508,-0.0025772428690081783,0.10487241141724693
2012-01-23,102.51353454589844,2.066999912261963,18.670000076293945,-0.0011398671127499371,0.10677798316388216
2012-01-24,102.39668273925781,2.063999891281128,18.90999984741211,0.00836786913495513,0.10530945545488204
2012-01-25,103.25352478027344,2.006999969482422,18.309999465942383,-0.005130029261885549,0.10485904956238531
2012-01-26,102.72383117675781,1.930999994277954,18.56999969482422,-0.00045424101124924565,0.10812468693042802
2012-01-27,102.67716979980469,1.8980000019073486,18.530000686645508,-0.003414077259928594,0.09270136153870215
2012-01-30,102.32662200927734,1.8370000123977661,19.399999618530273,-0.0003804757699266137,0.09059330835105446
2012-01-31,102.28768920898438,1.7990000247955322,19.440000534057617,0.008757033238925294,0.08733522646465455
2012-02-01,103.18342590332031,1.8459999561309814,18.549999237060547,0.0015854239778037016,0.07534445423829948
2012-02-02,103.34701538085938,1.8250000476837158,17.979999542236328,0.014018559121210084,0.07534343093183749
2012-02-03,104.79579162597656,1.9490000009536743,17.100000381469727,-0.0006689092745566505,0.08673865043033188
2012-02-06,104.72569274902344,1.9010000228881836,17.760000228881836,0.002528593011265956,0.08551498758194336
2012-02-07,104.9905014038086,1.965999960899353,17.649999618530273,0.0029675943033060648,0.08551321537628856
2012-02-08,105.30207061767578,1.975000023841858,18.15999984741211,0.0012579196883268917,0.08248023850479307
2012-02-09,105.43453216552734,2.046999931335449,18.6299991607666,-0.007387958260474448,0.08231583216560523
2012-02-10,104.65558624267578,1.968999981880188,20.790000915527344,0.007442946438094067,0.08926681554326041
2012-02-13,105.43453216552734,1.9900000095367432,19.040000915527344,-0.0012563393143680823,0.08730386065345963
2012-02-14,105.30207061767578,1.9240000247955322,19.540000915527344,-0.004659635348195357,0.08811558008340739
2012-02-15,104.8114013671875,1.930999994277954,21.139999389648438,0.011072774177017575,0.08483218048423158
2012-02-16,105.97195434570312,1.9930000305175781,19.219999313354492,0.0026463006794261723,0.09060496042130278
2012-02-17,106.25238800048828,2.009999990463257,17.780000686645508,0.0004396586617387843,0.09037009625811168
2012-02-21,106.29910278320312,2.0450000762939453,18.190000534057617,-0.0032242538417878164,0.08911136377241866
2012-02-22,105.95636749267578,2.005000114440918,18.190000534057617,0.0044111019416668285,0.09033142435826451
2012-02-23,106.42375183105469,1.9839999675750732,16.799999237060547,0.002195327121161439,0.08752058362040975
2012-02-24,106.65738677978516,1.9769999980926514,17.309999465942383,0.0016799242506884138,0.08391843666203241
2012-02-27,106.83656311035156,1.9220000505447388,18.190000534057617,0.002916102096637063,0.08346713559233808
2012-02-28,107.14810943603516,1.9290000200271606,17.959999084472656,-0.003925059866704328,0.08100895530608106
2012-02-29,106.72754669189453,1.9769999980926514,18.43000030517578,0.005181287888270436,0.08351284713865939
2012-03-01,107.28053283691406,2.0369999408721924,17.260000228881836,-0.003049111352053102,0.08067124884141623
2012-03-02,106.95342254638672,1.9859999418258667,17.290000915527344,-0.004078724271947554,0.08261153274161721
2012-03-05,106.5171890258789,2.005000114440918,18.049999237060547,-0.014625015605503222,0.071076163001316
2012-03-06,104.9593734741211,1.944000005722046,20.8700008392334,0.006975747670225907,0.08977091516887728
2012-03-07,105.69154357910156,1.972000002861023,19.06999969482422,0.009949107794717804,0.09268956955897993
2012-03-08,106.74308013916016,2.0139999389648438,17.950000762939453,0.0038679070710239127,0.09844004097600875
2012-03-09,107.15595245361328,2.0380001068115234,17.110000610351562,7.255176076848002e-05,0.09907083900717237
2012-03-12,107.16372680664062,2.0309998989105225,15.640000343322754,0.018025704384485364,0.09428828511744416
2012-03-13,109.09542846679688,2.1070001125335693,14.800000190734863,-0.0010708174549958205,0.10978837367623379
2012-03-14,108.97860717773438,2.2739999294281006,15.3100004196167,0.005789116863543775,0.10972338164753624
2012-03-15,109.6094970703125,2.2809998989105225,15.420000076293945,0.0013848657064485792,0.10789376324620059
2012-03-16,109.76129150390625,2.2980000972747803,14.470000267028809,0.003920166999475727,0.10275960055445585
2012-03-19,110.19157409667969,2.378999948501587,15.039999961853027,-0.0029111619930166643,0.10300155238999267
2012-03-20,109.87078857421875,2.371999979019165,15.579999923706055,-0.0016373186721129196,0.10428528171004318
2012-03-21,109.6908950805664,2.2939999103546143,15.130000114440918,-0.007203316592945708,0.10344538011357621
2012-03-22,108.9007568359375,2.2750000953674316,15.569999694824219,0.0032322766683667847,0.10761910507105057
2012-03-23,109.25275421142578,2.236999988555908,14.819999694824219,0.014035287905839411,0.10781254302696572
2012-03-26,110.78614807128906,2.24399995803833,14.260000228881836,-0.003107094419777412,0.11703072238627438
2012-03-27,110.44192504882812,2.187000036239624,15.59000015258789,-0.004958329200010714,0.11824452629863001
2012-03-28,109.89431762695312,2.196000099182129,15.470000267028809,-0.0017090310876066717,0.11893295339282321
2012-03-29,109.70650482177734,2.1589999198913574,15.479999542236328,0.00413631925168767,0.11861076744444829
2012-03-30,110.16028594970703,2.2160000801086426,15.5,0.007314739202609832,0.11798144068126373
2012-04-02,110.96607971191406,2.193000078201294,15.640000343322754,-0.004088955406377104,0.11776190674226168
2012-04-03,110.51234436035156,2.2839999198913574,15.65999984741211,-0.00991109883180441,0.10295368914306559
2012-04-04,109.41704559326172,2.243000030517578,16.440000534057617,-0.0005002262313922312,0.11060220841129446
2012-04-05,109.36231231689453,2.174999952316284,16.700000762939453,-0.011231004266189615,0.1064790647579591
2012-04-09,108.13406372070312,2.0369999408721924,18.809999465942383,-0.01678530718359561,0.11469701942449428
2012-04-10,106.31900024414062,1.9880000352859497,20.389999389648438,0.008094395844151059,0.13006914187550095
2012-04-11,107.1795883178711,2.0280001163482666,20.020000457763672,0.013065975581430411,0.11539580453687501
2012-04-12,108.57999420166016,2.0490000247955322,17.200000762939453,-0.011888308974615125,0.12552033254983525
2012-04-13,107.2891616821289,1.9980000257492065,19.549999237060547,-0.0006567062077047492,0.1300236840288691
2012-04-16,107.21870422363281,1.9739999771118164,19.549999237060547,0.014812105566138323,0.12972085049440835
2012-04-17,108.80683898925781,2.009000062942505,18.459999084472656,-0.003379160580947449,0.14065605895711797
2012-04-18,108.43916320800781,1.9819999933242798,18.639999389648438,-0.006421081381446037,0.14076804359812628
2012-04-19,107.74286651611328,1.9520000219345093,18.360000610351562,0.0016700097783095558,0.14224381261196453
2012-04-20,107.92279815673828,1.9700000286102295,17.440000534057617,-0.008408587879658036,0.14046957078847275
2012-04-23,107.01531982421875,1.9329999685287476,18.969999313354492,0.0038013898053941286,0.14252461559755436
2012-04-24,107.42212677001953,1.9609999656677246,18.100000381469727,0.013691800296206758,0.13248563451157752
2012-04-25,108.89292907714844,1.9839999675750732,16.81999969482422,0.006968702878072941,0.14281246003649972
2012-04-26,109.65177154541016,1.9589999914169312,16.239999771118164,0.0016407977664221196,0.14432700247479321
2012-04-27,109.8316879272461,1.9329999685287476,16.31999969482422,-0.0037039123542401686,0.14431263777336573
2012-04-30,109.42488098144531,1.9149999618530273,17.149999618530273,0.006219959117417018,0.14408481845736745
2012-05-01,110.10549926757812,1.9559999704360962,16.600000381469727,-0.002983699549077512,0.1433684941136098
2012-05-02,109.7769775390625,1.9220000505447388,16.8799991607666,-0.00762585164123375,0.14303954204051716
2012-05-03,108.93983459472656,1.9240000247955322,17.559999465942383,-0.01615796722478846,0.14122040978757622
2012-05-04,107.1795883178711,1.8799999952316284,19.15999984741211,0.0007299133421880821,0.15220018464395105
2012-05-07,107.25782012939453,1.8769999742507935,18.940000534057617,-0.00401123960833083,0.14734291630517626
2012-05-08,106.82758331298828,1.8370000123977661,19.049999237060547,-0.005932108065180186,0.13491561069106395
2012-05-09,106.1938705444336,1.8350000381469727,20.079999923706055,0.002062426274564988,0.13330804893318854
2012-05-10,106.41288757324219,1.8839999437332153,18.829999923706055,-0.0030138911293936532,0.12392672488190214
2012-05-11,106.09217071533203,1.840999960899353,19.889999389648438,-0.011061640636477965,0.11739649677998154
2012-05-14,104.91861724853516,1.7879999876022339,21.8700008392334,-0.005741827688740764,0.12320583775967822
2012-05-15,104.31619262695312,1.7769999504089355,21.969999313354492,-0.003824198057885475,0.10886508291476636
2012-05-16,103.91726684570312,1.7649999856948853,22.270000457763672,-0.014831090218641596,0.10894680185249858
2012-05-17,102.37606048583984,1.7020000219345093,24.489999771118164,-0.008558471111256849,0.11714704457130796
2012-05-18,101.4998779296875,1.7020000219345093,25.100000381469727,0.01718810696980233,0.11791229409427093
2012-05-21,103.24446868896484,1.7350000143051147,22.010000228881836,0.0017426987955404538,0.13605683691229578
2012-05-22,103.42439270019531,1.7929999828338623,22.479999542236328,0.0005294318208810544,0.1351344361433232
2012-05-23,103.4791488647461,1.7209999561309814,22.329999923706055,0.001965978725256834,0.12253291859645675
2012-05-24,103.68258666992188,1.7589999437332153,21.540000915527344,-0.0032447664748278537,0.11862003184622176
2012-05-25,103.34616088867188,1.7450000047683716,21.760000228881836,0.012112325986498584,0.11747362573959598
2012-05-29,104.5979232788086,1.7309999465942383,21.030000686645508,-0.014510433695926417,0.12908117966178637
2012-05-30,103.08016204833984,1.625,24.139999389648438,-0.002200811891237886,0.13204037953181602
2012-05-31,102.85330200195312,1.5809999704360962,24.059999465942383,-0.025176712912838295,0.13209120905096505
2012-06-01,100.2637939453125,1.4670000076293945,26.65999984741211,-0.0004685820242256167,0.15290805372658947
2012-06-04,100.21681213378906,1.5269999504089355,26.1200008392334,0.007572540553478335,0.14650179899095742
2012-06-05,100.9757080078125,1.555999994277954,24.68000030517578,0.02246838101869808,0.15095171225943604
2012-06-06,103.24446868896484,1.6510000228881836,22.15999984741211,0.000606319960031021,0.17575514526957067
2012-06-07,103.30706787109375,1.6540000438690186,21.719999313354492,0.00795145644260864,0.1751718379397782
2012-06-08,104.12850952148438,1.6369999647140503,21.229999542236328,-0.012697375767236618,0.17790561909922686
2012-06-11,102.80635070800781,1.600000023841858,23.559999465942383,0.011490434829329654,0.18260025301429186
2012-06-12,103.98764038085938,1.6610000133514404,22.09000015258789,-0.006394559360369478,0.18448986341201346
2012-06-13,103.32268524169922,1.5989999771118164,24.270000457763672,0.010600388651873294,0.18475576510237046
2012-06-14,104.4179458618164,1.6109999418258667,21.68000030517578,0.010227184633007091,0.18828568059147632
2012-06-15,105.48584747314453,1.5870000123977661,21.110000610351562,0.0019384155100434786,0.18248488670498658
2012-06-18,105.69032287597656,1.5839999914169312,18.31999969482422,0.00967260476074494,0.1785261497640947
2012-06-19,106.7126235961914,1.6200000047683716,18.3799991607666,-0.0016212869101582816,0.1719660991765249
2012-06-20,106.53961181640625,1.6419999599456787,17.239999771118164,-0.022438121045289527,0.17237151960282848
2012-06-21,104.14906311035156,1.6180000305175781,20.079999923706055,0.007701179383879264,0.1922885033866333
2012-06-22,104.95113372802734,1.6720000505447388,18.110000610351562,-0.01603471318838734,0.19398110181375078
2012-06-25,103.26827239990234,1.6080000400543213,20.3799991607666,0.00502579165619732,0.2025368431230329
2012-06-26,103.78727722167969,1.628000020980835,19.719999313354492,0.009016432848760747,0.198455454487025
2012-06-27,104.72306823730469,1.621000051498413,19.450000762939453,-0.0028535809676371038,0.19364750846586168
2012-06-28,104.42423248291016,1.5770000219345093,19.709999084472656,0.024926841660241505,0.1937982453322616
2012-06-29,107.0271987915039,1.659000039100647,17.079999923706055,0.003012203430088123,0.18607723824153355
2012-07-02,107.3495864868164,1.5800000429153442,16.799999237060547,0.006592930967394661,0.18554312684112229
2012-07-03,108.05733489990234,1.63100004196167,16.65999984741211,-0.004511663285037382,0.18529095542666757
2012-07-05,107.56981658935547,1.597000002861023,17.5,-0.009503672889134007,0.17291703283336787
2012-07-06,106.5475082397461,1.5440000295639038,17.100000381469727,-0.0012546727106537148,0.1777401897141464
2012-07-09,106.41382598876953,1.5130000114440918,17.979999542236328,-0.00872046942211191,0.17637924185404624
2012-07-10,105.48584747314453,1.4980000257492065,18.719999313354492,0.0001492813556482897,0.17276768863273276
2012-07-11,105.50159454345703,1.4980000257492065,17.950000762939453,-0.0048448454094699445,0.1685726538380012
2012-07-12,104.9904556274414,1.4789999723434448,18.329999923706055,0.01677820038776834,0.16778620186727872
2012-07-13,106.75200653076172,1.4989999532699585,16.739999771118164,-0.0023580282127205754,0.173868561174217
2012-07-16,106.50028228759766,1.4639999866485596,17.110000610351562,0.0068673681631583605,0.1708799171123032
2012-07-17,107.23165893554688,1.5010000467300415,16.479999542236328,0.007407221366698469,0.17230707369471332
2012-07-18,108.02594757080078,1.4789999723434448,16.15999984741211,0.002620067536411197,0.17093864063463862
2012-07-19,108.3089828491211,1.5149999856948853,15.449999809265137,-0.009148174433081913,0.1708486235698863
2012-07-20,107.31815338134766,1.4600000381469727,16.270000457763672,-0.01011224971838931,0.1522979825104729
2012-07-23,106.23292541503906,1.434999942779541,18.6200008392334,-0.008586728594510706,0.1558305998712959
2012-07-24,105.32073211669922,1.4040000438690186,20.469999313354492,0.00022383844688289578,0.14725907220697848
2012-07-25,105.34430694580078,1.406000018119812,19.34000015258789,0.01649754712754614,0.14651339754674655
2012-07-26,107.08222961425781,1.4279999732971191,17.530000686645508,0.018432997171026866,0.15428822374288992
2012-07-27,109.05607604980469,1.5549999475479126,16.700000762939453,0.0,0.16507085181403103
2012-07-30,109.05607604980469,1.503999948501587,18.030000686645508,-0.0069945861950422294,0.141652588307139
2012-07-31,108.29327392578125,1.4919999837875366,18.93000030517578,-0.0008713408334775075,0.14417680667798718
2012-08-01,108.19891357421875,1.5390000343322754,18.959999084472656,-0.006904812405266192,0.1424006922185231
2012-08-02,107.45182037353516,1.4780000448226929,17.56999969482422,0.019833107603171696,0.14367705746373746
2012-08-03,109.58292388916016,1.5770000219345093,15.640000343322754,0.0019377922257584057,0.15525491425296742
2012-08-06,109.79527282714844,1.5579999685287476,15.949999809265137,0.005013937099674015,0.15493031977088007
2012-08-07,110.34577941894531,1.628000020980835,15.989999771118164,0.0012112083860589262,0.15038766237673581
2012-08-08,110.47943115234375,1.6399999856948853,15.319999694824219,0.000854098818017901,0.15023367774991292
2012-08-09,110.57379150390625,1.687999963760376,15.279999732971191,0.001635602749109788,0.14795844727090166
2012-08-10,110.75464630126953,1.6490000486373901,14.739999771118164,-0.0004967336884016404,0.13820233975090299
2012-08-13,110.69963073730469,1.6540000438690186,13.699999809265137,0.00014211259259555575,0.13760230570582543
2012-08-14,110.71536254882812,1.7259999513626099,14.850000381469727,0.0011361879158890975,0.1364946461356505
2012-08-15,110.84115600585938,1.8049999475479126,14.630000114440918,0.007378491939660448,0.13478151874907884
2012-08-16,111.65899658203125,1.8359999656677246,14.289999961853027,0.0013381282930500227,0.13643790883067278
2012-08-17,111.80841064453125,1.815999984741211,13.449999809265137,7.048811896481766e-05,0.130470148208837
2012-08-20,111.81629180908203,1.8140000104904175,14.020000457763672,-0.0030244981828242423,0.12261626683375118
2012-08-21,111.47810363769531,1.8049999475479126,15.020000457763672,0.0004237712106318625,0.11736744994772606
2012-08-22,111.52534484863281,1.718999981880188,15.109999656677246,-0.008179451834572138,0.11730978009895622
2012-08-23,110.61312866210938,1.6660000085830688,15.960000038146973,0.006042922045119248,0.11189701464899907
2012-08-24,111.28155517578125,1.6779999732971191,15.180000305175781,0.00021205416520175824,0.09454217764001417
2012-08-27,111.3051528930664,1.6490000486373901,16.350000381469727,-0.0009895133926004496,0.09451460859714544
2012-08-28,111.19501495361328,1.6299999952316284,16.489999771118164,0.0007782742976749635,0.09004365764018134
2012-08-29,111.28155517578125,1.6540000438690186,17.059999465942383,-0.007208059072956519,0.08969650607814117
2012-08-30,110.47943115234375,1.6200000047683716,17.829999923706055,0.004768879533947112,0.09007548005885527
2012-08-31,111.00629425048828,1.562000036239624,17.469999313354492,-0.0009206988651472292,0.060077257785971776
2012-09-04,110.90409088134766,1.5809999704360962,17.979999542236328,-0.0008510347904755466,0.060122851108786665
2012-09-05,110.80970764160156,1.593999981880188,17.739999771118164,0.020296473779696456,0.0578564274830016
2012-09-06,113.05875396728516,1.6729999780654907,15.600000381469727,0.003895312432412812,0.09187307759873835
2012-09-07,113.49915313720703,1.6610000133514404,14.380000114440918,-0.005681622251271667,0.09236712003253468
2012-09-10,112.85429382324219,1.6829999685287476,16.280000686645508,0.0027871751005508205,0.09563224272604767
2012-09-11,113.16883850097656,1.6950000524520874,16.40999984741211,0.003335475814968847,0.09568075727482953
2012-09-12,113.54631042480469,1.7649999856948853,15.800000190734863,0.015236909972638157,0.09591869701957227
2012-09-13,115.27640533447266,1.75600004196167,14.050000190734863,0.004434095111892855,0.10794305788004196
2012-09-14,115.78755187988281,1.8700000047683716,14.510000228881836,-0.003395906804899651,0.10648813464501186
2012-09-17,115.39434814453125,1.8380000591278076,14.59000015258789,-0.0008181174333724561,0.10809674640349805
2012-09-18,115.29994201660156,1.812000036239624,14.180000305175781,0.0005461008216061103,0.1083094878935564
2012-09-19,115.36290740966797,1.781999945640564,13.880000114440918,6.805174339774567e-05,0.10704035402358963
2012-09-20,115.37075805664062,1.7769999504089355,14.069999694824219,-0.0004182020802181441,0.10710560470186939
2012-09-21,115.322509765625,1.7599999904632568,13.979999542236328,-0.0015079833009076227,0.10096020523271346
2012-09-24,115.14860534667969,1.718000054359436,14.149999618530273,-0.010641726316687805,0.10061210688846804
2012-09-25,113.92322540283203,1.6820000410079956,15.430000305175781,-0.00562169735158613,0.10974379673450396
2012-09-26,113.28278350830078,1.6180000305175781,16.809999465942383,0.009422016849044645,0.11216656757544638
2012-09-27,114.35013580322266,1.6399999856948853,14.84000015258789,-0.004632541507426424,0.11611385716806948
2012-09-28,113.82040405273438,1.6369999647140503,15.729999542236328,0.002639712875170952,0.11392476131937072
2012-10-01,114.12085723876953,1.625,16.31999969482422,0.0010389723953971863,0.11336753716133023
2012-10-02,114.23942565917969,1.6150000095367432,15.710000038146973,0.004082921997997868,0.1130464653514393
2012-10-03,114.70585632324219,1.6230000257492065,15.430000305175781,0.007167739538452622,0.11303837320840102
2012-10-04,115.52803802490234,1.6649999618530273,14.550000190734863,6.881298460070795e-05,0.09215018583859429
2012-10-05,115.5359878540039,1.7319999933242798,14.329999923706055,-0.0034212623962981414,0.09160837000925486
2012-10-08,115.14070892333984,1.746000051498413,15.109999656677246,-0.009887605278734557,0.08978592182232713
2012-10-09,114.00224304199219,1.7200000286102295,16.3700008392334,-0.006379788337990466,0.09742205189960156
2012-10-10,113.27493286132812,1.690999984741211,16.290000915527344,0.0005584228430841609,0.09959870559713939
2012-10-11,113.33818817138672,1.6749999523162842,15.59000015258789,-0.0032783899094898095,0.08162486797308975
2012-10-12,112.96662139892578,1.6629999876022339,16.139999389648438,0.008327412051832184,0.07958735254275193
2012-10-15,113.90734100341797,1.6629999876022339,15.270000457763672,0.010133513837148556,0.08596132765447802
2012-10-16,115.0616226196289,1.7200000286102295,15.220000267028809,0.004534737822332602,0.09405949220350207
2012-10-17,115.5833969116211,1.8109999895095825,15.069999694824219,-0.0025990533043225295,0.09547044099269016
2012-10-18,115.28298950195312,1.8259999752044678,15.029999732971191,-0.01666411654193556,0.09595514703474385
2012-10-19,113.36190032958984,1.7680000066757202,17.059999465942383,0.0001391116278948168,0.11271293826602279
2012-10-22,113.37767028808594,1.7979999780654907,16.6200008392334,-0.013875918382508234,0.11273374876821184
2012-10-23,111.80445098876953,1.7640000581741333,18.829999923706055,-0.002828359172954653,0.11700112063101527
2012-10-24,111.48822784423828,1.774999976158142,18.329999923706055,0.0029071404644567256,0.11592509801961083
2012-10-25,111.81233978271484,1.8279999494552612,18.1200008392334,-0.0005655227499744564,0.11050617187940695
2012-10-26,111.74910736083984,1.75,17.809999465942383,0.0,0.10972126105730638
2012-10-31,111.74910736083984,1.6859999895095825,18.600000381469727,0.010470548629193388,0.1089910111578297
2012-11-01,112.91918182373047,1.715000033378601,16.690000534057617,-0.008891971058088921,0.11626159936990661
2012-11-02,111.91510772705078,1.7259999513626099,17.59000015258789,0.0020486147019378453,0.11849689575217436
2012-11-05,112.14437866210938,1.684000015258789,18.420000076293945,0.007825028498560593,0.11504286465250163
2012-11-06,113.02191162109375,1.7419999837875366,17.579999923706055,-0.022663481753216308,0.11961372909107086
2012-11-07,110.46044158935547,1.6319999694824219,19.079999923706055,-0.012024502096970036,0.14202707648525492
2012-11-08,109.13220977783203,1.6319999694824219,18.489999771118164,0.000869466310435163,0.14378585648202508
2012-11-09,109.22709655761719,1.6130000352859497,18.610000610351562,0.0007965570630039664,0.14325321962621987
2012-11-12,109.31410217285156,1.6109999418258667,16.68000030517578,-0.003471519926901312,0.14330723531441253
2012-11-13,108.93461608886719,1.5889999866485596,16.649999618530273,-0.013498756642782883,0.1433358879172411
2012-11-14,107.4641342163086,1.5889999866485596,17.920000076293945,-0.0016922320118527567,0.14386687691184022
2012-11-15,107.28227996826172,1.5889999866485596,17.989999771118164,0.004937168705668071,0.13557765388502882
2012-11-16,107.81195068359375,1.5740000009536743,16.40999984741211,0.020239431700002974,0.13589950805084688
2012-11-19,109.99400329589844,1.6109999418258667,15.239999771118164,0.00043150046326823066,0.1598427432847671
2012-11-20,110.04146575927734,1.656000018119812,15.079999923706055,0.0018673879967594509,0.15072160276216423
2012-11-21,110.24695587158203,1.687000036239624,15.3100004196167,0.013625333029671616,0.15108653271314754
2012-11-23,111.74910736083984,1.6929999589920044,15.140000343322754,-0.0021223199361460887,0.15239215807055007
2012-11-26,111.5119400024414,1.6640000343322754,15.5,-0.005104784158119435,0.15223771546548323
2012-11-27,110.94269561767578,1.6449999809265137,15.920000076293945,0.008052274730476316,0.15290141436666868
2012-11-28,111.8360366821289,1.6169999837875366,15.510000228881836,0.004665529175316152,0.15577054712391653
2012-11-29,112.3578109741211,1.6200000047683716,15.0600004196167,0.00021117728074693254,0.15661496980965336
2012-11-30,112.38153839111328,1.6059999465942383,15.869999885559082,-0.004924279737106518,0.1519588752745188
2012-12-03,111.82814025878906,1.628000020980835,16.639999389648438,-0.0014140164603360095,0.14958113481303195
2012-12-04,111.67001342773438,1.6080000400543213,17.1200008392334,0.0017698526154465988,0.1494581245167964
2012-12-05,111.8676528930664,1.590999960899353,16.459999084472656,0.0033924135615519546,0.14668189478521873
2012-12-06,112.24715423583984,1.5809999704360962,16.579999923706055,0.003028929426413418,0.12137617307054585
2012-12-07,112.58714294433594,1.6269999742507935,15.899999618530273,0.00042122319801385366,0.11159900130132323
2012-12-10,112.63456726074219,1.6160000562667847,16.049999237060547,0.006808194787620403,0.11164834197451268
2012-12-11,113.40140533447266,1.6490000486373901,15.569999694824219,0.0004876966100544333,0.11313214961032787
2012-12-12,113.45671081542969,1.6970000267028809,15.949999809265137,-0.0061316664826395195,0.11151834184397433
2012-12-13,112.76103210449219,1.7280000448226929,16.559999465942383,-0.0037156083290358355,0.10039846688682544
2012-12-14,112.34205627441406,1.7079999446868896,17.0,0.011751796175430318,0.10174748764805992
2012-12-17,113.66227722167969,1.7630000114440918,16.34000015258789,0.011128919685685412,0.10681595564018394
2012-12-18,114.92721557617188,1.8270000219345093,15.569999694824219,-0.007429164337674488,0.09060224696822866
2012-12-19,114.07340240478516,1.7999999523162842,17.360000610351562,0.005752339730477063,0.0967392000078819
2012-12-20,114.7295913696289,1.7999999523162842,17.670000076293945,-0.009077502303024065,0.09774296153872884
2012-12-21,113.6881332397461,1.753999948501587,17.84000015258789,-0.0030809999455753134,0.0951554934748161
2012-12-24,113.33786010742188,1.7740000486373901,17.84000015258789,-0.004215363820073703,0.09561608458982832
2012-12-26,112.86009979248047,1.7580000162124634,19.479999542236328,-0.0013401114961407723,0.09493362165833788
2012-12-27,112.70885467529297,1.715000033378601,19.469999313354492,-0.010807978758510028,0.09129903227774103
2012-12-28,111.4906997680664,1.7109999656677246,22.719999313354492,0.016996492717699985,0.0979966825254923
2012-12-31,113.38565063476562,1.75600004196167,18.020000457763672,0.025630069916706688,0.11580922862629407
2013-01-02,116.29173278808594,1.8389999866485596,14.680000305175781,-0.0022595241359900653,0.1442312635435405
2013-01-03,116.02896881103516,1.8990000486373901,14.5600004196167,0.004391658708762014,0.1445274551221667
2013-01-04,116.53852844238281,1.9149999618530273,13.829999923706055,-0.0027324497159988415,0.14478219775942427
2013-01-07,116.2200927734375,1.902999997138977,13.789999961853027,-0.0028775306567234704,0.14567911124181795
2013-01-08,115.88566589355469,1.871000051498413,13.619999885559082,0.002541844076968003,0.14651398183540332
2013-01-09,116.18022918701172,1.8519999980926514,13.8100004196167,0.007949842313242472,0.1465031339498475
2013-01-10,117.10384368896484,1.8940000534057617,13.489999771118164,-6.827790802488298e-05,0.14709719532792287
2013-01-11,117.0958480834961,1.875,13.359999656677246,-0.0006797634113190343,0.14716858961076446
2013-01-14,117.01625061035156,1.8569999933242798,13.520000457763672,0.0006802258039320108,0.14460988941600988
2013-01-15,117.0958480834961,1.8309999704360962,13.550000190734863,-0.000135522658443743,0.1431834791498955
2013-01-16,117.0799789428711,1.8240000009536743,13.420000076293945,0.006460550034611767,0.1387174720264484
2013-01-17,117.83638000488281,1.875,13.569999694824219,0.0022293226632481566,0.13537731384799162
2013-01-18,118.09907531738281,1.843000054359436,12.460000038146973,0.005393397531002542,0.13141474761825314
2013-01-22,118.73603057861328,1.8350000381469727,12.430000305175781,0.0016090117509068858,0.13127650759126738
2013-01-23,118.92707824707031,1.8329999446868896,12.460000038146973,0.00026783405963937135,0.12491265202918056
2013-01-24,118.95893096923828,1.843999981880188,12.6899995803833,0.005622432006803457,0.1235632189921676
2013-01-25,119.62776947021484,1.9470000267028809,12.890000343322754,-0.0011980981196824114,0.12143923805719492
2013-01-28,119.48444366455078,1.9739999771118164,13.569999694824219,0.003931405686650402,0.12137382588581663
2013-01-29,119.95418548583984,1.9880000352859497,13.3100004196167,-0.0039160102616386805,0.10995257169850906
2013-01-30,119.48444366455078,2.00600004196167,14.319999694824219,-0.002465732694424072,0.1010797827208352
2013-01-31,119.18982696533203,1.9850000143051147,14.279999732971191,0.010287567589434943,0.05505221331549768
2013-02-01,120.41600036621094,2.009999990463257,12.899999618530273,-0.011240393720752806,0.062052716941598425
2013-02-04,119.0624771118164,1.9730000495910645,14.670000076293945,0.010097299349208111,0.07669166130691894
2013-02-05,120.26468658447266,2.0160000324249268,13.720000267028809,0.0007284626925028181,0.0815911218178255
2013-02-06,120.352294921875,1.968000054359436,13.40999984741211,-0.001322994829226487,0.07987961465725453
2013-02-07,120.19306945800781,1.9509999752044678,13.5,0.005564383678857254,0.08064518567150267
2013-02-08,120.86186981201172,1.9539999961853027,13.020000457763672,-0.000197580965112909,0.0786167964018817
2013-02-11,120.8379898071289,1.9459999799728394,12.9399995803833,0.0016470649292859019,0.07865435052889849
2013-02-12,121.03701782226562,1.9819999933242798,12.640000343322754,0.0008551133204794947,0.07819776215112496
2013-02-13,121.14051818847656,2.0190000534057617,12.979999542236328,0.0009200075827568988,0.07816990879580107
2013-02-14,121.25196838378906,2.0,12.65999984741211,-0.0011816088580834938,0.07792865291554812
2013-02-15,121.10869598388672,2.006999969482422,12.460000038146973,0.00749434970822338,0.07652842841157184
2013-02-19,122.01632690429688,2.0260000228881836,12.3100004196167,-0.012463136822259635,0.07952534830762545
2013-02-20,120.49562072753906,2.0209999084472656,14.680000305175781,-0.006078790639399423,0.09255415316719212
2013-02-21,119.76315307617188,1.9759999513626099,15.220000267028809,0.009772579189832653,0.09558338948014825
2013-02-22,120.93354797363281,1.9670000076293945,14.170000076293945,-0.019027062137775275,0.10123893723238579
2013-02-25,118.63253784179688,1.8949999809265137,18.989999771118164,0.0068455356874128626,0.12157240911134608
2013-02-26,119.44464111328125,1.878999948501587,16.8700008392334,0.012598551033454086,0.12418766507901291
2013-02-27,120.94947052001953,1.902999997138977,14.729999542236328,-0.001974757096235291,0.13141560404403294
2013-02-28,120.71062469482422,1.8880000114440918,15.510000228881836,0.0032977319939224703,0.13073993712423604
2013-03-01,121.10869598388672,1.8530000448226929,15.359999656677246,0.00532494760758806,0.13058137377284415
2013-03-04,121.75359344482422,1.8769999742507935,14.010000228881836,0.008958744021284826,0.12695257141620153
2013-03-05,122.84435272216797,1.8940000534057617,13.479999542236328,0.0013608086971022004,0.12215871303843544
2013-03-06,123.01152038574219,1.937999963760376,13.529999732971191,0.001812648798023897,0.11795593930150668
2013-03-07,123.2344970703125,1.9910000562667847,13.0600004196167,0.004264331074542049,0.1179665854615647
2013-03-08,123.760009765625,2.055999994277954,12.59000015258789,0.0037952782583479117,0.11804235758010537
2013-03-11,124.2297134399414,2.055999994277954,11.5600004196167,-0.0022430705033711362,0.117397684662499
2013-03-12,123.95105743408203,2.0230000019073486,12.270000457763672,0.001413103230213153,0.11799019407410308
2013-03-13,124.12621307373047,2.0209999084472656,11.829999923706055,0.005324205070957655,0.1179839617458695
2013-03-14,124.7870864868164,2.0329999923706055,11.300000190734863,-0.0013201808035696594,0.11883030461943775
2013-03-15,124.62234497070312,1.996000051498413,11.300000190734863,-0.005518871101043765,0.11924334841059267
2013-03-18,123.9345703125,1.9559999704360962,13.359999656677246,-0.0023232074754351295,0.12146141443586407
2013-03-19,123.64664459228516,1.9079999923706055,14.390000343322754,0.006985358384259621,0.11968038373693451
2013-03-20,124.51036071777344,1.937000036239624,12.670000076293945,-0.008542433857428144,0.11091936377766119
2013-03-21,123.44673919677734,1.9320000410079956,13.989999771118164,0.008033046873778371,0.1135145095750893
2013-03-22,124.43839263916016,1.9149999618530273,13.569999694824219,-0.004177337523954772,0.11199911545763888
2013-03-25,123.91857147216797,1.9149999618530273,13.739999771118164,0.008002460249515897,0.08517581434285738
2013-03-26,124.91022491455078,1.906000018119812,12.770000457763672,0.0,0.08610738656533068
2013-03-27,124.91022491455078,1.8509999513626099,13.149999618530273,0.00307331321268145,0.07718274110257764
2013-03-28,125.29411315917969,1.8519999980926514,12.699999809265137,-0.003957302611348412,0.07613417073102664
2013-04-01,124.79828643798828,1.840000033378601,13.579999923706055,0.004933926274216516,0.07865123421451559
2013-04-02,125.41403198242188,1.8609999418258667,12.779999732971191,-0.01013878104432897,0.07841178041976472
2013-04-03,124.14248657226562,1.812000036239624,14.210000038146973,0.004058604179403513,0.08343949194348445
2013-04-04,124.64633178710938,1.7589999437332153,13.890000343322754,-0.00449159009707889,0.08433666643985645
2013-04-05,124.08647155761719,1.694000005722046,13.920000076293945,0.006767660284862531,0.08615674799865446
2013-04-08,124.9262466430664,1.7319999933242798,13.1899995803833,0.0034571179174138766,0.08809827171556162
2013-04-09,125.3581314086914,1.746999979019165,12.84000015258789,0.012248659404230144,0.08793771121556143
2013-04-10,126.89360046386719,1.8049999475479126,12.359999656677246,0.0032769571406017217,0.09663054555551681
2013-04-11,127.3094253540039,1.7910000085830688,12.239999771118164,-0.0024495554873309455,0.09691334277248774
2013-04-12,126.99757385253906,1.7209999561309814,12.0600004196167,-0.023173917593515614,0.09654337439210348
2013-04-15,124.0545425415039,1.7020000219345093,17.270000457763672,0.014762107215113396,0.12892967052301163
2013-04-16,125.88584899902344,1.718999981880188,13.960000038146973,-0.014610932896811035,0.13763102490259616
2013-04-17,124.04653930664062,1.7039999961853027,16.510000228881836,-0.006253387348862383,0.1478796056864554
2013-04-18,123.27082824707031,1.684999942779541,17.559999465942383,0.008692821856846056,0.1472917750477248
2013-04-19,124.34239959716797,1.7029999494552612,14.970000267028809,0.004438265835397415,0.1474521344040409
2013-04-22,124.8942642211914,1.6979999542236328,14.390000343322754,0.010309013221083463,0.1455244054331276
2013-04-23,126.18180084228516,1.6979999542236328,13.479999542236328,0.0006341412890735754,0.14876363610255325
2013-04-24,126.2618179321289,1.6979999542236328,13.609999656677246,0.004053623973670595,0.14640947003877178
2013-04-25,126.77363586425781,1.7109999656677246,13.619999885559082,-0.0017669813704158654,0.1469031360500706
2013-04-26,126.54962921142578,1.6629999876022339,13.609999656677246,0.006699297219473932,0.14690635410737682
2013-04-29,127.39742279052734,1.6679999828338623,13.710000038146973,0.002385222150724342,0.1474490019278531
2013-04-30,127.7012939453125,1.6749999523162842,13.520000457763672,-0.008767680658886223,0.14683999516067348
2013-05-01,126.58164978027344,1.6390000581741333,14.489999771118164,0.009288055011930973,0.1455422767966943
2013-05-02,127.7573471069336,1.63100004196167,13.59000015258789,0.010140509540195852,0.14815378260027975
2013-05-03,129.05287170410156,1.7519999742507935,12.850000381469727,0.0025406707735011747,0.14969630698769573
2013-05-06,129.38075256347656,1.7710000276565552,12.65999984741211,0.005068582185107751,0.14866158757426368
2013-05-07,130.03652954101562,1.7829999923706055,12.829999923706055,0.004550770152899508,0.14901016137294448
2013-05-08,130.6282958984375,1.7599999904632568,12.65999984741211,-0.0028163071543313434,0.1443349030298954
2013-05-09,130.26040649414062,1.812999963760376,13.130000114440918,0.003254753040561331,0.14495409028494718
2013-05-10,130.6843719482422,1.899999976158142,12.59000015258789,0.0007951398622996209,0.14446984888908518
2013-05-13,130.7882843017578,1.9229999780654907,12.550000190734863,0.010333855577557838,0.11153769118545319
2013-05-14,132.13983154296875,1.9520000219345093,12.770000457763672,0.005386195431918761,0.10614763182321502
2013-05-15,132.8515625,1.9429999589920044,12.8100004196167,-0.0046951953469567265,0.08518631930548212
2013-05-16,132.22779846191406,1.8650000095367432,13.069999694824219,0.009676908254527161,0.08298372983295083
2013-05-17,133.50735473632812,1.9490000009536743,12.449999809265137,-5.988887641839025e-05,0.08386519578202824
2013-05-20,133.49935913085938,1.965000033378601,13.020000457763672,0.0014379906124277753,0.0847665037616684
2013-05-21,133.6913299560547,1.944000005722046,13.369999885559082,-0.007417599192841018,0.08086704765363778
2013-05-22,132.6996612548828,2.0260000228881836,13.819999694824219,-0.002892853015630803,0.0885538502933802
2013-05-23,132.31578063964844,2.0230000019073486,14.069999694824219,-0.0008462255492076576,0.09035657928748486
2013-05-24,132.2038116455078,2.010999917984009,13.989999771118164,0.005988728904495533,0.08988410030175167
2013-05-28,132.99554443359375,2.134999990463257,14.479999542236328,-0.006494381135558114,0.08944699976974353
2013-05-29,132.13182067871094,2.124000072479248,14.829999923706055,0.003692061023691018,0.09456732357451404
2013-05-30,132.61965942382812,2.124000072479248,14.529999732971191,-0.014352065878742604,0.08620663061303278
2013-05-31,130.71629333496094,2.1640000343322754,16.299999237060547,0.005506720676280441,0.10059954497529087
2013-06-03,131.4361114501953,2.134000062942505,16.280000686645508,-0.004807403750053507,0.0963717723129309
2013-06-04,130.8042449951172,2.13700008392334,16.270000457763672,-0.01400076781414561,0.09825712003054576
2013-06-05,128.97288513183594,2.0999999046325684,17.5,0.009052730436338141,0.10935485497628314
2013-06-06,130.14044189453125,2.075000047683716,16.6299991607666,0.012720656067077396,0.11315318844743803
2013-06-07,131.79591369628906,2.1610000133514404,15.140000343322754,0.0,0.12145645302994354
2013-06-10,131.79591369628906,2.2149999141693115,15.4399995803833,-0.010315284373948241,0.12106671969721852
2013-06-11,130.4364013671875,2.194999933242798,17.06999969482422,-0.00827722068065151,0.1269297337378951
2013-06-12,129.35675048828125,2.2300000190734863,18.59000015258789,0.015208685932354804,0.12378331092971089
2013-06-13,131.3240966796875,2.1740000247955322,16.40999984741211,-0.006272268167059725,0.13494815114914627
2013-06-14,130.50039672851562,2.125999927520752,17.149999618530273,0.007721274569206571,0.1357056160447795
2013-06-17,131.50802612304688,2.1710000038146973,16.799999237060547,0.007906006954798483,0.13390261214283652
2013-06-18,132.5477294921875,2.181999921798706,16.610000610351562,-0.013817182416048124,0.1373645124073268
2013-06-19,130.71629333496094,2.311000108718872,16.639999389648438,-0.024778025133124215,0.1452207165094343
2013-06-20,127.47740173339844,2.4189999103546143,20.489999771118164,0.0032100009109017336,0.16674170583391795
2013-06-21,127.88660430908203,2.5139999389648438,18.899999618530273,-0.012635875166213228,0.16768991089800322
2013-06-24,126.27064514160156,2.5480000972747803,20.110000610351562,0.009613942645759321,0.17210637560124642
2013-06-25,127.48460388183594,2.5889999866485596,18.469999313354492,0.009901097939623238,0.17486345727011063
2013-06-26,128.74684143066406,2.5390000343322754,17.209999084472656,0.005869948313213635,0.17898021666026756
2013-06-27,129.50257873535156,2.4830000400543213,16.860000610351562,-0.00409787534724837,0.17993996563233833
2013-06-28,128.97189331054688,2.4779999256134033,16.860000610351562,0.005859823749790216,0.1735109041691721
2013-07-01,129.72764587402344,2.490000009536743,16.3700008392334,-0.0009292116015949814,0.1736805683052036
2013-07-02,129.6071014404297,2.4690001010894775,16.440000534057617,0.00043395690405301224,0.17297773026997137
2013-07-03,129.66334533691406,2.500999927520752,16.200000762939453,0.010788671694664576,0.1653482758486268
2013-07-05,131.06224060058594,2.7149999141693115,14.890000343322754,0.005705124809428419,0.1666739491933434
2013-07-08,131.80996704101562,2.6449999809265137,14.779999732971191,0.007196903834528534,0.1615814185596374
2013-07-09,132.7585906982422,2.630000114440918,14.350000381469727,0.0003637735767516581,0.16355647144869412
2013-07-10,132.806884765625,2.680000066757202,14.210000038146973,0.013620405825981674,0.15858160561856005
2013-07-11,134.6157684326172,2.5739998817443848,14.010000228881836,0.00041803731255063425,0.16072017185399579
2013-07-12,134.6720428466797,2.6010000705718994,13.84000015258789,0.0038208144310354353,0.153042893567992
2013-07-15,135.1865997314453,2.555999994277954,13.789999961853027,-0.003746562058352776,0.15058984443157258
2013-07-16,134.68011474609375,2.5320000648498535,14.420000076293945,0.002566732786519088,0.15011896973667163
2013-07-17,135.0258026123047,2.490999937057495,13.779999732971191,0.005477649524225914,0.14815568673200252
2013-07-18,135.7654266357422,2.5339999198913574,13.770000457763672,0.0017766742496760912,0.13810680325298444
2013-07-19,136.0066375732422,2.490999937057495,12.539999961853027,0.0019505614679853345,0.09562022103535388
2013-07-22,136.2719268798828,2.48799991607666,12.289999961853027,-0.0021240175900770764,0.09573351797121024
2013-07-23,135.98248291015625,2.5160000324249268,12.65999984741211,-0.003665610831904087,0.07837180513741861
2013-07-24,135.48402404785156,2.5880000591278076,13.180000305175781,0.0024331346904031825,0.07930378558860408
2013-07-25,135.8136749267578,2.6070001125335693,12.970000267028809,0.0010657606689821186,0.0750763869659264
2013-07-26,135.9584197998047,2.561000108718872,12.720000267028809,-0.0030748006968664976,0.07430688909348701
2013-07-29,135.54037475585938,2.5850000381469727,13.390000343322754,0.0,0.07319234091196122
2013-07-30,135.54037475585938,2.6029999256134033,13.390000343322754,0.0007112642964912652,0.07257436888439979
2013-07-31,135.63677978515625,2.5929999351501465,13.449999809265137,0.01155854838716941,0.07186520612484723
2013-08-01,137.2045440673828,2.7230000495910645,12.9399995803833,0.0016994302721458077,0.07859666091892116
2013-08-02,137.43771362304688,2.6019999980926514,11.979999542236328,-0.0014625099837706212,0.07281783669684447
2013-08-05,137.23670959472656,2.640000104904175,11.84000015258789,-0.00568282327721592,0.07293158041607294
2013-08-06,136.45681762695312,2.6419999599456787,12.720000267028809,-0.0032402480019197988,0.07512442251854716
2013-08-07,136.01466369628906,2.5999999046325684,12.979999542236328,0.0036647435560162034,0.07684400747347216
2013-08-08,136.51312255859375,2.5869998931884766,12.729999542236328,-0.002885589978856573,0.062250603157645225
2013-08-09,136.11920166015625,2.5799999237060547,13.40999984741211,-0.0011811842737146083,0.06354530504840072
2013-08-12,135.9584197998047,2.6050000190734863,12.8100004196167,0.002956621146777083,0.06259576997841547
2013-08-13,136.3603973388672,2.7149999141693115,12.3100004196167,-0.005129404471429844,0.06136995991461813
2013-08-14,135.66094970703125,2.7119998931884766,13.039999961853027,-0.013986000614576444,0.06416092372000358
2013-08-15,133.7635955810547,2.755000114440918,14.729999542236328,-0.0033057159260813096,0.07865735739822437
2013-08-16,133.3214111328125,2.8289999961853027,14.369999885559082,-0.0063922112786574115,0.07857734974495718
2013-08-19,132.4691925048828,2.884000062942505,15.100000381469727,0.004916085363579459,0.08001099017652279
2013-08-20,133.12042236328125,2.813999891281128,14.90999984741211,-0.006160235116652757,0.08301459732829689
2013-08-21,132.3003692626953,2.8550000190734863,15.9399995803833,0.009114996164553135,0.0845157777558416
2013-08-22,133.50628662109375,2.9010000228881836,14.760000228881836,0.003372319322729078,0.09135071784788455
2013-08-23,133.95651245117188,2.818000078201294,13.979999542236328,-0.0037207081374202033,0.0923505926356055
2013-08-26,133.45809936523438,2.805000066757202,14.989999771118164,-0.016084611681954963,0.09259667001435255
2013-08-27,131.3114776611328,2.7209999561309814,16.770000457763672,0.0035511640113696785,0.10728790182332312
2013-08-28,131.7777862548828,2.7820000648498535,16.489999771118164,0.0015863478670974374,0.10855207304904702
2013-08-29,131.98683166503906,2.750999927520752,16.809999465942383,-0.0031673238812659488,0.09799710183708076
2013-08-30,131.56878662109375,2.749000072479248,17.010000228881836,0.004521430695441753,0.09713292720117725
2013-09-03,132.16366577148438,2.8480000495910645,16.610000610351562,0.008273183860768363,0.09998491163738751
2013-09-04,133.257080078125,2.8970000743865967,15.880000114440918,0.0012666698423109413,0.1050563682219235
2013-09-05,133.42587280273438,2.9790000915527344,15.770000457763672,0.0004823770001547434,0.10509354797141045
2013-09-06,133.490234375,2.937999963760376,15.850000381469727,0.009576362166590968,0.10384405747225818
2013-09-09,134.76858520507812,2.8970000743865967,15.630000114440918,0.007396689882491314,0.11022542023950044
2013-09-10,135.7654266357422,2.9590001106262207,14.529999732971191,0.0031387387253734023,0.11364936208987508
2013-09-11,136.19155883789062,2.9200000762939453,13.819999694824219,-0.0026568968511391233,0.1137150108068035
2013-09-12,135.8297119140625,2.9070000648498535,14.289999961853027,0.002249561209184403,0.1125796180402828
2013-09-13,136.13526916503906,2.8980000019073486,14.15999984741211,0.005787198289665119,0.09967450699080112
2013-09-16,136.92311096191406,2.874000072479248,14.380000114440918,0.004463194691238792,0.0998141665636732
2013-09-17,137.5342254638672,2.8529999256134033,14.529999732971191,0.011573379894896929,0.09600788204167517
2013-09-18,139.12596130371094,2.7079999446868896,13.59000015258789,-0.0016754116883326287,0.10153514788014081
2013-09-19,138.8928680419922,2.747999906539917,13.15999984741211,-0.0069916087731226595,0.09780021394028192
2013-09-20,137.92178344726562,2.7320001125335693,13.119999885559082,-0.004627583931658519,0.09993515633757001
2013-09-23,137.28353881835938,2.7139999866485596,14.3100004196167,-0.0023535586362319894,0.10211420711284139
2013-09-24,136.96043395996094,2.6530001163482666,14.079999923706055,-0.0028904261763161854,0.10134447149848028
2013-09-25,136.56455993652344,2.614000082015991,14.010000228881836,0.0038449613096018798,0.079839118393524
2013-09-26,137.0896453857422,2.6429998874664307,14.0600004196167,-0.004596347831836156,0.07992280445765178
2013-09-27,136.45953369140625,2.61899995803833,15.460000038146973,-0.005328182496009193,0.08327951237936593
2013-09-30,135.73245239257812,2.615000009536743,16.600000381469727,0.007915810508892118,0.085277189533818
2013-10-01,136.806884765625,2.6459999084472656,15.539999961853027,-0.0009448150388767784,0.08765203927869845
2013-10-02,136.67762756347656,2.625999927520752,16.600000381469727,-0.009220518894913154,0.08459679641890484
2013-10-03,135.41738891601562,2.6059999465942383,17.670000076293945,0.007576469506510364,0.092447321652872
2013-10-04,136.44337463378906,2.6519999504089355,16.739999771118164,-0.008644643960888598,0.09554533296718466
2013-10-07,135.2638702392578,2.634000062942505,19.40999984741211,-0.011646705178420369,0.09602588201637466
2013-10-08,133.68849182128906,2.635999917984009,20.34000015258789,0.0007249975432033207,0.1007738050100094
2013-10-09,133.78541564941406,2.6500000953674316,19.600000381469727,0.021558069386243606,0.0998984219442221
2013-10-10,136.66957092285156,2.684999942779541,16.479999542236328,0.006443500826245785,0.1273633584214324
2013-10-11,137.55020141601562,2.681999921798706,15.720000267028809,0.003993570351733755,0.12905670015696089
2013-10-14,138.09951782226562,2.690999984741211,16.06999969482422,-0.007254082375650395,0.1282455202860144
2013-10-15,137.0977325439453,2.7200000286102295,18.65999984741211,0.013966307902970376,0.13012365568362072
2013-10-16,139.01248168945312,2.6710000038146973,14.710000038146973,0.006682859288617893,0.13321791477719228
2013-10-17,139.9414825439453,2.5869998931884766,13.479999542236328,0.006754183337958297,0.13512016930006876
2013-10-18,140.8866729736328,2.5889999866485596,13.039999961853027,5.794339504316959e-05,0.13393740855299197
2013-10-21,140.89483642578125,2.6089999675750732,13.15999984741211,0.00579097140426299,0.1323036600998495
2013-10-22,141.71075439453125,2.51200008392334,13.329999923706055,-0.004788548830233941,0.13245309085448212
2013-10-23,141.03216552734375,2.484999895095825,13.420000076293945,0.0033221951545676642,0.1335002616021311
2013-10-24,141.50070190429688,2.5220000743865967,13.199999809265137,0.004567585316696432,0.13339882454771612
2013-10-25,142.1470184326172,2.503000020980835,13.09000015258789,0.0015912840913347992,0.13169172727837813
2013-10-28,142.3732147216797,2.51200008392334,13.3100004196167,0.005333971522214487,0.1287901399827795
2013-10-29,143.13262939453125,2.506999969482422,13.40999984741211,-0.004966770927279818,0.12765053706253843
2013-10-30,142.42172241210938,2.5269999504089355,13.649999618530273,-0.002836159100040203,0.12978419895676388
2013-10-31,142.01779174804688,2.5420000553131104,13.75,0.002389205522817628,0.1242645460979279
2013-11-01,142.3571014404297,2.619999885559082,13.279999732971191,0.0035184036897952797,0.12275992518703198
2013-11-04,142.85797119140625,2.6019999980926514,12.930000305175781,-0.0031669433069083652,0.11597674671429177
2013-11-05,142.40554809570312,2.6619999408721924,13.270000457763672,0.005105709072089626,0.10543242330722723
2013-11-06,143.13262939453125,2.640000104904175,12.670000076293945,-0.01264346494903168,0.10522374648758458
2013-11-07,141.32293701171875,2.61299991607666,13.90999984741211,0.013491417379455806,0.09664343241511746
2013-11-08,143.22958374023438,2.746000051498413,12.899999618530273,0.0001692821775163278,0.10418228959471966
2013-11-11,143.2538299560547,2.750999927520752,12.529999732971191,-0.0020299771534368904,0.10411822276265068
2013-11-12,142.96302795410156,2.7679998874664307,12.819999694824219,0.008024142872009143,0.09961060826000968
2013-11-13,144.1101837158203,2.7249999046325684,12.520000457763672,0.004989091425028791,0.09219109363172016
2013-11-14,144.82916259765625,2.7019999027252197,12.369999885559082,0.004351039938370382,0.09119641612570757
2013-11-15,145.45932006835938,2.7090001106262207,12.1899995803833,-0.0034989638954761038,0.08983046578291809
2013-11-18,144.9503631591797,2.677999973297119,13.100000381469727,-0.0021735956343655882,0.09151881622278549
2013-11-19,144.6352996826172,2.7119998931884766,13.390000343322754,-0.00312771031918635,0.09085603877365317
2013-11-20,144.18292236328125,2.7920000553131104,13.399999618530273,0.008068431816036448,0.08962647967895665
2013-11-21,145.34625244140625,2.7839999198913574,12.65999984741211,0.005002723241787299,0.09270349769456275
2013-11-22,146.07337951660156,2.752000093460083,12.260000228881836,-0.0009956059005136186,0.09291594874447834
2013-11-25,145.92794799804688,2.740999937057495,12.789999961853027,0.0002764668374681811,0.0932907487304776
2013-11-26,145.96829223632812,2.696000099182129,12.8100004196167,0.0024354554138550366,0.0920738083363757
2013-11-27,146.32379150390625,2.7360000610351562,12.979999542236328,-0.0006627056577439561,0.089425401116939
2013-11-29,146.22682189941406,2.740999937057495,13.699999809265137,-0.0025967531871923244,0.08839722834987683
2013-12-02,145.84710693359375,2.8010001182556152,14.229999542236328,-0.004320253235011173,0.08947926796293396
2013-12-03,145.21701049804688,2.7750000953674316,14.550000190734863,-0.00011169554253875891,0.0911276605087971
2013-12-04,145.20079040527344,2.8410000801086426,14.699999809265137,-0.004394864625748229,0.08998632843648449
2013-12-05,144.56265258789062,2.861999988555908,15.079999923706055,0.011177047892254821,0.09053735988509583
2013-12-06,146.17843627929688,2.882999897003174,13.789999961853027,0.002541766919451627,0.08386609820549872
2013-12-09,146.54998779296875,2.8570001125335693,13.489999771118164,-0.0035833949376841145,0.07155693017816502
2013-12-10,146.02484130859375,2.796999931335449,13.90999984741211,-0.011230752640261854,0.07345797372191613
2013-12-11,144.38487243652344,2.8440001010894775,15.420000076293945,-0.003301168508181851,0.0848206457442231
2013-12-12,143.90823364257812,2.877000093460083,15.539999961853027,-0.00011260532892520825,0.08094942517538851
2013-12-13,143.89202880859375,2.868000030517578,15.760000228881836,0.006232696380571667,0.07872588804680307
2013-12-16,144.7888641357422,2.877000093460083,16.030000686645508,-0.0031811963536698684,0.0804684311166381
2013-12-17,144.32826232910156,2.8429999351501465,16.209999084472656,0.01707307042397055,0.08030436677574723
2013-12-18,146.79238891601562,2.884999990463257,13.800000190734863,-0.0011560067549629682,0.10054913828932936
2013-12-19,146.62269592285156,2.924999952316284,14.149999618530273,0.0058170071697922765,0.09977878983900344
2013-12-20,147.47560119628906,2.88700008392334,13.789999961853027,0.005342390931530883,0.09792372412869703
2013-12-23,148.2634735107422,2.928999900817871,13.039999961853027,0.0021911996949548485,0.09812679528359375
2013-12-24,148.58834838867188,2.9830000400543213,12.479999542236328,0.00508406033917419,0.09802150124121926
2013-12-26,149.34378051757812,2.990000009536743,12.329999923706055,-5.415128889263432e-05,0.09908149141911575
2013-12-27,149.335693359375,3.00600004196167,12.460000038146973,-0.0001634844420030923,0.09905125088442118
2013-12-30,149.311279296875,2.9760000705718994,13.5600004196167,0.004732830918000808,0.09895338841897057
2013-12-31,150.0179443359375,3.0260000228881836,13.720000267028809,-0.009583102444613134,0.0987785146953219
2014-01-02,148.58030700683594,2.984999895095825,14.229999542236328,-0.00016411020688467115,0.10444529991766177
2014-01-03,148.55592346191406,2.994999885559082,13.760000228881836,-0.0028980785374661533,0.10445396944715032
2014-01-06,148.12539672851562,2.9609999656677246,13.550000190734863,0.006141716969458644,0.10352862085399808
2014-01-07,149.03514099121094,2.937000036239624,12.920000076293945,0.00021817994921158324,0.09853995696947153
2014-01-08,149.06765747070312,2.993000030517578,12.869999885559082,0.0006538852638131587,0.09839860996115504
2014-01-09,149.16513061523438,2.9630000591278076,12.890000343322754,0.0027223664917224166,0.09699446353514857
2014-01-10,149.5712127685547,2.859999895095825,12.140000343322754,-0.013304939994178921,0.08546177128427056
2014-01-13,147.5811767578125,2.8269999027252197,13.279999732971191,0.010897881280578225,0.09956385081782779
2014-01-14,149.1894989013672,2.86899995803833,12.279999732971191,0.005389943197921188,0.10504215576053676
2014-01-15,149.99362182617188,2.884000062942505,12.279999732971191,-0.0012999006508862543,0.10461540525855753
2014-01-16,149.79864501953125,2.8429999351501465,12.529999732971191,-0.004229106372853231,0.10363878234285427
2014-01-17,149.16513061523438,2.8269999027252197,12.4399995803833,0.0029403563084984263,0.08873944581254598
2014-01-21,149.60372924804688,2.825000047683716,12.869999885559082,0.0006517462004420604,0.08872281348198663
2014-01-22,149.70123291015625,2.859999895095825,12.84000015258789,-0.008193402794058002,0.08689580223904576
2014-01-23,148.47467041015625,2.7730000019073486,13.770000457763672,-0.021335734596065414,0.09063854283676241
2014-01-24,145.30685424804688,2.734999895095825,18.139999389648438,-0.004919440964503252,0.11779757803416466
2014-01-27,144.59202575683594,2.7660000324249268,17.420000076293945,0.00595473841605676,0.1161848526712337
2014-01-28,145.45303344726562,2.746000051498413,15.800000190734863,-0.009604916280352982,0.11915805552911976
2014-01-29,144.05596923828125,2.674999952316284,17.350000381469727,0.010600208540500367,0.12263701320194081
2014-01-30,145.58299255371094,2.693000078201294,17.290000915527344,-0.0058585502226355946,0.12839149548638995
2014-01-31,144.73008728027344,2.6679999828338623,18.40999984741211,-0.022505250641774444,0.12592622543755885
2014-02-03,141.472900390625,2.5810000896453857,21.440000534057617,0.007005071849766953,0.14657421367439036
2014-02-04,142.46392822265625,2.624000072479248,19.110000610351562,-0.0012549649141071484,0.15029499281053418
2014-02-05,142.28514099121094,2.6670000553131104,19.950000762939453,0.013187415621505716,0.14730704703935452
2014-02-06,144.16151428222656,2.7019999027252197,17.229999542236328,0.012396048209900146,0.15708575334658542
2014-02-07,145.94854736328125,2.674999952316284,15.289999961853027,0.0018368231125438506,0.1646908037210166
2014-02-10,146.2166290283203,2.677999973297119,15.260000228881836,0.010943648771353232,0.16445245302944078
2014-02-11,147.8167724609375,2.7190001010894775,14.510000228881836,0.0004938414339570318,0.16306874981268094
2014-02-12,147.8897705078125,2.763000011444092,14.300000190734863,0.005163275177402227,0.1580620106648879
2014-02-13,148.6533660888672,2.7360000610351562,14.140000343322754,0.005519009310781309,0.157954085980563
2014-02-14,149.47378540039062,2.746000051498413,13.569999694824219,0.0011953963662809652,0.159288548687238
2014-02-18,149.6524658203125,2.7109999656677246,13.869999885559082,-0.006621889256765989,0.15856785411105814
2014-02-19,148.66148376464844,2.7339999675750732,15.5,0.005901148955025581,0.16001094038254735
2014-02-20,149.53875732421875,2.753999948501587,14.789999961853027,-0.0011406942653660046,0.16148898011539317
2014-02-21,149.36817932128906,2.7339999675750732,14.680000305175781,0.0055465357876953725,0.15866157220932964
2014-02-24,150.1966552734375,2.75,14.229999542236328,-0.00037863364355483764,0.13717410643389039
2014-02-25,150.13978576660156,2.7009999752044678,13.670000076293945,5.427071390684546e-05,0.13520427283981165
2014-02-26,150.14793395996094,2.6730000972747803,14.350000381469727,0.005247611938705932,0.13448863507430817
2014-02-27,150.93585205078125,2.6419999599456787,14.039999961853027,0.0025289807689896637,0.12822934772299227
2014-02-28,151.31756591796875,2.6579999923706055,14.0,-0.007031841486745405,0.12450203227221014
2014-03-03,150.25352478027344,2.6070001125335693,16.0,0.01405542694918216,0.12554493536261582
2014-03-04,152.3654022216797,2.690999984741211,14.100000381469727,0.0009063215073898956,0.09450331004341148
2014-03-05,152.5034942626953,2.697999954223633,13.890000343322754,0.0022906669678999236,0.09418106486142602
2014-03-06,152.8528289794922,2.736999988555908,14.210000038146973,0.0004248623115683525,0.09267193127897283
2014-03-07,152.9177703857422,2.7899999618530273,14.109999656677246,-0.0005313512716856872,0.08600135263874821
2014-03-10,152.83651733398438,2.7839999198913574,14.199999809265137,-0.0049422471025710735,0.0791731230699185
2014-03-11,152.08116149902344,2.7660000324249268,14.800000190734863,0.00026688630272264646,0.0832727071304454
2014-03-12,152.1217498779297,2.7260000705718994,14.470000267028809,-0.011212954454563273,0.07636990326311308
2014-03-13,150.416015625,2.6530001163482666,16.219999313354492,-0.0028081703738329633,0.08863007487530201
2014-03-14,149.99362182617188,2.6449999809265137,17.81999969482422,0.00904355674303381,0.0880138298201331
2014-03-17,151.35009765625,2.6989998817443848,15.640000343322754,0.0071382051199329055,0.09151839190454635
2014-03-18,152.4304656982422,2.680999994277954,14.520000457763672,-0.005328997927161461,0.09438332110754755
2014-03-19,151.6181640625,2.7720000743865967,15.119999885559082,0.005839209343218021,0.09311305901675536
2014-03-20,152.5034942626953,2.7750000953674316,14.520000457763672,-0.0038780449466599975,0.09307008002883961
2014-03-21,151.91207885742188,2.75,15.0,-0.004135616646125717,0.09440219789951025
2014-03-24,151.28382873535156,2.7330000400543213,15.09000015258789,0.004745758677384471,0.09428514071452361
2014-03-25,152.0017852783203,2.734999895095825,14.020000457763672,-0.007192426830699428,0.09548710176252126
2014-03-26,150.9085235595703,2.7009999752044678,14.930000305175781,-0.00210840489341646,0.0994526994335976
2014-03-27,150.59034729003906,2.671999931335449,14.619999885559082,0.0049301409684319175,0.09798784767404954
2014-03-28,151.33277893066406,2.7119998931884766,14.40999984741211,0.008194503891761684,0.09920429553642088
2014-03-31,152.5728759765625,2.7230000495910645,13.880000114440918,0.006630852475883575,0.09956421183657098
2014-04-01,153.58456420898438,2.759000062942505,13.100000381469727,0.003346541063084185,0.08940920883951874
2014-04-02,154.09854125976562,2.802999973297119,13.09000015258789,-0.0013237941729291602,0.09000514951497103
2014-04-03,153.89454650878906,2.7899999618530273,13.369999885559082,-0.011821964967394738,0.08998482779266845
2014-04-04,152.07521057128906,2.7260000705718994,13.960000038146973,-0.01105173271675508,0.09982162849700453
2014-04-07,150.39451599121094,2.694999933242798,15.569999694824219,0.004123067026979399,0.10693620517765794
2014-04-08,151.0146026611328,2.680999994277954,14.890000343322754,0.010750949818291389,0.10710159657318251
2014-04-09,152.63815307617188,2.684000015258789,13.819999694824219,-0.021006080597051335,0.11411280252239453
2014-04-10,149.43182373046875,2.628000020980835,15.890000343322754,-0.009008630918465155,0.13112358851780548
2014-04-11,148.0856475830078,2.61899995803833,17.030000686645508,0.007878667165519104,0.13450302481729387
2014-04-14,149.2523651123047,2.6389999389648438,16.110000610351562,0.006887253290760009,0.13345410792546641
2014-04-15,150.28030395507812,2.628000020980835,15.609999656677246,0.01047826276783792,0.1332623548843599
2014-04-16,151.85498046875,2.63700008392334,14.180000305175781,0.0013965077058124553,0.13768207295577153
2014-04-17,152.06704711914062,2.7209999561309814,13.359999656677246,0.0034872032194692704,0.1361261576415403
2014-04-21,152.5973358154297,2.7209999561309814,13.25,0.004544418700482389,0.13593129819211594
2014-04-22,153.29080200195312,2.7260000705718994,13.1899995803833,-0.0023418122078832093,0.13570018321696656
2014-04-23,152.93182373046875,2.686000108718872,13.270000457763672,0.002027130847070735,0.13522475565336609
2014-04-24,153.24183654785156,2.687999963760376,13.319999694824219,-0.008198563416764726,0.13234303823129245
2014-04-25,151.9854736328125,2.6659998893737793,14.0600004196167,0.0031667021400489936,0.1358380324565889
2014-04-28,152.46676635742188,2.677000045776367,13.970000267028809,0.004655595611796626,0.13521738842910674
2014-04-29,153.1765899658203,2.694999933242798,13.710000038146973,0.002982891705511026,0.13308113566670274
2014-04-30,153.6334991455078,2.6480000019073486,13.40999984741211,0.00010617245326405289,0.13137341116598045
2014-05-01,153.64981079101562,2.6059999465942383,13.25,-0.0014334242274316455,0.1307967927378349
2014-05-02,153.4295654296875,2.5910000801086426,12.90999984741211,0.0019139426921104263,0.1308108267192568
2014-05-05,153.7232208251953,2.6110000610351562,13.289999961853027,-0.008703739823840762,0.1233880224087913
2014-05-06,152.38525390625,2.5950000286102295,13.800000190734863,0.005889120752359034,0.12070772375390933
2014-05-07,153.2826690673828,2.5899999141693115,13.399999618530273,-0.0010646523185977586,0.12153477202291958
2014-05-08,153.11947631835938,2.6019999980926514,13.430000305175781,0.0014922014685239127,0.11576973442869884
2014-05-09,153.34796142578125,2.622999906539917,12.920000076293945,0.009735804013050187,0.0844685033015795
2014-05-12,154.84092712402344,2.6559998989105225,12.229999542236328,0.0008955763671507633,0.08020262535122089
2014-05-13,154.97959899902344,2.618000030517578,12.130000114440918,-0.0047374438833394095,0.07748111299439349
2014-05-14,154.24539184570312,2.5429999828338623,12.170000076293945,-0.008780026088609838,0.07852928551324755
2014-05-15,152.89111328125,2.502000093460083,13.170000076293945,0.003467908572085454,0.07847728876330431
2014-05-16,153.42132568359375,2.5179998874664307,12.4399995803833,0.0036695568803197798,0.07918432572481521
2014-05-19,153.98431396484375,2.5360000133514404,12.420000076293945,-0.006305296449017228,0.07927952131836043
2014-05-20,153.01339721679688,2.509000062942505,12.960000038146973,0.00842460714052784,0.0812047868698883
2014-05-21,154.30247497558594,2.5369999408721924,11.90999984741211,0.0024321704305232394,0.08607124967941855
2014-05-22,154.67776489257812,2.555000066757202,12.029999732971191,0.0040088933942930005,0.08618098709432388
2014-05-23,155.2978515625,2.5360000133514404,11.359999656677246,0.006146340984122034,0.08058790165661729
2014-05-27,156.2523651123047,2.5179998874664307,11.510000228881836,-0.0007308483123545928,0.08228213959499071
2014-05-28,156.13816833496094,2.437999963760376,11.680000305175781,0.005172745219698793,0.08153445939139847
2014-05-29,156.94583129882812,2.447000026702881,11.569999694824219,0.0016117675951294874,0.08261470125829931
2014-05-30,157.19879150390625,2.4570000171661377,11.399999618530273,0.0011416030393567311,0.08255215875736167
2014-06-02,157.3782501220703,2.5339999198913574,11.579999923706055,-0.0005186184408074723,0.08198526645106124
2014-06-03,157.296630859375,2.5929999351501465,11.869999885559082,0.0020230696878875687,0.08219181880927261
2014-06-04,157.61485290527344,2.6059999465942383,12.079999923706055,0.0065221303715483625,0.073470901144952
2014-06-05,158.64283752441406,2.5840001106262207,11.680000305175781,0.004782617603060535,0.07398232783975538
2014-06-06,159.4015655517578,2.5969998836517334,10.729999542236328,0.0010237838534306043,0.07396390372436559
2014-06-09,159.56475830078125,2.61299991607666,11.149999618530273,0.00010270400323753037,0.0740271288710368
2014-06-10,159.58114624023438,2.634999990463257,10.989999771118164,-0.0034768523786348204,0.06835454348977571
2014-06-11,159.02630615234375,2.640000104904175,11.600000381469727,-0.007080058353774121,0.07060725422705602
2014-06-12,157.900390625,2.5859999656677246,12.5600004196167,0.0030484646545858585,0.07368611766517338
2014-06-13,158.38174438476562,2.6040000915527344,12.180000305175781,0.0008239154365259349,0.06377170654360385
2014-06-16,158.51223754882812,2.5969998836517334,12.649999618530273,0.002779676823583044,0.06353002239014056
2014-06-17,158.95285034179688,2.6549999713897705,12.0600004196167,0.007339734710142043,0.06323100605399473
2014-06-18,160.11952209472656,2.61299991607666,10.609999656677246,0.0011209697193326207,0.05902532977508972
2014-06-19,160.29901123046875,2.621999979019165,10.619999885559082,0.0020303928776901348,0.05445595221757239
2014-06-20,160.62448120117188,2.624000072479248,10.850000381469727,-0.0003059842385343403,0.05442388363914612
2014-06-23,160.57533264160156,2.622999906539917,10.979999542236328,-0.006024441569388084,0.05435474838758629
2014-06-24,159.6079559326172,2.5859999656677246,12.130000114440918,0.004520047529332327,0.05812250198763261
2014-06-25,160.3293914794922,2.559000015258789,11.59000015258789,-0.0007158800408895161,0.05894818718525763
2014-06-26,160.21461486816406,2.5250000953674316,11.630000114440918,0.0019439371608573897,0.0575486665411218
2014-06-27,160.52606201171875,2.5320000648498535,11.260000228881836,-0.0005108250423279115,0.057604684621686275
2014-06-30,160.44406127929688,2.5160000324249268,11.569999694824219,0.006693573344091375,0.05786939599203698
2014-07-01,161.51800537109375,2.562999963760376,11.149999618530273,0.0010152812726849092,0.060985225468091826
2014-07-02,161.68199157714844,2.628000020980835,10.819999694824219,0.004917803346567551,0.060938672090658015
2014-07-03,162.47711181640625,2.6480000019073486,10.319999694824219,-0.003481466177064463,0.05935431184966355
2014-07-07,161.9114532470703,2.617000102996826,11.329999923706055,-0.0064296309057302325,0.059986687496061585
2014-07-08,160.87042236328125,2.565000057220459,11.979999542236328,0.004484006342145852,0.06520586953996832
2014-07-09,161.59176635742188,2.546999931335449,11.649999618530273,-0.00395691136552534,0.06676310076752691
2014-07-10,160.95236206054688,2.5320000648498535,12.59000015258789,0.00137521432619514,0.06717567894964804
2014-07-11,161.1737060546875,2.5199999809265137,12.079999923706055,0.005035275138506545,0.06073255455625937
2014-07-14,161.98526000976562,2.5490000247955322,11.819999694824219,-0.0018721977085995878,0.06200306780906697
2014-07-15,161.68199157714844,2.5490000247955322,11.960000038146973,0.0037009280207958017,0.06291308486898464
2014-07-16,162.28036499023438,2.5380001068115234,11.0,-0.011365647266258883,0.06334264918079827
2014-07-17,160.43594360351562,2.4749999046325684,14.539999961853027,0.0102186254378549,0.07278096708771652
2014-07-18,162.07537841796875,2.4839999675750732,12.0600004196167,-0.0018711567147176034,0.08114321036776911
2014-07-21,161.77210998535156,2.4739999771118164,12.8100004196167,0.004357993668491655,0.08138928404454607
2014-07-22,162.47711181640625,2.4660000801086426,12.239999771118164,0.0022201143866040773,0.08255210536232951
2014-07-23,162.83782958984375,2.4639999866485596,11.520000457763672,5.041352206847094e-05,0.07888078655314945
2014-07-24,162.84603881835938,2.509000062942505,11.84000015258789,-0.004681662153103616,0.07783446494055209
2014-07-25,162.08364868164062,2.4690001010894775,12.6899995803833,0.0004044316520863678,0.08009265997127896
2014-07-28,162.14920043945312,2.490999937057495,12.5600004196167,-0.004297231196025875,0.07993431699744984
2014-07-29,161.45240783691406,2.4619998931884766,13.279999732971191,0.00015253836023143563,0.08168961855607898
2014-07-30,161.47703552246094,2.553999900817871,13.329999923706055,-0.01974843702737683,0.07815006219531587
2014-07-31,158.28811645507812,2.555999994277954,16.950000762939453,-0.003055264484646991,0.10478479225973064
2014-08-01,157.80450439453125,2.505000114440918,17.030000686645508,0.0072205468330890366,0.10257152408012733
2014-08-04,158.94393920898438,2.490999937057495,15.119999885559082,-0.00969610859641623,0.10669548234892196
2014-08-05,157.40280151367188,2.4830000400543213,16.8700008392334,0.0003122470445104941,0.10953193255163697
2014-08-06,157.4519500732422,2.4739999771118164,16.3700008392334,-0.005414404486735913,0.10771412510097686
2014-08-07,156.5994415283203,2.4240000247955322,16.65999984741211,0.011568658803198018,0.10831802148276104
2014-08-08,158.4110870361328,2.4149999618530273,15.770000457763672,0.0028981964198488974,0.11738088201255414
2014-08-11,158.8701934814453,2.4200000762939453,14.229999542236328,-0.0013932380221245433,0.11620183720539771
2014-08-12,158.6488494873047,2.441999912261963,14.130000114440918,0.006769122988847576,0.1161635731110555
2014-08-13,159.72276306152344,2.4130001068115234,12.899999618530273,0.004721143575441511,0.11827405728204272
2014-08-14,160.47683715820312,2.4000000953674316,12.420000076293945,-0.0002042405588660312,0.11281387706787524
2014-08-15,160.44406127929688,2.3450000286102295,13.149999618530273,0.00837928258116949,0.10621073394896899
2014-08-18,161.78846740722656,2.38700008392334,12.319999694824219,0.005219292822604693,0.11057816395644736
2014-08-19,162.6328887939453,2.4049999713897705,12.210000038146973,0.002671343080783206,0.11106664919151787
2014-08-20,163.0673370361328,2.4260001182556152,11.779999732971191,0.002916032432965565,0.11119391380119263
2014-08-21,163.5428466796875,2.4070000648498535,11.760000228881836,-0.0015542159951572598,0.11164342523521499
2014-08-22,163.28866577148438,2.4030001163482666,11.470000267028809,0.005070418639404606,0.11036047429023033
2014-08-25,164.11660766601562,2.38700008392334,11.699999809265137,0.0006496183457354032,0.1116024608482256
2014-08-26,164.2232208251953,2.3910000324249268,11.630000114440918,-0.00039934836901311943,0.11007865493489544
2014-08-27,164.1576385498047,2.3610000610351562,11.779999732971191,-0.0005493466168009498,0.1101440496550555
2014-08-28,164.0674591064453,2.3340001106262207,12.050000190734863,0.0028480351923885205,0.07929379693248324
2014-08-29,164.53472900390625,2.3429999351501465,12.09000015258789,-0.0004982867393963364,0.07723527533967234
2014-09-02,164.45274353027344,2.4189999103546143,12.25,-0.0005484536178128607,0.0752854274590313
2014-09-03,164.362548828125,2.4100000858306885,12.359999656677246,-0.0014465731571278173,0.06287399876564485
2014-09-04,164.12478637695312,2.447999954223633,12.640000343322754,0.0044957820143058935,0.06386654031298555
2014-09-05,164.86265563964844,2.4609999656677246,12.09000015258789,-0.0025860667083223987,0.05783523760347704
2014-09-08,164.43630981445312,2.4690001010894775,12.65999984741211,-0.006330999179882002,0.04994652753308361
2014-09-09,163.395263671875,2.5,13.5,0.0037625118226358722,0.0575924962197511
2014-09-10,164.01004028320312,2.5339999198913574,12.880000114440918,0.0011498282281852124,0.0571685752685279
2014-09-11,164.19862365722656,2.5309998989105225,12.800000190734863,-0.005841321574612479,0.053906651112219484
2014-09-12,163.23948669433594,2.614000082015991,13.3100004196167,-0.0007532204661722108,0.058119222453716396
2014-09-15,163.1165313720703,2.5910000801086426,14.119999885559082,0.007538350075608102,0.058285004098092716
2014-09-16,164.34616088867188,2.5889999866485596,12.729999542236328,0.0013466300360518435,0.056900895797117525
2014-09-17,164.56747436523438,2.5999999046325684,12.649999618530273,0.005329948909114757,0.05451366169213455
2014-09-18,165.44461059570312,2.628999948501587,12.029999732971191,-0.0009008005291730736,0.0566311296512415
2014-09-19,165.2955780029297,2.5869998931884766,12.109999656677246,-0.007722741585725057,0.05629664950668665
2014-09-22,164.01904296875,2.565999984741211,13.6899995803833,-0.005724730657823085,0.063176588438069
2014-09-23,163.080078125,2.5350000858306885,14.930000305175781,0.007828219127633318,0.06382589372596158
2014-09-24,164.35670471191406,2.569000005722046,13.270000457763672,-0.01613540673574476,0.07004002387931446
2014-09-25,161.70474243164062,2.510999917984009,15.640000343322754,0.007945189244010997,0.09062656549800245
2014-09-26,162.98951721191406,2.5350000858306885,14.850000381469727,-0.001818908465811675,0.09573203609078057
2014-09-29,162.69305419921875,2.490999937057495,15.979999542236328,-0.0026323707224327197,0.09512006928113931
2014-09-30,162.26478576660156,2.507999897003174,16.309999465942383,-0.013552143394157667,0.09540721281181688
2014-10-01,160.0657501220703,2.4030001163482666,16.709999084472656,0.00015443177733143187,0.10581748138436671
2014-10-02,160.09046936035156,2.437999963760376,16.15999984741211,0.011009190226664245,0.10594109113920439
2014-10-03,161.85293579101562,2.447000026702881,14.550000190734863,-0.001169866413304077,0.1128983193287326
2014-10-06,161.66358947753906,2.424999952316284,15.460000038146973,-0.015436651144879243,0.1127290486452296
2014-10-07,159.1680450439453,2.3499999046325684,17.200000762939453,0.017489392677014326,0.12280975828538386
2014-10-08,161.95179748535156,2.3299999237060547,15.109999656677246,-0.01983309642194553,0.138899071486032
2014-10-09,158.7397918701172,2.3269999027252197,18.760000228881836,-0.011414596568680824,0.15449735474505036
2014-10-10,156.92784118652344,2.306999921798706,21.239999771118164,-0.01642678446812229,0.157738176768696
2014-10-13,154.3500213623047,2.2860000133514404,24.639999389648438,0.0015468366661286481,0.16580243683318802
2014-10-14,154.58877563476562,2.2060000896453857,22.790000915527344,-0.006765780322629311,0.16221759827737606
2014-10-15,153.54286193847656,2.0899999141693115,25.270000457763672,-0.0008578312630402873,0.16188618331138216
2014-10-16,153.41114807128906,2.1530001163482666,25.200000762939453,0.011810379459701092,0.15891744629290414
2014-10-17,155.22299194335938,2.1989998817443848,21.989999771118164,0.009710112188570763,0.1680520135186014
2014-10-20,156.730224609375,2.180999994277954,18.56999969482422,0.01981069509803457,0.17299194968017106
2014-10-21,159.8351593017578,2.2079999446868896,16.079999923706055,-0.007110959978165021,0.18911352331139128
2014-10-22,158.69857788085938,2.2290000915527344,17.8700008392334,0.01162495541066888,0.1873566328670096
2014-10-23,160.54344177246094,2.2750000953674316,16.530000686645508,0.007695001841489413,0.18485331141008002
2014-10-24,161.77882385253906,2.2730000019073486,16.110000610351562,-0.0013745082805800557,0.18470745270125719
2014-10-27,161.55645751953125,2.256999969482422,16.040000915527344,0.011470410560719069,0.1846659826457871
2014-10-28,163.40957641601562,2.2839999198913574,14.390000343322754,-0.0015120629813030195,0.1890233359968452
2014-10-29,163.16249084472656,2.322999954223633,15.149999618530273,0.006410632284602258,0.18191834877948845
2014-10-30,164.20846557617188,2.305000066757202,14.520000457763672,0.011435231638220689,0.18287603954757328
2014-10-31,166.0862274169922,2.3350000381469727,14.029999732971191,0.0005457237992629871,0.18318099726211776
2014-11-03,166.17686462402344,2.3480000495910645,14.729999542236328,-0.003469516325458555,0.18296845881750362
2014-11-04,165.60031127929688,2.3420000076293945,14.890000343322754,0.006316352802442804,0.17298632628771773
2014-11-05,166.64630126953125,2.3499999046325684,14.170000076293945,0.004003449396099201,0.16406734842348455
2014-11-06,167.31346130371094,2.375,13.670000076293945,0.0009352438268663832,0.14352923160480965
2014-11-07,167.46994018554688,2.312000036239624,13.119999885559082,0.0031471548411843298,0.1338190493196569
2014-11-10,167.9969940185547,2.3589999675750732,12.670000076293945,0.0009804855669708346,0.11179318381399882
2014-11-11,168.16171264648438,2.359999895095825,12.920000076293945,-0.0010776137805351693,0.11199395831533347
2014-11-12,167.98049926757812,2.3589999675750732,13.020000457763672,0.0011279189228223796,0.10625283249386513
2014-11-13,168.1699676513672,2.3469998836517334,13.789999961853027,0.0002446197492158575,0.10514669586628465
2014-11-14,168.2111053466797,2.319999933242798,13.3100004196167,0.0006365270748973639,0.10264753122791982
2014-11-17,168.31817626953125,2.3399999141693115,13.989999771118164,0.0057740528877969766,0.10104704058363799
2014-11-18,169.29005432128906,2.322000026702881,13.859999656677246,-0.0016055568690082067,0.08157308626853574
2014-11-19,169.01824951171875,2.3510000705718994,13.960000038146973,0.0017540296006601785,0.07466943286310579
2014-11-20,169.31471252441406,2.3350000381469727,13.579999923706055,0.005350746367520642,0.06773603159944931
2014-11-21,170.22067260742188,2.315000057220459,12.899999618530273,0.002806577012297584,0.06591701984081612
2014-11-24,170.6984100341797,2.309999942779541,12.619999885559082,-0.0007237935901941439,0.0642614979082785
2014-11-25,170.57485961914062,2.259999990463257,12.25,0.002558952244759105,0.056451864347577645
2014-11-26,171.0113525390625,2.2339999675750732,12.069999694824219,-0.0021193140246622555,0.054769874655004144
2014-11-28,170.64892578125,2.194000005722046,13.329999923706055,-0.0069497895498856765,0.05476709236260575
2014-12-01,169.46295166015625,2.2179999351501465,14.15999984741211,0.006463937624640703,0.05121806126221773
2014-12-02,170.558349609375,2.2850000858306885,12.850000381469727,0.0038631340653614288,0.0546940352126764
2014-12-03,171.2172393798828,2.2869999408721924,12.5,-0.0011062399400831868,0.05234213434505581
2014-12-04,171.02783203125,2.256999969482422,12.380000114440918,0.00163715329821712,0.050198735010996004
2014-12-05,171.30783081054688,2.306999921798706,11.890000343322754,-0.006682474037640218,0.04920339685880965
2014-12-08,170.16307067871094,2.256999969482422,14.210000038146973,-0.0006779170407091861,0.0565914997169883
2014-12-09,170.04771423339844,2.2200000286102295,15.350000381469727,-0.01603114144903639,0.05611777669342154
2014-12-10,167.3216552734375,2.1689999103546143,18.530000686645508,0.005069949711789423,0.08142269095335608
2014-12-11,168.1699676513672,2.177999973297119,20.079999923706055,-0.016161689298983872,0.08347988882463585
2014-12-12,165.45205688476562,2.1029999256134033,21.079999923706055,-0.006869274797368208,0.10124241209758059
2014-12-15,164.31552124023438,2.115999937057495,20.420000076293945,-0.008019718845062473,0.10339978346226159
2014-12-16,162.9977569580078,2.071000099182129,23.56999969482422,0.019604818136602864,0.10594943177201996
2014-12-17,166.19329833984375,2.1480000019073486,19.440000534057617,0.024728590100814962,0.12780782692344647
2014-12-18,170.3030242919922,2.2039999961853027,16.809999465942383,0.004255271871759669,0.15676174112585153
2014-12-19,171.0277099609375,2.1760001182556152,16.489999771118164,0.004600002569485007,0.15729355580838866
2014-12-22,171.81443786621094,2.1619999408721924,15.25,0.001349463425100783,0.15701196688643412
2014-12-23,172.04629516601562,2.256999969482422,14.800000190734863,9.61399798105056e-05,0.15681464775102516
2014-12-24,172.06283569335938,2.2639999389648438,14.369999885559082,0.003224991154021195,0.15676097499260047
2014-12-26,172.61773681640625,2.25,14.5,0.0013432719190402675,0.1568958700689543
2014-12-29,172.849609375,2.2070000171661377,15.0600004196167,-0.005366232951784733,0.1566062950757392
2014-12-30,171.92205810546875,2.190000057220459,15.920000076293945,-0.009922886880048165,0.15568025202912608
2014-12-31,170.21609497070312,2.1700000762939453,19.200000762939453,-0.0005351724860025442,0.1585655912946343
2015-01-02,170.125,2.122999906539917,17.790000915527344,-0.018059679377525728,0.1578919513769711
2015-01-05,167.05259704589844,2.0390000343322754,19.920000076293945,-0.009418741886044746,0.17007644667773725
2015-01-06,165.4791717529297,1.9630000591278076,21.1200008392334,0.012460945723234529,0.17221292762216542
2015-01-07,167.54119873046875,1.9539999961853027,19.309999465942383,0.01774493214013151,0.17813282586796522
2015-01-08,170.5142059326172,2.0160000324249268,17.010000228881836,-0.008013373639429888,0.18980672242257052
2015-01-09,169.14781188964844,1.9709999561309814,17.549999237060547,-0.007833818406424164,0.18271155111972973
2015-01-12,167.82273864746094,1.9119999408721924,19.600000381469727,-0.0028125829947925896,0.1842644718573126
2015-01-13,167.35072326660156,1.8899999856948853,20.559999465942383,-0.006037020114981528,0.17461336550607112
2015-01-14,166.34042358398438,1.8370000123977661,21.479999542236328,-0.009160754061493304,0.17416384077429584
2015-01-15,164.81661987304688,1.774999976158142,22.389999389648438,0.013114106642625467,0.17496413210393474
2015-01-16,166.97804260253906,1.815000057220459,20.950000762939453,0.002132490571889578,0.16695288370742956
2015-01-20,167.33412170410156,1.8070000410079956,19.889999389648438,0.005048416487110741,0.14020366418536673
2015-01-21,168.17889404296875,1.8530000448226929,18.850000381469727,0.014870839280652914,0.1406137794121322
2015-01-22,170.6798553466797,1.8960000276565552,16.399999618530273,-0.0054829055913031555,0.15024395786420167
2015-01-23,169.74403381347656,1.8170000314712524,16.65999984741211,0.002341800798159266,0.1512102113908303
2015-01-26,170.14154052734375,1.8279999494552612,15.520000457763672,-0.01319029386938364,0.15156301065007663
2015-01-27,167.89732360839844,1.8250000476837158,17.219999313354492,-0.012824403255054184,0.1572790363036641
2015-01-28,165.744140625,1.7239999771118164,20.440000534057617,0.00924370072824976,0.16204266965076206
2015-01-29,167.27622985839844,1.7510000467300415,18.760000228881836,-0.012575101834735647,0.16631602948995236
2015-01-30,165.17271423339844,1.6749999523162842,20.969999313354492,0.012384201809943374,0.16838980678461504
2015-02-02,167.21824645996094,1.6729999780654907,19.43000030517578,0.014460870084949784,0.17541801818665467
2015-02-03,169.63636779785156,1.7799999713897705,17.329999923706055,-0.0038079427457539117,0.17091195977096613
2015-02-04,168.9904022216797,1.7970000505447388,18.329999923706055,0.010095210319138959,0.16758070164281882
2015-02-05,170.69639587402344,1.815000057220459,16.850000381469727,-0.002765233433561942,0.16565344433678275
2015-02-06,170.22438049316406,1.937999963760376,17.290000915527344,-0.004475867988248283,0.15369784676616086
2015-02-09,169.4624786376953,1.9479999542236328,18.549999237060547,0.010653713303378609,0.15176482384470794
2015-02-10,171.26788330078125,1.9910000562667847,17.229999542236328,0.0005799961725598823,0.1530702888589297
2015-02-11,171.36721801757812,1.9880000352859497,16.959999084472656,0.009616567839538792,0.1524039720615933
2015-02-12,173.0151824951172,1.9859999418258667,15.34000015258789,0.004116424750829628,0.1526328570671965
2015-02-13,173.72738647460938,2.0209999084472656,14.6899995803833,0.001572979706111255,0.14691029565871688
2015-02-17,174.0006561279297,2.1449999809265137,15.800000190734863,9.558630667405588e-05,0.1416531662337525
2015-02-18,174.0172882080078,2.065999984741211,15.449999809265137,-0.0007140228457497289,0.14183133950610813
2015-02-19,173.89303588867188,2.11299991607666,15.289999961853027,0.006000831501298487,0.14166239595422223
2015-02-20,174.93653869628906,2.132999897003174,14.300000190734863,-0.00014191460508883313,0.13402583200638826
2015-02-23,174.91171264648438,2.059000015258789,14.5600004196167,0.0028405269329689897,0.1317806770308682
2015-02-24,175.40855407714844,1.9880000352859497,13.6899995803833,-0.0008497182611569842,0.13183313708155087
2015-02-25,175.25950622558594,1.968999981880188,13.84000015258789,-0.0011817193167183992,0.12029496293555539
2015-02-26,175.05239868164062,2.0160000324249268,13.90999984741211,-0.003406136938978066,0.10745397698949408
2015-02-27,174.45614624023438,2.002000093460083,13.34000015258789,0.00631365367293979,0.10670569665010743
2015-03-02,175.55760192871094,2.0840001106262207,13.039999961853027,-0.004103919370330833,0.09228295528487265
2015-03-03,174.83712768554688,2.121999979019165,13.859999656677246,-0.004215436276403306,0.08869921063796136
2015-03-04,174.10011291503906,2.122999906539917,14.229999542236328,0.00109396945176643,0.07880719906604836
2015-03-05,174.2905731201172,2.111999988555908,14.039999961853027,-0.014064584326091034,0.0764702496474167
2015-03-06,171.83924865722656,2.240000009536743,15.199999809265137,0.004144594352323061,0.08791992905173081
2015-03-09,172.55145263671875,2.194999933242798,15.0600004196167,-0.01622166735111774,0.08809555129212465
2015-03-10,169.75238037109375,2.125999927520752,16.690000534057617,-0.0023421350966822407,0.10540346531051988
2015-03-11,169.35479736328125,2.1089999675750732,16.8700008392334,0.01271421615744206,0.09798961269604851
2015-03-12,171.5080108642578,2.0959999561309814,15.420000076293945,-0.0061322342298884,0.10871404485293595
2015-03-13,170.45628356933594,2.111999988555908,16.0,0.013360190915370884,0.10465633388948664
2015-03-16,172.73361206054688,2.0980000495910645,15.609999656677246,-0.0029723672668584555,0.11496294499184524
2015-03-17,172.22018432617188,2.058000087738037,15.65999984741211,0.01202175460469923,0.11513283424866225
2015-03-18,174.2905731201172,1.9509999752044678,13.970000267028809,-0.004561425288253984,0.12342076736904604
2015-03-19,173.4955596923828,1.9769999980926514,14.069999694824219,0.008826314037433836,0.12451107847394391
2015-03-20,175.02688598632812,1.9299999475479126,13.020000457763672,-0.0019481172762066956,0.12672704122914727
2015-03-23,174.6859130859375,1.9149999618530273,13.40999984741211,-0.005619216129395199,0.12692649834269754
2015-03-24,173.70431518554688,1.878000020980835,13.619999885559082,-0.01465387127032014,0.12793347966644483
2015-03-25,171.15887451171875,1.9199999570846558,15.4399995803833,-0.002381549260466298,0.13751979383733448
2015-03-26,170.75125122070312,2.006999969482422,15.800000190734863,0.002290007983661635,0.13758969663541037
2015-03-27,171.14227294921875,1.9479999542236328,15.069999694824219,0.012199825605965664,0.13786776502824127
2015-03-30,173.2301788330078,1.9630000591278076,14.510000228881836,-0.008739419912932589,0.14343615014460723
2015-03-31,171.71624755859375,1.934000015258789,15.289999961853027,-0.0035363807266584057,0.14584940912635164
2015-04-01,171.10899353027344,1.8680000305175781,15.109999656677246,0.003597353581957341,0.14566200706628538
2015-04-02,171.7245330810547,1.9040000438690186,14.670000076293945,0.0067336115183933565,0.14636901053808482
2015-04-06,172.880859375,1.9040000438690186,14.739999771118164,-0.0026466206292719008,0.13964772509897658
2015-04-07,172.42330932617188,1.8930000066757202,14.779999732971191,0.003377364858945242,0.13927325582435332
2015-04-08,173.00564575195312,1.8949999809265137,13.979999542236328,0.004423052261499194,0.12571315825694973
2015-04-09,173.77085876464844,1.9579999446868896,13.09000015258789,0.005457205134381082,0.12563602376384397
2015-04-10,174.7191619873047,1.9509999752044678,12.579999923706055,-0.0045226387386636535,0.11939060044476721
2015-04-13,173.92897033691406,1.9390000104904175,13.9399995803833,0.0019127772520313169,0.11825467475366606
2015-04-14,174.26165771484375,1.9040000438690186,13.670000076293945,0.004487053531869067,0.1090538913359816
2015-04-15,175.0435791015625,1.899999976158142,12.84000015258789,-0.0002851375599128847,0.10915180370246061
2015-04-16,174.99366760253906,1.878000020980835,12.600000381469727,-0.011503450573031815,0.10085036992653387
2015-04-17,172.9806365966797,1.850000023841858,13.890000343322754,0.009136627230778238,0.10797494420139041
2015-04-20,174.56109619140625,1.8949999809265137,13.300000190734863,-0.0011910801679295702,0.10832126947732641
2015-04-21,174.35317993164062,1.9160000085830688,13.25,0.004914054370532828,0.10818423258043669
2015-04-22,175.2099609375,1.972000002861023,12.710000038146973,0.0025159023771701428,0.10748114368772278
2015-04-23,175.65077209472656,1.9470000267028809,12.479999542236328,0.0023208199072071167,0.0915753964122478
2015-04-24,176.0584259033203,1.9170000553131104,12.289999961853027,-0.004157333510137917,0.09057569419747565
2015-04-27,175.3264923095703,1.9240000247955322,13.119999885559082,0.003178100427694952,0.09273969714293741
2015-04-28,175.88369750976562,1.9730000495910645,12.40999984741211,-0.004114615839345026,0.08366413816674954
2015-04-29,175.16000366210938,2.0350000858306885,13.390000343322754,-0.010020048285233063,0.0781161955915274
2015-04-30,173.40489196777344,2.0460000038146973,14.550000190734863,0.01084117817407071,0.0860979185527685
2015-05-01,175.28480529785156,2.117000102996826,12.699999809265137,0.0028474515482745932,0.09292180424647219
2015-05-04,175.78392028808594,2.134999990463257,12.850000381469727,-0.011451909367696245,0.09076405658104249
2015-05-05,173.77085876464844,2.1760001182556152,14.3100004196167,-0.004116963743410196,0.1001568806365605
2015-05-06,173.05545043945312,2.240000009536743,15.149999618530273,0.003990085141449606,0.1007414117807588
2015-05-07,173.74595642089844,2.184000015258789,15.130000114440918,0.013165809153993457,0.10050263948407487
2015-05-08,176.03346252441406,2.1500000953674316,12.859999656677246,-0.004772579343405581,0.1093753395927611
2015-05-11,175.19332885742188,2.2739999294281006,13.850000381469727,-0.002991428797880391,0.10952794836643918
2015-05-12,174.66925048828125,2.259999990463257,13.859999656677246,0.00019052820603682186,0.11000293870887995
2015-05-13,174.70252990722656,2.2820000648498535,13.760000228881836,0.010427619842427127,0.10880148728469859
2015-05-14,176.52426147460938,2.239000082015991,12.739999771118164,0.0010838734259890348,0.11499618039627123
2015-05-15,176.71559143066406,2.1410000324249268,12.380000114440918,0.003106491338184858,0.10595181921292843
2015-05-18,177.26455688476562,2.2279999256134033,12.729999542236328,-0.0003282199426540844,0.10196473920851616
2015-05-19,177.2063751220703,2.26200008392334,12.850000381469727,-0.0007041867250383582,0.10178842809893719
2015-05-20,177.0815887451172,2.250999927520752,12.880000114440918,0.0029123965691641995,0.10074800996219403
2015-05-21,177.59732055664062,2.184999942779541,12.109999656677246,-0.0023886035746314427,0.10086036488414897
2015-05-22,177.17311096191406,2.2149999141693115,12.130000114440918,-0.010751844531025512,0.10116120683681255
2015-05-26,175.26817321777344,2.13700008392334,14.0600004196167,0.009492202718438092,0.10755160577455727
2015-05-27,176.93185424804688,2.134999990463257,13.270000457763672,-0.0011286366341980436,0.11225470693674972
2015-05-28,176.73216247558594,2.130000114440918,13.3100004196167,-0.00621274547869044,0.111185164189312
2015-05-29,175.63417053222656,2.0950000286102295,13.84000015258789,0.002036947407644263,0.10716967633512532
2015-06-01,175.99192810058594,2.191999912261963,13.970000267028809,-0.0009926470938866894,0.10042108190175024
2015-06-02,175.81723022460938,2.2660000324249268,14.239999771118164,0.002649631264711516,0.10001293897443723
2015-06-03,176.2830810546875,2.365999937057495,13.65999984741211,-0.008446805681834757,0.09063017557934647
2015-06-04,174.79405212402344,2.306999921798706,14.710000038146973,-0.0017133549413751448,0.0949059186829542
2015-06-05,174.49456787109375,2.4019999504089355,14.210000038146973,-0.0061498769290070365,0.09429495373497158
2015-06-08,173.42144775390625,2.38100004196167,15.289999961853027,-0.0001434183977472303,0.08345930051123235
2015-06-09,173.39657592773438,2.4170000553131104,14.470000267028809,0.011993081841700004,0.0820947856133483
2015-06-10,175.47613525390625,2.4779999256134033,13.220000267028809,0.003223651052643106,0.09262523489077176
2015-06-11,176.04180908203125,2.382999897003174,12.850000381469727,-0.007654885865361338,0.09322466899029261
2015-06-12,174.69422912597656,2.384999990463257,13.779999732971191,-0.0042855292376179355,0.08944301213500892
2015-06-15,173.94557189941406,2.3580000400543213,15.390000343322754,0.005451460683560283,0.09020472176870226
2015-06-16,174.89382934570312,2.318000078201294,14.8100004196167,0.001617453808907765,0.09191070251063128
2015-06-17,175.1767120361328,2.305999994277954,14.5,0.010399219329044973,0.0922618491070516
2015-06-18,176.9984130859375,2.3510000705718994,13.1899995803833,-0.004439140506948047,0.10011551746426404
2015-06-19,176.2126922607422,2.2669999599456787,13.960000038146973,0.005123016208048448,0.1006739338315634
2015-06-22,177.1154327392578,2.359999895095825,12.739999771118164,0.0007079082143628401,0.10219788405786233
2015-06-23,177.24081420898438,2.4089999198913574,12.109999656677246,-0.0072628712942034435,0.09396640034792954
2015-06-24,175.9535369873047,2.371000051498413,13.260000228881836,-0.0030404227939438977,0.09167481447590156
2015-06-25,175.41856384277344,2.3929998874664307,14.010000228881836,-0.0001904102309704392,0.09216455231641371
2015-06-26,175.38516235351562,2.4760000705718994,14.020000457763672,-0.020970516725099864,0.08953114110583167
2015-06-29,171.70724487304688,2.3310000896453857,18.850000381469727,0.0020936627955232545,0.11579426268676196
2015-06-30,172.06674194335938,2.3350000381469727,18.229999542236328,0.008015206047656598,0.11638649094469496
2015-07-01,173.44589233398438,2.4179999828338623,16.09000015258789,-0.0009154610515573758,0.12014739972372704
2015-07-02,173.287109375,2.3929998874664307,16.790000915527344,-0.0028461123384015963,0.11670108680014525
2015-07-06,172.79391479492188,2.2780001163482666,17.010000228881836,0.00628864393509776,0.11693828529578329
2015-07-07,173.88055419921875,2.2309999465942383,16.09000015258789,-0.016777155345350514,0.11725122841531313
2015-07-08,170.9633331298828,2.2060000896453857,19.65999984741211,0.0018090451902506022,0.13178440414376108
2015-07-09,171.27261352539062,2.3010001182556152,19.969999313354492,0.012591449328532622,0.12349951640921095
2015-07-10,173.42918395996094,2.4170000553131104,16.829999923706055,0.011037093117939545,0.13210900943190218
2015-07-13,175.3433380126953,2.430000066757202,13.899999618530273,0.00433806407124826,0.135697256358209
2015-07-14,176.10398864746094,2.3989999294281006,13.369999885559082,-0.0003322025680108087,0.13535153196242541
2015-07-15,176.0454864501953,2.3499999046325684,13.229999542236328,0.008024742667640972,0.1341831259976902
2015-07-16,177.4582061767578,2.3519999980926514,12.109999656677246,0.0008476426411541116,0.13687844129670934
2015-07-17,177.60862731933594,2.3489999771118164,11.949999809265137,0.0005175364885132705,0.1319976483836761
2015-07-20,177.70054626464844,2.371999979019165,12.25,-0.003951129778049234,0.13085223400850174
2015-07-21,176.99842834472656,2.3399999141693115,12.220000267028809,-0.0017947771201305418,0.13052083734895195
2015-07-22,176.68075561523438,2.322000026702881,12.119999885559082,-0.0056297850841398045,0.1306428780544508
2015-07-23,175.6860809326172,2.2769999504089355,12.640000343322754,-0.01037202172738838,0.12958392442607275
2015-07-24,173.86386108398438,2.2709999084472656,13.739999771118164,-0.005817624220863293,0.13435762241542498
2015-07-27,172.85238647460938,2.2279999256134033,15.600000381469727,0.012283045260907066,0.13571313653938646
2015-07-28,174.9755401611328,2.25,13.4399995803833,0.006879536472600867,0.12026521964217123
2015-07-29,176.17929077148438,2.2790000438690186,12.5,0.00023679019886047037,0.12204470096619333
2015-07-30,176.22100830078125,2.2679998874664307,12.130000114440918,-0.0015178174047218995,0.1193862458241699
2015-07-31,175.9535369873047,2.2049999237060547,12.119999885559082,-0.003373082857765053,0.11952150825559302
2015-08-03,175.3600311279297,2.1500000953674316,12.5600004196167,-0.001954074846887921,0.11974860374438431
2015-08-04,175.01736450195312,2.2109999656677246,13.0,0.003295658616463415,0.11827058902830459
2015-08-05,175.5941619873047,2.2679998874664307,12.510000228881836,-0.008187968114327204,0.09971962917731346
2015-08-06,174.15640258789062,2.2339999675750732,13.770000457763672,-0.0019198294232608548,0.1052762378596318
2015-08-07,173.82205200195312,2.174999952316284,13.390000343322754,0.012598842550854528,0.09601585467500087
2015-08-10,176.0120086669922,2.23799991607666,12.229999542236328,-0.009022877345997937,0.09849674805954921
2015-08-11,174.4238739013672,2.13700008392334,13.710000038146973,0.0011978784438131385,0.102407699100909
2015-08-12,174.6328125,2.130000114440918,13.609999656677246,-0.00124450227598083,0.10257680412981314
2015-08-13,174.4154815673828,2.188999891281128,13.489999771118164,0.0036428000087136425,0.09765910434147211
2015-08-14,175.05084228515625,2.196000099182129,12.829999923706055,0.005586755800927046,0.09879954711751464
2015-08-17,176.02880859375,2.1500000953674316,13.020000457763672,-0.0028967884118754617,0.10124104293678751
2015-08-18,175.51889038085938,2.196000099182129,13.789999961853027,-0.007905288500910101,0.10082621815818169
2015-08-19,174.13136291503906,2.128999948501587,15.25,-0.02088158534536788,0.1042227817362531
2015-08-20,170.49522399902344,2.0840001106262207,19.139999389648438,-0.030102541039908948,0.1256399468635433
2015-08-21,165.36288452148438,2.053999900817871,28.030000686645508,-0.04210691632966457,0.15921791330217877
2015-08-24,158.39996337890625,1.996999979019165,40.7400016784668,-0.011767669469891828,0.21255646078348364
2015-08-25,156.5359649658203,2.132999897003174,36.02000045776367,0.03839408753959184,0.20471529078340825
2015-08-26,162.5460205078125,2.171999931335449,30.31999969482422,0.024735050995924324,0.2544559233759096
2015-08-27,166.5666046142578,2.1679999828338623,26.100000381469727,5.001782228442053e-05,0.2738536931180838
2015-08-28,166.57493591308594,2.186000108718872,26.049999237060547,-0.008078939931691509,0.27399780563339393
2015-08-31,165.22918701171875,2.200000047683716,28.43000030517578,-0.029847734580909946,0.27468379994987896
2015-09-01,160.29747009277344,2.171999931335449,31.399999618530273,0.018980976663584004,0.2908741577571905
2015-09-02,163.34007263183594,2.193000078201294,26.09000015258789,0.0007161370450519122,0.30139026515765616
2015-09-03,163.45704650878906,2.1679999828338623,25.610000610351562,-0.015136495629658575,0.3011865548331065
2015-09-04,160.98287963867188,2.128000020980835,27.799999237060547,0.02513086514023377,0.304200357175583
2015-09-08,165.0285186767578,2.194000005722046,24.899999618530273,-0.013371693772226023,0.3161008695624868
2015-09-09,162.82180786132812,2.180999994277954,26.229999542236328,0.005441916127260749,0.31756830709897793
2015-09-10,163.70787048339844,2.2219998836517334,24.3700008392334,0.004544141591772188,0.3187111292492534
2015-09-11,164.4517822265625,2.183000087738037,23.200000762939453,-0.0037105038713944882,0.3198024826777259
2015-09-14,163.84158325195312,2.180000066757202,24.25,0.012499718277643623,0.31891881202164274
2015-09-15,165.88955688476562,2.2809998989105225,22.540000915527344,0.008666231654957057,0.3223450981287859
2015-09-16,167.3271942138672,2.302999973297119,21.350000381469727,-0.00224804861956851,0.324885835289338
2015-09-17,166.95103454589844,2.2170000076293945,21.139999389648438,-0.016341472309102545,0.3241851608645529
2015-09-18,164.22280883789062,2.130000114440918,22.280000686645508,0.005167941369788709,0.32104563272901193
2015-09-21,165.07150268554688,2.2139999866485596,20.139999389648438,-0.01297969722297554,0.30356311796260177
2015-09-22,162.92892456054688,2.125,22.440000534057617,-0.0015988446961006098,0.26502941727299273
2015-09-23,162.66842651367188,2.1440000534057617,22.1299991607666,-0.0036157310660018815,0.2606784613696395
2015-09-24,162.08026123046875,2.119999885559082,23.469999313354492,-0.0002591768175232989,0.22291300796855126
2015-09-25,162.0382537841797,2.1679999828338623,23.6200008392334,-0.02509723062800806,0.20280308901607524
2015-09-28,157.97154235839844,2.0950000286102295,27.6299991607666,0.0005853475907007244,0.21953793515394063
2015-09-29,158.0640106201172,2.053999900817871,26.829999923706055,0.018658092769268553,0.21880046136648343
2015-09-30,161.01318359375,2.059999942779541,24.5,0.00260932358872501,0.2045656064349022
2015-10-01,161.43331909179688,2.0420000553131104,22.549999237060547,0.014937577589673179,0.19264531025817355
2015-10-02,163.84474182128906,1.9889999628067017,20.940000534057617,0.01779463795370506,0.2003140877994832
2015-10-05,166.7602996826172,2.055999994277954,19.540000915527344,-0.0034259927642579235,0.20099253476258044
2015-10-06,166.18898010253906,2.0350000858306885,19.399999618530273,0.008190711886237212,0.18174352916737369
2015-10-07,167.55018615722656,2.062000036239624,18.399999618530273,0.009026308199511446,0.17608115262102486
2015-10-08,169.0625457763672,2.1080000400543213,17.420000076293945,0.0005964972102541211,0.17760100334391157
2015-10-09,169.16339111328125,2.0989999771118164,17.079999923706055,0.0009440487405527609,0.17730629148972987
2015-10-12,169.32308959960938,2.0899999141693115,16.170000076293945,-0.006302201057281742,0.1762683389107061
2015-10-13,168.2559814453125,2.055000066757202,17.670000076293945,-0.004794127484033517,0.17361226136757396
2015-10-14,167.4493408203125,1.9809999465942383,18.030000686645508,0.015354439053905766,0.17205547239146532
2015-10-15,170.0204315185547,2.0230000019073486,16.049999237060547,0.004546662455747086,0.18003983489477562
2015-10-16,170.79345703125,2.0230000019073486,15.050000190734863,0.0004919093157225163,0.1682809299634527
2015-10-19,170.87747192382812,2.0280001163482666,14.979999542236328,-0.001278192521118271,0.16793787225955834
2015-10-20,170.6590576171875,2.071000099182129,15.75,-0.006203868418549141,0.1592043909398943
2015-10-21,169.60031127929688,2.0299999713897705,16.700000762939453,0.016893589754893634,0.16154822421230197
2015-10-22,172.46546936035156,2.0250000953674316,14.449999809265137,0.010961720021336552,0.1681296530340198
2015-10-23,174.35598754882812,2.0829999446868896,14.460000038146973,-0.002457512711136811,0.16980958630886575
2015-10-26,173.92750549316406,2.058000087738037,15.289999961853027,-0.0019321818556508052,0.13410701890939275
2015-10-27,173.59144592285156,2.0280001163482666,15.430000305175781,0.011374511064002224,0.13546135318401467
2015-10-28,175.5659637451172,2.0920000076293945,14.329999923706055,-0.0005744014088087113,0.12777842751224017
2015-10-29,175.46511840820312,2.1730000972747803,14.609999656677246,-0.004309834300958992,0.12885429893458247
2015-10-30,174.70889282226562,2.1510000228881836,15.069999694824219,0.011830854932547652,0.12566914066214693
2015-11-02,176.77584838867188,2.187000036239624,14.149999618530273,0.0028995660145865187,0.11806411669191624
2015-11-03,177.28842163085938,2.2200000286102295,14.539999961853027,-0.0030330222448599065,0.11564603902825468
2015-11-04,176.75070190429688,2.2300000190734863,15.510000228881836,-0.0009983999701645985,0.11616425511181197
2015-11-05,176.57423400878906,2.244999885559082,15.050000190734863,-0.000523765661660569,0.1143614781624797
2015-11-06,176.48175048828125,2.3329999446868896,14.329999923706055,-0.009331563073128324,0.11463867539002467
2015-11-09,174.83489990234375,2.3420000076293945,16.520000457763672,0.00230703841340274,0.1216537970258154
2015-11-10,175.23825073242188,2.322000026702881,15.289999961853027,-0.003931589369731925,0.1179910841885257
2015-11-11,174.54928588867188,2.3380000591278076,16.059999465942383,-0.013959816638520861,0.11736447950489545
2015-11-12,172.11260986328125,2.319000005722046,18.3700008392334,-0.011228351572205031,0.11957685516780285
2015-11-13,170.18006896972656,2.2799999713897705,20.079999923706055,0.01520668890239607,0.12569328173300742
2015-11-16,172.7679443359375,2.2730000019073486,18.15999984741211,-0.0007294312573525863,0.13703150415090706
2015-11-17,172.6419219970703,2.260999917984009,18.84000015258789,0.01586608263677136,0.13694633020694533
2015-11-18,175.38107299804688,2.2690000534057617,16.850000381469727,-0.0008622059212231026,0.1445707551041777
2015-11-19,175.2298583984375,2.247999906539917,16.989999771118164,0.0036442437841479602,0.13313429930930346
2015-11-20,175.86843872070312,2.26200008392334,15.470000267028809,-0.0011465667116153933,0.12818947452411986
2015-11-23,175.6667938232422,2.25,15.619999885559082,0.0013391532107842608,0.12787744635339066
2015-11-24,175.90203857421875,2.243000030517578,15.930000305175781,-0.00014321755987811713,0.12756943947787863
2015-11-25,175.87684631347656,2.2320001125335693,15.1899995803833,0.0011464251429236239,0.12116802141021626
2015-11-27,176.07847595214844,2.2249999046325684,15.119999885559082,-0.004151573914212281,0.12119192574832455
2015-11-30,175.34747314453125,2.2179999351501465,16.1299991607666,0.009535597044512345,0.12111505685311988
2015-12-01,177.01951599121094,2.1549999713897705,14.670000076293945,-0.01020467710488382,0.11843861456165412
2015-12-02,175.2130889892578,2.177999973297119,15.90999984741211,-0.014003073301595892,0.12335557041917415
2015-12-03,172.7595672607422,2.3299999237060547,18.110000610351562,0.019503052957828615,0.132108132457504
2015-12-04,176.12890625,2.2750000953674316,14.8100004196167,-0.006058590371265771,0.1510241955425157
2015-12-07,175.0618133544922,2.2249999046325684,15.84000015258789,-0.006719515489218897,0.15250887435726437
2015-12-08,173.88548278808594,2.23799991607666,17.600000381469727,-0.007779648551711205,0.15074253055228737
2015-12-09,172.53271484375,2.2079999446868896,19.610000610351562,0.0025814744429697445,0.15273036049476316
2015-12-10,172.9781036376953,2.239000082015991,19.34000015258789,-0.01938164442291679,0.15267150822989012
2015-12-11,169.62550354003906,2.1389999389648438,24.389999389648438,0.005052724413279419,0.1600874471627029
2015-12-14,170.48257446289062,2.2249999046325684,22.729999542236328,0.01049768785578764,0.1562434602636866
2015-12-15,172.27224731445312,2.2679998874664307,20.950000762939453,0.014631931135016929,0.15102565690647313
2015-12-16,174.7929229736328,2.2869999408721924,17.860000610351562,-0.015238019248676737,0.15976791821261999
2015-12-17,172.12942504882812,2.23799991607666,18.940000534057617,-0.017814981622552017,0.15866867246450042
2015-12-18,169.0629425048828,2.1989998817443848,20.700000762939453,0.008249314129098462,0.16966268110197935
2015-12-21,170.4575958251953,2.197000026702881,18.700000762939453,0.009074031951527894,0.1723652813780862
2015-12-22,172.00433349609375,2.239000082015991,16.600000381469727,0.012383171186170605,0.17641776287875013
2015-12-23,174.13429260253906,2.2639999389648438,15.569999694824219,-0.0016503586336039655,0.18260235229377503
2015-12-24,173.84690856933594,2.243000030517578,15.739999771118164,-0.002284514375246127,0.18264801006821643
2015-12-28,173.4497528076172,2.2249999046325684,16.90999984741211,0.01067140263088473,0.18263952351062696
2015-12-29,175.3007049560547,2.306999921798706,16.079999923706055,-0.007087779116990545,0.18645146320665093
2015-12-30,174.05821228027344,2.302999973297119,17.290000915527344,-0.010003262009494307,0.18456502977418648
2015-12-31,172.3170623779297,2.2690000534057617,18.209999084472656,-0.01397949219917416,0.18442993610045447
2016-01-04,169.9081573486328,2.244999885559082,20.700000762939453,0.0016911386793887484,0.1844075108436437
2016-01-05,170.19549560546875,2.247999906539917,19.34000015258789,-0.012614116707901801,0.16860031894854038
2016-01-06,168.0486297607422,2.177000045776367,20.59000015258789,-0.023991406702935203,0.17243185565245442
2016-01-07,164.01690673828125,2.1530001163482666,24.989999771118164,-0.010976450672861793,0.18883921680363686
2016-01-08,162.21658325195312,2.130000114440918,27.010000228881836,0.000989650481524551,0.19028157991834296
2016-01-11,162.3771209716797,2.1579999923706055,24.299999237060547,0.008068751658006024,0.18974437668193408
2016-01-12,163.6873016357422,2.1019999980926514,22.469999313354492,-0.0249409666507604,0.18339507098731758
2016-01-13,159.6047821044922,2.065999984741211,25.219999313354492,0.016416951700783056,0.19895530996611235
2016-01-14,162.22500610351562,2.0980000495910645,23.950000762939453,-0.021466239536595655,0.20537282123580056
2016-01-15,158.74264526367188,2.0329999923706055,27.020000457763672,0.0013312047898379475,0.2044251951901438
2016-01-19,158.95396423339844,2.0350000858306885,26.049999237060547,-0.012815239247909727,0.2015644730216318
2016-01-20,156.91693115234375,1.9839999675750732,27.59000015258789,0.005602064936110596,0.19773036045932627
2016-01-21,157.79598999023438,2.0190000534057617,26.690000534057617,0.020515663477324697,0.1958321614703774
2016-01-22,161.0332794189453,2.0480000972747803,22.34000015258789,-0.015116439823576577,0.20952490590811837
2016-01-25,158.59902954101562,2.0220000743865967,24.149999618530273,0.01364274934659071,0.20507733715981497
2016-01-26,160.76275634765625,1.99399995803833,22.5,-0.010883327885215177,0.21492523936450098
2016-01-27,159.01312255859375,2.000999927520752,23.110000610351562,0.005209438864517413,0.21627499426805422
2016-01-28,159.84149169921875,1.9850000143051147,22.420000076293945,0.024377272711651576,0.21210673718466955
2016-01-29,163.7379913330078,1.930999994277954,20.200000762939453,-0.00036148509146582963,0.23520413760389064
2016-02-01,163.67880249023438,1.965999960899353,19.979999542236328,-0.018021966179459503,0.23385389013853353
2016-02-02,160.72898864746094,1.8639999628067017,21.979999542236328,0.005994758644652487,0.23691404750165382
2016-02-03,161.69252014160156,1.88100004196167,21.649999618530273,0.0015682268816057388,0.23845160847295704
2016-02-04,161.9460906982422,1.8639999628067017,21.84000015258789,-0.01905015584692371,0.23573387664140766
2016-02-05,158.86099243164062,1.8480000495910645,23.3799991607666,-0.013460903415331016,0.23013455024049392
2016-02-08,156.7225799560547,1.7350000143051147,26.0,5.3743701544872735e-05,0.23165598030721052
2016-02-09,156.7310028076172,1.7289999723434448,26.540000915527344,-0.0008625789963182529,0.23153993659395866
2016-02-10,156.59580993652344,1.7050000429153442,26.290000915527344,-0.01300822213493713,0.2287123248754095
2016-02-11,154.55877685546875,1.6440000534057617,28.139999389648438,0.020616311474471072,0.21651278174179206
2016-02-12,157.74520874023438,1.7480000257492065,25.399999618530273,0.01687881299943217,0.221579955325892
2016-02-16,160.4077606201172,1.777999997138977,24.110000610351562,0.01633439026726613,0.21706846995319942
2016-02-17,163.02792358398438,1.819000005722046,22.309999465942383,-0.004095674752564449,0.22414671944147377
2016-02-18,162.36021423339844,1.7589999437332153,21.639999389648438,-0.0004684957077428775,0.2189083939381687
2016-02-19,162.28414916992188,1.7480000257492065,20.530000686645508,0.014479306666175251,0.2185690494508568
2016-02-22,164.6339111328125,1.7660000324249268,19.3799991607666,-0.01262974713812981,0.2125690649712392
2016-02-23,162.55462646484375,1.7450000047683716,20.979999542236328,0.004575816798364496,0.21020898632765683
2016-02-24,163.29844665527344,1.7419999837875366,20.719999313354492,0.01211174398778847,0.205569523295024
2016-02-25,165.27627563476562,1.6970000267028809,19.110000610351562,-0.002301056562008741,0.2043449375686158
2016-02-26,164.89596557617188,1.7619999647140503,19.809999465942383,-0.007842598732517914,0.20452526058433942
2016-02-29,163.60275268554688,1.7400000095367432,20.549999237060547,0.02350681364351548,0.18834792720108737
2016-03-01,167.4485321044922,1.8339999914169312,17.700000762939453,0.004492201364564075,0.20593223435288405
2016-03-02,168.20074462890625,1.8480000495910645,17.09000015258789,0.003919912940012704,0.19314208484128606
2016-03-03,168.86007690429688,1.8300000429153442,16.700000762939453,0.0032534477745003176,0.19276206103597474
2016-03-04,169.40945434570312,1.8830000162124634,16.860000610351562,0.0007982945697053712,0.1927768809409712
2016-03-07,169.54469299316406,1.9019999504089355,17.350000381469727,-0.010917733067861368,0.1757060044722486
2016-03-08,167.6936492919922,1.8320000171661377,18.670000076293945,0.004939412487985573,0.17269105720113806
2016-03-09,168.52195739746094,1.8919999599456787,18.34000015258789,0.0008027703090882632,0.17228897787698372
2016-03-10,168.65724182128906,1.9290000200271606,18.049999237060547,0.016136799732853646,0.1718061906651239
2016-03-11,171.3788299560547,1.9769999980926514,16.5,-0.0012821102965654418,0.16506675945139793
2016-03-14,171.1591033935547,1.9630000591278076,16.920000076293945,-0.0016296571934075743,0.15604906840508917
2016-03-15,170.8801727294922,1.9589999914169312,16.84000015258789,0.005787225652598815,0.14970203990128672
2016-03-16,171.8690948486328,1.937999963760376,14.989999771118164,0.006344145524175948,0.1419162583965474
2016-03-17,172.95945739746094,1.902999997138977,14.4399995803833,0.003929397530902046,0.1401306579127388
2016-03-18,173.6390838623047,1.871000051498413,14.020000457763672,0.001419029174195785,0.13947003693691704
2016-03-21,173.88548278808594,1.9229999780654907,13.789999961853027,-0.0005376561578741557,0.13330781915990036
2016-03-22,173.7919921875,1.934999942779541,14.170000076293945,-0.006599247455931878,0.1211342307008613
2016-03-23,172.6450958251953,1.875,14.9399995803833,-0.00044297262204706644,0.12606008740886676
2016-03-24,172.56861877441406,1.899999976158142,14.739999771118164,0.0005908329639521259,0.12157955988753325
2016-03-28,172.6705780029297,1.8700000047683716,15.239999771118164,0.00924997474845446,0.12059245300048922
2016-03-29,174.2677764892578,1.8140000104904175,13.819999694824219,0.004387691138975747,0.11666135102361427
2016-03-30,175.03240966796875,1.8300000429153442,13.5600004196167,-0.002426918703323344,0.08894279463311067
2016-03-31,174.6076202392578,1.7860000133514404,13.949999809265137,0.006812323774576523,0.08999565267006472
2016-04-01,175.79710388183594,1.7920000553131104,13.100000381469727,-0.0032381628080592195,0.091436707408773
2016-04-04,175.22784423828125,1.7790000438690186,14.119999885559082,-0.009987780975731608,0.0931724307601136
2016-04-05,173.4777069091797,1.7269999980926514,15.420000076293945,0.01092080374455695,0.10201340999316043
2016-04-06,175.37222290039062,1.7549999952316284,14.09000015258789,-0.011965690303322174,0.0970329267043094
2016-04-07,173.27377319335938,1.690999984741211,16.15999984741211,0.0026969786899408987,0.10869304866165286
2016-04-08,173.7410888671875,1.7200000286102295,15.359999656677246,-0.0023473832052144372,0.10875982251356406
2016-04-11,173.333251953125,1.7239999771118164,16.260000228881836,0.009312942182308381,0.09466281085299288
2016-04-12,174.94749450683594,1.781000018119812,14.850000381469727,0.010100773992336443,0.09925212791415147
2016-04-13,176.714599609375,1.7619999647140503,13.84000015258789,4.783628041660215e-05,0.103591103074895
2016-04-14,176.72305297851562,1.781000018119812,13.720000267028809,-0.0011056214265892095,0.10258633928499221
2016-04-15,176.5276641845703,1.7519999742507935,13.619999885559082,0.007026846160275824,0.10123658143654386
2016-04-18,177.76809692382812,1.7730000019073486,13.350000381469727,0.003154621247170697,0.10299061075281409
2016-04-19,178.32888793945312,1.7829999923706055,13.239999771118164,0.0009524288690252458,0.10322451778191873
2016-04-20,178.4987335205078,1.8539999723434448,13.279999732971191,-0.005378227032388994,0.1030113236762981
2016-04-21,177.53872680664062,1.8700000047683716,13.949999809265137,0.0,0.10184508483541471
2016-04-22,177.53872680664062,1.8880000114440918,13.220000267028809,-0.0017229646164416135,0.10174981937794184
2016-04-25,177.2328338623047,1.9019999504089355,14.079999923706055,0.001485992710714923,0.10233578979919229
2016-04-26,177.49620056152344,1.930999994277954,13.960000038146973,0.002058562164906519,0.09797902395932188
2016-04-27,177.86158752441406,1.8600000143051147,13.770000457763672,-0.009075835744968619,0.09723685324692062
2016-04-28,176.24734497070312,1.8380000591278076,15.220000267028809,-0.005398878979400612,0.10288181361598908
2016-04-29,175.29580688476562,1.819000005722046,15.699999809265137,0.007948861552206754,0.10205266513786261
2016-05-02,176.689208984375,1.8650000095367432,14.680000305175781,-0.008703567959387537,0.10520097446190442
2016-05-03,175.15138244628906,1.7999999523162842,15.600000381469727,-0.005578496071121486,0.1035998409068195
2016-05-04,174.17430114746094,1.784000039100647,16.049999237060547,-0.00019492431110901265,0.09799154926774122
2016-05-05,174.14035034179688,1.746999979019165,15.90999984741211,0.0036591578574369787,0.08782545526594851
2016-05-06,174.77755737304688,1.7790000438690186,14.720000267028809,0.0008261582497701703,0.08824439179558466
2016-05-09,174.9219512939453,1.7599999904632568,14.569999694824219,0.012434134399191832,0.08769315701005785
2016-05-10,177.09695434570312,1.7599999904632568,13.630000114440918,-0.009354892796331948,0.09243869483772672
2016-05-11,175.4402313232422,1.7369999885559082,14.6899995803833,0.00029049411919013224,0.09178740386646218
2016-05-12,175.49119567871094,1.7569999694824219,14.40999984741211,-0.008714205584544832,0.0918052509480418
2016-05-13,173.96192932128906,1.7050000429153442,15.039999961853027,0.009865299437257224,0.09650595052188632
2016-05-16,175.67811584472656,1.753000020980835,14.680000305175781,-0.009333514342312443,0.09998884547474782
2016-05-17,174.03842163085938,1.7589999437332153,15.569999694824219,0.0002929216076548169,0.1035769440271645
2016-05-18,174.0894012451172,1.8799999952316284,15.949999809265137,-0.0034652093767417735,0.10342178607778385
2016-05-19,173.48614501953125,1.8450000286102295,16.329999923706055,0.00631764317229444,0.10262387039319848
2016-05-20,174.58216857910156,1.8489999771118164,15.199999809265137,-0.0013626808637426935,0.10594623805997437
2016-05-23,174.34426879882812,1.8380000591278076,15.819999694824219,0.012962388889871113,0.10591314227633111
2016-05-24,176.60418701171875,1.8589999675750732,14.420000076293945,0.00678308806376271,0.11650352995320165
2016-05-25,177.80210876464844,1.8700000047683716,13.899999618530273,0.0002865494511492539,0.1189145544282884
2016-05-26,177.85305786132812,1.8229999542236328,13.430000305175781,0.004299412703296257,0.11396787662813787
2016-05-27,178.6177215576172,1.8509999513626099,13.119999885559082,-0.0019028880415852267,0.11252512421420875
2016-05-31,178.27783203125,1.8339999914169312,14.1899995803833,0.0020494511288287054,0.10981431514386031
2016-06-01,178.64320373535156,1.8459999561309814,14.199999809265137,0.003043588668895314,0.10439991064494747
2016-06-02,179.18692016601562,1.8109999895095825,13.630000114440918,-0.002987177083168313,0.10163473495220239
2016-06-03,178.6516571044922,1.7039999961853027,13.470000267028809,0.005088436524581352,0.10270777265321322
2016-06-06,179.5607147216797,1.7230000495910645,13.649999618530273,0.0015615637766150936,0.10326707960028883
2016-06-07,179.8411102294922,1.7130000591278076,14.050000190734863,0.003259526693679904,0.1032486150023928
2016-06-08,180.42730712890625,1.7059999704360962,14.079999923706055,-0.001365302705809368,0.09506513206161551
2016-06-09,180.18096923828125,1.6799999475479126,14.640000343322754,-0.009477623442414429,0.08750962798269186
2016-06-10,178.47328186035156,1.6390000581741333,17.030000686645508,-0.007711672583716855,0.09557359656114184
2016-06-13,177.09695434570312,1.6160000562667847,20.969999313354492,-0.0019670476863021813,0.09429932599031582
2016-06-14,176.74859619140625,1.6109999418258667,20.5,-0.001393978069989199,0.0885759074642467
2016-06-15,176.50221252441406,1.5959999561309814,20.139999389648438,0.0029843742449047195,0.08128440361516698
2016-06-16,177.02896118164062,1.5640000104904175,19.3700008392334,-0.003724000734370736,0.08165938031850152
2016-06-17,176.3697052001953,1.6180000305175781,19.40999984741211,0.0064398132467136104,0.08184572108917657
2016-06-20,177.5054931640625,1.6699999570846558,18.3700008392334,0.0028386486718816606,0.08195529739581128
2016-06-21,178.00936889648438,1.6970000267028809,18.479999542236328,-0.0016311472753951506,0.08181215810326395
2016-06-22,177.71900939941406,1.684999942779541,21.170000076293945,0.013022588748872854,0.06904005882220487
2016-06-23,180.0333709716797,1.7389999628067017,17.25,-0.03590914126146627,0.07953720956767167
2016-06-24,173.5685272216797,1.5789999961853027,25.760000228881836,-0.01791008640273606,0.15221357111255757
2016-06-27,170.45989990234375,1.4600000381469727,23.850000381469727,0.018036103358081368,0.1617387066318181
2016-06-28,173.53433227539062,1.4609999656677246,18.75,0.01702790161672474,0.1771174758003039
2016-06-29,176.4892578125,1.4769999980926514,16.639999389648438,0.013645300179831343,0.18847644254201681
2016-06-30,178.8975067138672,1.4880000352859497,15.630000114440918,0.002100692864442255,0.1947998929277866
2016-07-01,179.2733154296875,1.4559999704360962,14.770000457763672,-0.007193551440242363,0.19460518325124435
2016-07-05,177.98370361328125,1.3669999837875366,15.579999923706055,0.0059980247489357374,0.19543317076408226
2016-07-06,179.05125427246094,1.3849999904632568,14.960000038146973,-0.0006199771729091808,0.19664495411194133
2016-07-07,178.94024658203125,1.3869999647140503,14.760000228881836,0.014890388255234033,0.19623547418390097
2016-07-08,181.604736328125,1.3660000562667847,13.199999809265137,0.0035268225039086776,0.20346002758671317
2016-07-11,182.24522399902344,1.434000015258789,13.539999961853027,0.007263373936032602,0.20023616134104236
2016-07-12,183.56893920898438,1.5130000114440918,13.550000190734863,-0.00013972965429009943,0.19852171519706435
2016-07-13,183.5432891845703,1.468000054359436,13.039999961853027,0.0055834827607621484,0.19815875878221853
2016-07-14,184.56809997558594,1.531000018119812,12.819999694824219,-0.0013416992845896036,0.1981390006261085
2016-07-15,184.32046508789062,1.593999981880188,12.670000076293945,0.00268750042426813,0.1985388003301623
2016-07-18,184.81582641601562,1.5870000123977661,12.4399995803833,-0.0010163398719791328,0.1973472005979107
2016-07-19,184.62799072265625,1.5579999685287476,11.970000267028809,0.004162637667792346,0.19710533067592806
2016-07-20,185.3965301513672,1.5800000429153442,11.770000457763672,-0.003777155947166766,0.1972322073421378
2016-07-21,184.69625854492188,1.565000057220459,12.739999771118164,0.004484952149880428,0.1979178883526685
2016-07-22,185.5246124267578,1.5700000524520874,12.020000457763672,-0.0027158686227237716,0.19389180601901057
2016-07-25,185.020751953125,1.5709999799728394,12.869999885559082,0.00046142351008460203,0.1359118942894656
2016-07-26,185.1061248779297,1.562999963760376,13.050000190734863,-0.0010609906838736638,0.11144627581753948
2016-07-27,184.90972900390625,1.5149999856948853,12.829999923706055,0.0011547877728819156,0.09991370066681989
2016-07-28,185.12326049804688,1.5110000371932983,12.720000267028809,0.001614376506626325,0.08564104657560141
2016-07-29,185.422119140625,1.4579999446868896,11.869999885559082,-0.0008287644719014997,0.07463827653293682
2016-08-01,185.26844787597656,1.496000051498413,12.4399995803833,-0.006407312024878098,0.07520559293772763
2016-08-02,184.0813751220703,1.5369999408721924,13.369999885559082,0.0029229215588217894,0.07402087102755935
2016-08-03,184.6194305419922,1.5420000553131104,12.859999656677246,0.0010637876709231886,0.07243836553849081
2016-08-04,184.81582641601562,1.503000020980835,12.420000076293945,0.008178770137936553,0.0720171167644662
2016-08-05,186.327392578125,1.5820000171661377,11.390000343322754,-0.0005959306705870526,0.0582460312897722
2016-08-08,186.2163543701172,1.5829999446868896,11.5,0.0005962860157122662,0.05798477567445703
2016-08-09,186.327392578125,1.5449999570846558,11.65999984741211,-0.002475032658671328,0.05319387375059014
2016-08-10,185.86622619628906,1.5089999437332153,12.050000190734863,0.004640861136289365,0.054346151529276604
2016-08-11,186.7288055419922,1.5729999542236328,11.680000305175781,-0.0008690529627106702,0.05330062174939692
2016-08-12,186.5665283203125,1.5149999856948853,11.550000190734863,0.0028838233052181916,0.05309975595626299
2016-08-15,187.10455322265625,1.5529999732971191,11.8100004196167,-0.005157606162215167,0.053206043597807416
2016-08-16,186.13954162597656,1.5759999752044678,12.640000343322754,0.0018809983669760832,0.05680519435165075
2016-08-17,186.4896697998047,1.5609999895095825,12.1899995803833,0.0022436980778670623,0.055367266607136076
2016-08-18,186.90809631347656,1.5360000133514404,11.430000305175781,-0.0014619719526379749,0.05358323991717508
2016-08-19,186.6348419189453,1.5779999494552612,11.34000015258789,-4.570241546664189e-05,0.052000481520100235
2016-08-22,186.62631225585938,1.5390000343322754,12.270000457763672,0.002013614546034992,0.05079396944566682
2016-08-23,187.00210571289062,1.5529999732971191,12.380000114440918,-0.005114819054830688,0.05110177475056645
2016-08-24,186.04562377929688,1.559000015258789,13.449999809265137,-0.0006886095483800148,0.05466150044821514
2016-08-25,185.91751098632812,1.5770000219345093,13.630000114440918,-0.0018834909543354872,0.05467613034187735
2016-08-26,185.5673370361328,1.6349999904632568,13.649999618530273,0.004924210249511063,0.054902066847450345
2016-08-29,186.48110961914062,1.565999984741211,12.9399995803833,-0.0016485252788877025,0.05742770690333546
2016-08-30,186.17369079589844,1.5700000524520874,13.119999885559082,-0.0028442566432034244,0.05227330153813749
2016-08-31,185.6441650390625,1.5679999589920044,13.420000076293945,4.635727187785044e-05,0.052836414696745944
2016-09-01,185.65277099609375,1.5700000524520874,13.479999542236328,0.004507871330013957,0.05276013450879457
2016-09-02,186.4896697998047,1.5959999561309814,11.979999542236328,0.003022225800531464,0.0466853642431592
2016-09-06,187.05328369140625,1.5429999828338623,12.020000457763672,-9.128193113738803e-05,0.047777644840317365
2016-09-07,187.0362091064453,1.5410000085830688,11.9399995803833,-0.0022827460992583815,0.04776979040347236
2016-09-08,186.6092529296875,1.6160000562667847,12.510000228881836,-0.023934832338263212,0.04763196503111489
2016-09-09,182.14279174804688,1.6720000505447388,17.5,0.014347180300429585,0.09588663520279699
2016-09-12,184.7560272216797,1.6720000505447388,15.15999984741211,-0.014375581580405528,0.11070341089886254
2016-09-13,182.1000518798828,1.7339999675750732,17.850000381469727,-0.0003751432134564414,0.12031543958112302
2016-09-14,182.03173828125,1.6890000104904175,18.139999389648438,0.009993183360559765,0.1194908252832339
2016-09-15,183.85081481933594,1.7029999494552612,16.299999237060547,-0.0038656810896511296,0.1254835808938375
2016-09-16,183.14010620117188,1.7009999752044678,15.369999885559082,0.0001872979028134658,0.12546796983949798
2016-09-19,183.17440795898438,1.6959999799728394,15.529999732971191,4.70656131299485e-05,0.1255218881403009
2016-09-20,183.1830291748047,1.687999963760376,15.920000076293945,0.011245070109052957,0.12553074709072648
2016-09-21,185.24293518066406,1.6679999828338623,13.300000190734863,0.006301770144696794,0.1324590833666971
2016-09-22,186.41029357910156,1.6319999694824219,12.020000457763672,-0.005479436356395806,0.13331060320881072
2016-09-23,185.3888702392578,1.6150000095367432,12.289999961853027,-0.008101718198350705,0.13477814216851203
2016-09-26,183.88690185546875,1.5889999866485596,14.5,0.006207508423219155,0.13764161900618374
2016-09-27,185.02838134765625,1.555999994277954,13.100000381469727,0.004963376276799769,0.13837575521688342
2016-09-28,185.94674682617188,1.5670000314712524,12.390000343322754,-0.009047032357732965,0.1395412511998937
2016-09-29,184.2644805908203,1.5570000410079956,14.020000457763672,0.007545985796405308,0.1429005247007284
2016-09-30,185.65493774414062,1.6080000400543213,13.289999961853027,-0.0024041919007367074,0.14561920308703555
2016-10-03,185.20858764648438,1.621999979019165,13.569999694824219,-0.005097533908449914,0.1448719597726046
2016-10-04,184.2644805908203,1.6829999685287476,13.630000114440918,0.004425156532107621,0.14526527215177343
2016-10-05,185.0798797607422,1.715999960899353,12.989999771118164,0.0006954180319793668,0.1464009641177664
2016-10-06,185.20858764648438,1.7419999837875366,12.84000015258789,-0.003429196157797576,0.14629756410623748
2016-10-07,184.57347106933594,1.7359999418258667,13.479999542236328,0.005208409545240045,0.11774876926763206
2016-10-10,185.53480529785156,1.7230000495910645,13.380000114440918,-0.012629604442196851,0.10773181175354708
2016-10-11,183.1915740966797,1.7589999437332153,15.359999656677246,0.0013121329694711914,0.104728229716767
2016-10-12,183.43194580078125,1.777999997138977,15.90999984741211,-0.0032758258691419906,0.10475104379311315
2016-10-13,182.8310546875,1.7380000352859497,16.690000534057617,0.0005166075558571404,0.09907574862463044
2016-10-14,182.92550659179688,1.7940000295639038,16.1200008392334,-0.0034720791417831576,0.09817729898402787
2016-10-17,182.29037475585938,1.7660000324249268,16.209999084472656,0.0062623769710867805,0.09892119572377447
2016-10-18,183.43194580078125,1.7489999532699585,15.279999732971191,0.0026668283783348734,0.10157132769956549
2016-10-19,183.92112731933594,1.7519999742507935,14.40999984741211,-0.0018666846974580986,0.09330055527593978
2016-10-20,183.5778045654297,1.746999979019165,13.75,0.00046754393146675177,0.09003467718073822
2016-10-21,183.66363525390625,1.7400000095367432,13.34000015258789,0.0042531184107112985,0.08835033921554801
2016-10-24,184.4447784423828,1.7630000114440918,13.020000457763672,-0.0033509067385696367,0.0849838076213091
2016-10-25,183.82672119140625,1.7580000162124634,13.460000038146973,-0.0020077581074813278,0.08271263058156622
2016-10-26,183.4576416015625,1.7899999618530273,14.239999771118164,-0.0026667875452879297,0.08048623648168327
2016-10-27,182.96839904785156,1.843000054359436,15.359999656677246,-0.002955212222616299,0.07464396405246868
2016-10-28,182.4276885986328,1.8450000286102295,16.190000534057617,4.709097784538763e-05,0.06902049497455855
2016-10-31,182.436279296875,1.8339999914169312,17.059999465942383,-0.007245396174552554,0.06884484345866056
2016-11-01,181.1144561767578,1.8200000524520874,18.559999465942383,-0.006018610529813451,0.07103333081666764
2016-11-02,180.02439880371094,1.7990000247955322,19.31999969482422,-0.004577185828303021,0.0704132329198351
2016-11-03,179.2003936767578,1.812000036239624,22.079999923706055,-0.0011017468635465821,0.07084358549675207
2016-11-04,179.00296020507812,1.7829999923706055,22.510000228881836,0.02205710988993559,0.07054420978615095
2016-11-07,182.9512481689453,1.8279999494552612,18.709999084472656,0.004503876723503719,0.1075233215239772
2016-11-08,183.77523803710938,1.8619999885559082,18.739999771118164,0.010602135820856562,0.09914019358877943
2016-11-09,185.72364807128906,2.072000026702881,14.380000114440918,0.0024955665182471165,0.1058103774841942
2016-11-10,186.1871337890625,2.117000102996826,14.739999771118164,-0.002304875610147916,0.10495592297361864
2016-11-11,185.75799560546875,2.117000102996826,14.170000076293945,0.0007852085406769849,0.10557948756411766
2016-11-14,185.9038543701172,2.2219998836517334,14.479999542236328,0.0078028332825128555,0.10437502134913984
2016-11-15,187.35443115234375,2.23799991607666,13.369999885559082,-0.0018784114620237213,0.10554139550179893
2016-11-16,187.00250244140625,2.2230000495910645,13.720000267028809,0.005140755957620646,0.10586730930639175
2016-11-17,187.96383666992188,2.2760000228881836,13.350000381469727,-0.0022375474473222967,0.10640130896668748
2016-11-18,187.5432586669922,2.3350000381469727,12.850000381469727,0.007551805878119655,0.10708020805651743
2016-11-21,188.9595489501953,2.3389999866485596,12.420000076293945,0.00195305860072148,0.10900483196121204
2016-11-22,189.32859802246094,2.321000099182129,12.40999984741211,0.0005440915214969255,0.10766481790041386
2016-11-23,189.43161010742188,2.3570001125335693,12.430000305175781,0.003715386492828099,0.10694158328721065
2016-11-25,190.1354217529297,2.371999979019165,12.34000015258789,-0.004694915179425885,0.10593944325263449
2016-11-28,189.2427520751953,2.319999933242798,13.149999618530273,0.0019502970961715604,0.10717923598199611
2016-11-29,189.61183166503906,2.302000045776367,12.899999618530273,-0.002399246571875513,0.10696566897660423
2016-11-30,189.1569061279297,2.368000030517578,13.329999923706055,-0.0036752051189573587,0.10273857848724838
2016-12-01,188.4617156982422,2.440999984741211,14.069999694824219,0.0005004442140721377,0.10056772671458672
2016-12-02,188.5560302734375,2.390000104904175,14.119999885559082,0.00600896254234784,0.09752364889871006
2016-12-05,189.68905639648438,2.38700008392334,12.140000343322754,0.0031672059167295874,0.09724309902912665
2016-12-06,190.2898406982422,2.3959999084472656,11.789999961853027,0.013081160964762972,0.06605739122603957
2016-12-07,192.779052734375,2.3469998836517334,12.220000267028809,0.002448478577751656,0.07658707767544967
2016-12-08,193.25106811523438,2.38700008392334,12.640000343322754,0.006040473112227884,0.07021694784616216
2016-12-09,194.41839599609375,2.4639999866485596,11.75,-0.0011478326878262557,0.07166287054128218
2016-12-12,194.1952362060547,2.4790000915527344,12.640000343322754,0.006674116050887635,0.07081623101557856
2016-12-13,195.49131774902344,2.4809999465942383,12.720000267028809,-0.008254239731608215,0.07228941355292104
2016-12-14,193.877685546875,2.5250000953674316,13.1899995803833,0.004117356505226599,0.07891372568140381
2016-12-15,194.6759490966797,2.5799999237060547,12.789999961853027,-0.0019559058221235714,0.07814933357671099
2016-12-16,194.29518127441406,2.5969998836517334,12.199999809265137,0.0021773567619276513,0.07845512463085459
2016-12-19,194.71823120117188,2.5420000553131104,11.710000038146973,0.0038577534426231797,0.0770924847109946
2016-12-20,195.4694061279297,2.568000078201294,11.449999809265137,-0.0027829986269624074,0.07456813630140031
2016-12-21,194.9254150390625,2.5460000038146973,11.270000457763672,-0.0017273296013536887,0.07623594669450706
2016-12-22,194.58871459960938,2.552999973297119,11.430000305175781,0.0014640975000639322,0.07702359081190364
2016-12-23,194.8736114501953,2.5429999828338623,11.4399995803833,0.002481200528969829,0.07652149746049998
2016-12-27,195.3571319580078,2.562999963760376,11.989999771118164,-0.008264673892879992,0.07330876372062059
2016-12-28,193.74256896972656,2.50600004196167,12.949999809265137,-0.00022249152228537294,0.0812056991949223
2016-12-29,193.699462890625,2.4769999980926514,13.369999885559082,-0.0036550297267557985,0.08032783966319332
2016-12-30,192.99148559570312,2.446000099182129,14.039999961853027,0.007650208849064866,0.08031163159965872
2017-01-03,194.46791076660156,2.450000047683716,12.850000381469727,0.005948849591699279,0.08343444622667961
2017-01-04,195.62477111816406,2.4519999027252197,11.850000381469727,-0.0007941989623621026,0.08339217459755957
2017-01-05,195.4694061279297,2.368000030517578,11.670000076293945,0.003577672718081182,0.08356170412878122
2017-01-06,196.16873168945312,2.4179999828338623,11.319999694824219,-0.0033011530544921897,0.07186740737271874
2017-01-09,195.52114868164062,2.375999927520752,11.5600004196167,0.0,0.07309233915522974
2017-01-10,195.52114868164062,2.378999948501587,11.489999771118164,0.0028262776156160463,0.07021082227543454
2017-01-11,196.07374572753906,2.369999885559082,11.260000228881836,-0.002510060592741281,0.07054614646116313
2017-01-12,195.5815887451172,2.3610000610351562,11.539999961853027,0.002295587290479073,0.06732884908344304
2017-01-13,196.0305633544922,2.380000114440918,11.229999542236328,-0.0035235301713800737,0.06013945222962932
2017-01-17,195.33984375,2.3269999027252197,11.869999885559082,0.0022100812136300885,0.060259297657116094
2017-01-18,195.7715606689453,2.3889999389648438,12.479999542236328,-0.003704496112067801,0.06011779112070823
2017-01-19,195.04632568359375,2.4590001106262207,12.779999732971191,0.0036737566414728473,0.06140415145250116
2017-01-20,195.76287841796875,2.4670000076293945,11.539999961853027,-0.002601890827370279,0.06125776019763215
2017-01-23,195.25352478027344,2.4030001163482666,11.770000457763672,0.006411857955546774,0.061148689559874944
2017-01-24,196.50546264648438,2.4709999561309814,11.069999694824219,0.0086554142502413,0.06466261121340368
2017-01-25,198.206298828125,2.5230000019073486,10.8100004196167,-0.0010455248671865647,0.0708317371041145
2017-01-26,197.9990692138672,2.507999897003174,10.630000114440918,-0.0015697360378919,0.07086584593239646
2017-01-27,197.68826293945312,2.4809999465942383,10.579999923706055,-0.006201749994481198,0.06322964657695566
2017-01-30,196.46224975585938,2.4830000400543213,11.880000114440918,-8.768693666583172e-05,0.06815353579081777
2017-01-31,196.4450225830078,2.4509999752044678,11.989999771118164,0.0003952083780447424,0.06626855754290482
2017-02-01,196.5226593017578,2.4739999771118164,11.8100004196167,0.0006591192120632972,0.06127631589709228
2017-02-02,196.65219116210938,2.4700000286102295,11.930000305175781,0.00689287650225423,0.057856522421116344
2017-02-03,198.0076904296875,2.490999937057495,10.970000267028809,-0.001787752014544286,0.06225176464528235
2017-02-06,197.65370178222656,2.4130001068115234,11.369999885559082,4.3694980319086696e-05,0.061819880265244806
2017-02-07,197.66233825683594,2.3889999389648438,11.289999961853027,0.0013106377420595283,0.060296488402990435
2017-02-08,197.92140197753906,2.3510000705718994,11.449999809265137,0.005932398153200014,0.06031694830734115
2017-02-09,199.09555053710938,2.3949999809265137,10.880000114440918,0.00394645095320123,0.06278312949952036
2017-02-10,199.8812713623047,2.4089999198913574,10.850000381469727,0.005442455119574419,0.062488329432392284
2017-02-13,200.9691162109375,2.434000015258789,11.069999694824219,0.003995380052346453,0.0642632509151144
2017-02-14,201.77206420898438,2.4700000286102295,10.739999771118164,0.005220241733287612,0.06236588633958012
2017-02-15,202.8253631591797,2.502000093460083,11.970000267028809,-0.0008512406710530218,0.06364047148240616
2017-02-16,202.6527099609375,2.450000047683716,11.760000228881836,0.0015763816228959726,0.06113639455293083
2017-02-17,202.97216796875,2.424999952316284,11.489999771118164,0.005955051517127163,0.060791519832980645
2017-02-21,204.18087768554688,2.427000045776367,11.569999694824219,-0.0008879623483637467,0.06012668218229706
2017-02-22,203.99957275390625,2.4179999828338623,11.739999771118164,0.000677446774389967,0.05898912120431736
2017-02-23,204.1377716064453,2.388000011444092,11.710000038146973,0.0012686146514229169,0.053364400840000985
2017-02-24,204.39674377441406,2.316999912261963,11.470000267028809,0.0015627070448727132,0.05253718985319606
2017-02-27,204.71615600585938,2.36899995803833,12.09000015258789,-0.002699034709924719,0.051192785675543626
2017-02-28,204.1636199951172,2.3580000400543213,12.920000076293945,0.013997538278395671,0.045123958601653996
2017-03-01,207.0214080810547,2.4630000591278076,12.539999961853027,-0.006297321769792252,0.061503805367463485
2017-03-02,205.7177276611328,2.489000082015991,11.8100004196167,0.0006294357100700143,0.06887855792297609
2017-03-03,205.8472137451172,2.492000102996826,10.960000038146973,-0.0029776723497437763,0.06888800474048572
2017-03-06,205.23426818847656,2.49399995803833,11.239999771118164,-0.002987085799926237,0.06906268484983219
2017-03-07,204.6212158203125,2.510999917984009,11.449999809265137,-0.001856666370371629,0.07001435632838376
2017-03-08,204.24130249023438,2.552000045776367,11.859999656677246,0.0012684198423358328,0.07094483708967696
2017-03-09,204.5003662109375,2.5980000495910645,12.300000190734863,0.00350384446180807,0.07094765710481656
2017-03-10,205.21690368652344,2.5820000171661377,11.65999984741211,0.000504941038783624,0.06951069421709256
2017-03-13,205.32052612304688,2.6080000400543213,11.350000381469727,-0.003826652514743345,0.06899170833248253
2017-03-14,204.5348358154297,2.5950000286102295,12.300000190734863,0.00865350506307827,0.06954658453251758
2017-03-15,206.30477905273438,2.507999897003174,11.630000114440918,-0.0019669550952302606,0.07412138425030158
2017-03-16,205.89898681640625,2.5220000743865967,11.210000038146973,-0.0017562144855309825,0.07323565365150383
2017-03-17,205.53738403320312,2.500999927520752,11.279999732971191,-0.0010967997411748254,0.07356980143587474
2017-03-20,205.31195068359375,2.4730000495910645,11.34000015258789,-0.012839452992733591,0.07376736257013741
2017-03-21,202.6758575439453,2.436000108718872,12.470000267028809,0.002353159950657213,0.08493739887876063
2017-03-22,203.1527862548828,2.3959999084472656,12.8100004196167,-0.001067011491291625,0.08544595204568241
2017-03-23,202.93601989746094,2.4179999828338623,13.119999885559082,-0.0007266375755989873,0.08543429655621484
2017-03-24,202.78855895996094,2.4000000953674316,12.960000038146973,-0.001026113640298587,0.08524752795556455
2017-03-27,202.58047485351562,2.372999906539917,12.5,0.007276793845038654,0.08495936997500149
2017-03-28,204.0546112060547,2.4089999198913574,11.529999732971191,0.0009347993703396895,0.08884206787710133
2017-03-29,204.245361328125,2.385999917984009,11.420000076293945,0.003184135220520412,0.07203176388030777
2017-03-30,204.8957061767578,2.4159998893737793,11.539999961853027,-0.002327591246529148,0.07003364551623205
2017-03-31,204.41879272460938,2.3959999084472656,12.369999885559082,-0.0017389240258300909,0.07036006523509497
2017-04-03,204.06332397460938,2.3499999046325684,12.380000114440918,0.0006375297285809989,0.06987961350227925
2017-04-04,204.19342041015625,2.3499999046325684,11.789999961853027,-0.002972794839643078,0.06919618368488
2017-04-05,203.58639526367188,2.3570001125335693,12.890000343322754,0.0028111475750920434,0.06968463141293463
2017-04-06,204.15870666503906,2.3429999351501465,12.390000343322754,-0.001019526156888606,0.07031386155808551
2017-04-07,203.9505615234375,2.372999906539917,12.869999885559082,0.000595162210319522,0.06908339027427503
2017-04-10,204.0719451904297,2.3610000610351562,14.050000190734863,-0.001189466862677957,0.0690980811877654
2017-04-11,203.82920837402344,2.2980000972747803,15.069999694824219,-0.004382043592709772,0.06793513846396936
2017-04-12,202.93601989746094,2.2960000038146973,15.770000457763672,-0.0064950000432343336,0.06088728360143652
2017-04-13,201.61795043945312,2.2320001125335693,15.960000038146973,0.008859980834366565,0.06406141294062673
2017-04-17,203.40428161621094,2.252000093460083,14.65999984741211,-0.0029842532461564764,0.07295799746697472
2017-04-18,202.79727172851562,2.178999900817871,14.420000076293945,-0.0018386034799836581,0.07346471489416329
2017-04-19,202.42440795898438,2.2019999027252197,14.930000305175781,0.008139024577407339,0.05789623945339071
2017-04-20,204.0719451904297,2.240999937057495,14.149999618530273,-0.0031867662614618597,0.06436995340856627
2017-04-21,203.42161560058594,2.236999988555908,14.630000114440918,0.010997837517765285,0.0653699914255713
2017-04-24,205.6588134765625,2.2730000019073486,10.84000015258789,0.005818569087411518,0.07576026289109634
2017-04-25,206.85545349121094,2.3269999027252197,10.760000228881836,-0.0006289243689309165,0.07755013521657411
2017-04-26,206.72535705566406,2.311000108718872,10.850000381469727,0.0008393149872900629,0.07414154248364549
2017-04-27,206.89886474609375,2.2960000038146973,10.359999656677246,-0.0021798284339248353,0.07413763540951926
2017-04-28,206.44786071777344,2.2820000648498535,10.819999694824219,0.00252044251759842,0.07415652567314007
2017-05-01,206.96820068359375,2.325000047683716,10.109999656677246,0.0003770310946700217,0.07379796992905693
2017-05-02,207.04623413085938,2.2960000038146973,10.59000015258789,-0.001214682133118039,0.0732774297087896
2017-05-03,206.79473876953125,2.309000015258789,10.680000305175781,0.0011740269323003982,0.07360464382505495
2017-05-04,207.0375213623047,2.3559999465942383,10.460000038146973,0.003937085927010919,0.07236395056059866
2017-05-05,207.85264587402344,2.3519999980926514,10.569999694824219,-0.0001667910870425393,0.07287707692894117
2017-05-08,207.81797790527344,2.375999927520752,9.770000457763672,-0.0009179445531238839,0.07264057649870166
2017-05-09,207.62721252441406,2.4070000648498535,9.960000038146973,0.0017959063447738899,0.07293646076793642
2017-05-10,208.00009155273438,2.4140000343322754,10.210000038146973,-0.002042842846132653,0.07258526183453594
2017-05-11,207.57518005371094,2.4000000953674316,10.600000381469727,-0.0016710959935963832,0.07072600002609834
2017-05-12,207.22830200195312,2.3350000381469727,10.399999618530273,0.005523781389087601,0.06571429913457966
2017-05-15,208.37298583984375,2.3380000591278076,10.420000076293945,-0.000915572807480336,0.061617977352401224
2017-05-16,208.1822052001953,2.3289999961853027,10.649999618530273,-0.017744146284632722,0.06016883051888372
2017-05-17,204.48818969726562,2.2160000801086426,15.59000015258789,0.004028403731030528,0.09022047749440551
2017-05-18,205.31195068359375,2.2330000400543213,14.65999984741211,0.006504191203422494,0.08673038947460072
2017-05-19,206.6473388671875,2.244999885559082,12.039999961853027,0.005077516975759977,0.0883444347949775
2017-05-22,207.69659423828125,2.253999948501587,10.930000305175781,0.0022128178280824695,0.08151768154848185
2017-05-23,208.15618896484375,2.2850000858306885,10.720000267028809,0.0023328429749789326,0.07937752278281855
2017-05-24,208.64178466796875,2.2660000324249268,10.020000457763672,0.0047793008807954784,0.07960113164975138
2017-05-25,209.63894653320312,2.255000114440918,9.989999771118164,-0.000206712357861627,0.0810565621177985
2017-05-26,209.59561157226562,2.25,9.8100004196167,-0.0008685170083003735,0.08043652461858086
2017-05-30,209.41357421875,2.2170000076293945,10.380000114440918,-0.0002486132452276246,0.08035740995817493
2017-05-31,209.36151123046875,2.196000099182129,10.40999984741211,0.007952281790542193,0.08041107687214247
2017-06-01,211.0264129638672,2.2170000076293945,9.890000343322754,0.003328168891772787,0.08420904804112514
2017-06-02,211.72874450683594,2.1589999198913574,9.75,-0.0007370356637482756,0.08460522967905308
2017-06-05,211.57269287109375,2.181999921798706,10.069999694824219,-0.0031969702345974182,0.08417741869587494
2017-06-06,210.89630126953125,2.1470000743865967,10.449999809265137,0.0018505495141556416,0.08536593596520013
2017-06-07,211.2865753173828,2.177999973297119,10.390000343322754,0.0004920965211143713,0.08521430825029343
2017-06-08,211.3905487060547,2.194000005722046,10.15999984741211,-0.0015175017257134105,0.08515566453108685
2017-06-09,211.06976318359375,2.1989998817443848,10.699999809265137,-0.0002053833721737952,0.08494136026766654
2017-06-12,211.0264129638672,2.2130000591278076,11.460000038146973,0.004889721324785823,0.0845229578538968
2017-06-13,212.0582733154297,2.2070000171661377,10.420000076293945,-0.0012676425338719044,0.08409398689622798
2017-06-14,211.78945922851562,2.138000011444092,10.640000343322754,-0.0019241584589556604,0.08420348189197345
2017-06-15,211.38194274902344,2.1619999408721924,10.899999618530273,0.00021836225135296594,0.04930659263472246
2017-06-16,211.4281005859375,2.1570000648498535,10.380000114440918,0.008324966412031287,0.048734605472824495
2017-06-19,213.188232421875,2.190000057220459,10.369999885559082,-0.006744012670361066,0.05157343806197488
2017-06-20,211.75048828125,2.1530001163482666,10.859999656677246,-0.00024673423033905184,0.05761052449055974
2017-06-21,211.6982421875,2.1549999713897705,10.75,-0.00045286616784834255,0.05757013592602354
2017-06-22,211.6023712158203,2.1530001163482666,10.479999542236328,0.0011941527187200318,0.0574677577337307
2017-06-23,211.8550567626953,2.1440000534057617,10.020000457763672,0.0006581613702489886,0.05547605532884506
2017-06-26,211.99449157714844,2.13700008392334,9.899999618530273,-0.00805613019425011,0.05540827402978714
2017-06-27,210.28663635253906,2.197999954223633,11.0600004196167,0.008950214946364055,0.06321572793547289
2017-06-28,212.1687469482422,2.2209999561309814,10.029999732971191,-0.00878868865190896,0.07035022832785401
2017-06-29,210.30406188964844,2.2669999599456787,11.4399995803833,0.0018643950108570007,0.0724499207164992
2017-06-30,210.69615173339844,2.302000045776367,11.180000305175781,0.0016955163470819823,0.07169719712616687
2017-07-03,211.0533905029297,2.3459999561309814,11.220000267028809,0.0023121700714920923,0.07199051162711274
2017-07-05,211.5413818359375,2.3340001106262207,11.069999694824219,-0.00914453817687444,0.07151491567550135
2017-07-06,209.60693359375,2.369999885559082,12.539999961853027,0.006485207617494604,0.07839161727260859
2017-07-07,210.96627807617188,2.3929998874664307,11.1899995803833,0.0010739998868789513,0.082083018652734
2017-07-10,211.19285583496094,2.371000051498413,11.109999656677246,-0.0007428796230836143,0.08199973115642317
2017-07-11,211.0359649658203,2.361999988555908,10.890000343322754,0.007514938230873458,0.0820434084875846
2017-07-12,212.62188720703125,2.3269999027252197,10.300000190734863,0.0016800163738801555,0.0846015509088026
2017-07-13,212.97909545898438,2.3480000495910645,9.899999618530273,0.004664346052292823,0.08459520762181744
2017-07-14,213.97250366210938,2.319000005722046,9.510000228881836,-0.00012237124669345345,0.08553186072023004
2017-07-17,213.94631958007812,2.309000015258789,9.819999694824219,0.0005294844530270293,0.08556178819605541
2017-07-18,214.05960083007812,2.263000011444092,9.890000343322754,0.005414292649093433,0.08056267562006741
2017-07-19,215.2185821533203,2.2679998874664307,9.789999961853027,0.00044517501957708205,0.07815467049925097
2017-07-20,215.31439208984375,2.2660000324249268,9.579999923706055,-0.0008903081913456123,0.07806747154334401
2017-07-21,215.12269592285156,2.2320001125335693,9.359999656677246,-0.000243008349741336,0.07818030821394391
2017-07-24,215.07041931152344,2.253999948501587,9.430000305175781,0.0024307451194069962,0.07825959382196801
2017-07-25,215.59320068359375,2.3259999752044678,9.430000305175781,4.055455415619136e-05,0.07848012707114758
2017-07-26,215.60194396972656,2.2820000648498535,9.600000381469727,-0.0009294613632331306,0.07121477615765774
2017-07-27,215.40155029296875,2.309999942779541,10.109999656677246,-0.001173090660356535,0.06546462338149042
2017-07-28,215.14886474609375,2.2890000343322754,10.289999961853027,-0.0005670923594588428,0.05555638539319222
2017-07-31,215.02685546875,2.2920000553131104,10.260000228881836,0.0022287113255747837,0.05580879585889503
2017-08-01,215.50608825683594,2.250999927520752,10.09000015258789,0.00048501045109006213,0.05592589756497348
2017-08-02,215.61061096191406,2.26200008392334,10.279999732971191,-0.0019396674809241121,0.05575494014487063
2017-08-03,215.19239807128906,2.2279999256134033,10.4399995803833,0.001822255914390114,0.042798470995706585
2017-08-04,215.58453369140625,2.2669999599456787,10.029999732971191,0.0018590020715505418,0.03829736095671206
2017-08-07,215.9853057861328,2.256999969482422,9.930000305175781,-0.0024607177784686796,0.03839532178297801
2017-08-08,215.45382690429688,2.2829999923706055,10.960000038146973,-4.0722431515871627e-05,0.039956394645830354
2017-08-09,215.44505310058594,2.240999937057495,11.109999656677246,-0.014114827910265637,0.03190577215112669
2017-08-10,212.40408325195312,2.2119998931884766,16.040000915527344,0.001476496528692195,0.06111234660500915
2017-08-11,212.7176971435547,2.188999891281128,15.510000228881836,0.009913155518312067,0.058800577415801254
2017-08-14,214.82640075683594,2.2190001010894775,12.329999923706055,-0.00012145867176915903,0.06906828951364102
2017-08-15,214.80030822753906,2.2660000324249268,12.039999961853027,0.0017441026605309329,0.06906754111805079
2017-08-16,215.17494201660156,2.2260000705718994,11.739999771118164,-0.015590597023551367,0.06656296644673299
2017-08-17,211.8202362060547,2.1989998817443848,15.550000190734863,-0.0015633361862189554,0.08649020946254365
2017-08-18,211.4890899658203,2.194000005722046,14.260000228881836,0.0007828920165289244,0.08653214822317966
2017-08-21,211.6546630859375,2.180000066757202,13.1899995803833,0.010456780333069071,0.08670203973361865
2017-08-22,213.86788940429688,2.2149999141693115,11.350000381469727,-0.0035853906301391847,0.09494065961437162
2017-08-23,213.10108947753906,2.1710000038146973,12.25,-0.002330336701968916,0.09559547269587187
2017-08-24,212.6044921875,2.194000005722046,12.229999542236328,0.0023357798554939357,0.09579525738033827
2017-08-25,213.10108947753906,2.1689999103546143,11.279999732971191,4.1315233585415e-05,0.09634245305686862
2017-08-28,213.10989379882812,2.1589999198913574,11.319999694824219,0.0011446782521156162,0.09635772915841843
2017-08-29,213.3538360595703,2.135999917984009,11.699999809265137,0.0047375417463593195,0.09603730539540349
2017-08-30,214.36460876464844,2.1429998874664307,11.220000267028809,0.006016115913052955,0.09777710600873572
2017-08-31,215.6542510986328,2.121000051498413,10.59000015258789,0.0014139131516424097,0.10002929150665152
2017-09-01,215.95916748046875,2.1570000648498535,10.130000114440918,-0.007181818824144481,0.09994792671719731
2017-09-05,214.40818786621094,2.069999933242798,12.229999542236328,0.0034137390042525695,0.10295142317475013
2017-09-06,215.14012145996094,2.1080000400543213,11.630000114440918,-0.00012170710815617714,0.10346173460643117
2017-09-07,215.1139373779297,2.061000108718872,11.550000190734863,-0.0011743753789179578,0.10346201066938006
2017-09-08,214.86131286621094,2.061000108718872,12.119999885559082,0.010665889457474043,0.08937940602105728
2017-09-11,217.1529998779297,2.125,10.729999542236328,0.0033705191057566974,0.0962740165311208
2017-09-12,217.88491821289062,2.1710000038146973,10.579999923706055,0.000479925284884386,0.09093842554066166
2017-09-13,217.98948669433594,2.194999933242798,10.5,-0.0003199600396439628,0.09088942485874144
2017-09-14,217.91973876953125,2.197000026702881,10.4399995803833,0.001346558940084286,0.09088614430758254
2017-09-15,218.2131805419922,2.2019999027252197,10.170000076293945,0.002126731343149002,0.06766407433528238
2017-09-18,218.67726135253906,2.2290000915527344,10.149999618530273,0.0010009606291376816,0.06671202031243521
2017-09-19,218.89614868164062,2.243000030517578,10.180000305175781,0.0003601806772790539,0.06667756764107045
2017-09-20,218.97499084472656,2.2769999504089355,9.779999732971191,-0.002679373091780235,0.05816256691934378
2017-09-21,218.38827514648438,2.2780001163482666,9.670000076293945,0.00020045703365223488,0.057258453363827844
2017-09-22,218.4320526123047,2.26200008392334,9.59000015258789,-0.002044545353762306,0.055857518012246
2017-09-25,217.98545837402344,2.2200000286102295,10.210000038146973,0.0006026923759414604,0.05699393642089257
2017-09-26,218.11683654785156,2.2290000915527344,10.170000076293945,0.0038941537325007936,0.0568851581795217
2017-09-27,218.96621704101562,2.309000015258789,9.869999885559082,0.0011998464129692188,0.057701631554863096
2017-09-28,219.22894287109375,2.309000015258789,9.550000190734863,0.0035149743293632074,0.05625913175841282
2017-09-29,219.99952697753906,2.3259999752044678,9.510000228881836,0.0043389153571649075,0.054033669195749895
2017-10-02,220.95408630371094,2.3369998931884766,9.449999809265137,0.002139712952231365,0.055310821841587095
2017-10-03,221.42686462402344,2.3340001106262207,9.510000228881836,0.0011865128945587333,0.04576041408618782
2017-10-04,221.68959045410156,2.3299999237060547,9.630000114440918,0.0059252584324942514,0.04528016950455635
2017-10-05,223.00315856933594,2.3499999046325684,9.1899995803833,-0.0011387137707252748,0.04743615234895773
2017-10-06,222.7492218017578,2.369999885559082,9.649999618530273,-0.0016510375704552605,0.04740658723923958
2017-10-09,222.38145446777344,2.3610000610351562,10.329999923706055,0.0026381243133744015,0.03556669853547021
2017-10-10,222.96812438964844,2.3450000286102295,10.079999923706055,0.0015709218700588057,0.0350633483025805
2017-10-11,223.31838989257812,2.3450000286102295,9.850000381469727,-0.0014901546210508432,0.034998116636390186
2017-10-12,222.98561096191406,2.322999954223633,9.90999984741211,0.001217497280783686,0.03591145585103014
2017-10-13,223.25709533691406,2.2799999713897705,9.609999656677246,0.0013335723630114593,0.03590510872605329
2017-10-16,223.55482482910156,2.306999921798706,9.90999984741211,0.0007052131785314497,0.035727609543340574
2017-10-17,223.7124786376953,2.2980000972747803,10.3100004196167,0.0009786360904047164,0.035754554793094244
2017-10-18,223.93141174316406,2.3389999866485596,10.069999694824219,0.00027358394076570924,0.035654098382352804
2017-10-19,223.99267578125,2.321000099182129,10.050000190734863,0.005160364217405622,0.032913676614511264
2017-10-20,225.1485595703125,2.38100004196167,9.970000267028809,-0.0038893048589337953,0.035391945053006156
2017-10-23,224.27288818359375,2.375999927520752,11.069999694824219,0.0017571840640611125,0.0383378450184119
2017-10-24,224.66697692871094,2.4059998989105225,11.15999984741211,-0.004950225061168045,0.038228067014531124
2017-10-25,223.55482482910156,2.444000005722046,11.229999542236328,0.0012927543168199662,0.04337486860341703
2017-10-26,223.8438262939453,2.4519999027252197,11.300000190734863,0.008176168924668437,0.04338063343308151
2017-10-27,225.67401123046875,2.427999973297119,9.800000190734863,-0.003725209556983078,0.04960795564814944
2017-10-30,224.8333282470703,2.369999885559082,10.5,0.0015578895960868255,0.05124181743856795
2017-10-31,225.18359375,2.375999927520752,10.180000305175781,0.001322298862039606,0.051092841520203894
2017-11-01,225.48135375976562,2.375999927520752,10.199999809265137,0.0003883699870055324,0.05110709968092902
2017-11-02,225.5689239501953,2.3469998836517334,9.930000305175781,0.003338725830580369,0.04746864065049454
2017-11-03,226.32203674316406,2.3429999351501465,9.140000343322754,0.0015476420589444206,0.0479808949563291
2017-11-06,226.67230224609375,2.319999933242798,9.399999618530273,-0.0006955142160359751,0.047149681759707844
2017-11-07,226.5146484375,2.306999921798706,9.890000343322754,0.0017011270699414105,0.047061034233006005
2017-11-08,226.8999786376953,2.325000047683716,9.779999732971191,-0.003627812746866743,0.04709182088121267
2017-11-09,226.0768280029297,2.3310000896453857,10.5,-0.00030993162808390373,0.04904160947394871
2017-11-10,226.0067596435547,2.4000000953674316,11.289999961853027,0.0009300831464356119,0.049124644148477156
2017-11-13,226.2169647216797,2.4000000953674316,11.5,-0.002322709978951565,0.04906740326887686
2017-11-14,225.6915283203125,2.38100004196167,11.59000015258789,-0.005005300549255853,0.050143865826521895
2017-11-15,224.56187438964844,2.3350000381469727,13.130000114440918,0.008501186426178364,0.05367410396952005
2017-11-16,226.47091674804688,2.3610000610351562,11.760000228881836,-0.0029388226571651632,0.06133261571511059
2017-11-17,225.80535888671875,2.3540000915527344,11.430000305175781,0.0017064029981659345,0.059994160871842936
2017-11-20,226.190673828125,2.371999979019165,10.649999618530273,0.006542526150136396,0.05825719667432583
2017-11-21,227.6705322265625,2.36299991607666,9.729999542236328,-0.0008845479301926584,0.0620533871833837
2017-11-22,227.46914672851562,2.322000026702881,9.880000114440918,0.0023099238245012366,0.05875892040986836
2017-11-24,227.9945831298828,2.3399999141693115,9.670000076293945,-0.0004992018058268544,0.05896545739448
2017-11-27,227.88076782226562,2.328000068664551,9.869999885559082,0.01014503835910574,0.05250420074004189
2017-11-28,230.192626953125,2.3380000591278076,10.029999732971191,-0.0006087139358702531,0.060242477593028775
2017-11-29,230.05250549316406,2.375999927520752,10.699999809265137,0.008754821423040182,0.06055487702499973
2017-11-30,232.0665740966797,2.4170000553131104,11.279999732971191,-0.0020753890121552043,0.0664176345440098
2017-12-01,231.58494567871094,2.361999988555908,11.430000305175781,-0.0012101744260171188,0.06750615167695917
2017-12-04,231.3046875,2.378999948501587,11.680000305175781,-0.0035966605236936733,0.06763783026227076
2017-12-05,230.47276306152344,2.3559999465942383,11.329999923706055,0.00019007878769050635,0.06962016240659723
2017-12-06,230.51657104492188,2.3299999237060547,11.020000457763672,0.0031530136689064125,0.06943167962024514
2017-12-07,231.24339294433594,2.375999927520752,10.15999984741211,0.005453135637123241,0.06984802488313174
2017-12-08,232.50439453125,2.382999897003174,9.579999923706055,0.003013110891301185,0.06937732625624041
2017-12-11,233.2049560546875,2.384999990463257,9.34000015258789,0.0017647343639994872,0.0692862789406329
2017-12-12,233.6165008544922,2.4030001163482666,9.920000076293945,-0.00011240805285805955,0.06924610861949491
2017-12-13,233.59024047851562,2.3489999771118164,10.180000305175781,-0.004086142598557552,0.06801056150677795
2017-12-14,232.63575744628906,2.3459999561309814,10.489999771118164,0.008327420860149815,0.06687195971882465
2017-12-15,234.57301330566406,2.3550000190734863,9.420000076293945,0.006340931883265011,0.06664263710544974
2017-12-18,236.0604248046875,2.3919999599456787,9.529999732971191,-0.0038400936598119717,0.06608933937949976
2017-12-19,235.1539306640625,2.4630000591278076,10.029999732971191,-0.0005242991910738848,0.06951736148771324
2017-12-20,235.0306396484375,2.496999979019165,9.720000267028809,0.002059667980872204,0.0678363497589109
2017-12-21,235.5147247314453,2.4809999465942383,9.619999885559082,-0.00026135926383508146,0.06720784287611019
2017-12-22,235.4531707763672,2.484999895095825,9.899999618530273,-0.0011959955825606716,0.06754160155200653
2017-12-26,235.17156982421875,2.4670000076293945,10.25,0.0004862380487566931,0.06787594540916737
2017-12-27,235.28591918945312,2.4140000343322754,10.470000267028809,0.002057498142959746,0.05991094828958375
2017-12-28,235.77001953125,2.431999921798706,10.180000305175781,-0.003770332106607155,0.05964838546656413
2017-12-29,234.88108825683594,2.4049999713897705,11.039999961853027,0.007157136669796449,0.0551012542636845
2018-01-02,236.56216430664062,2.4649999141693115,9.770000457763672,0.0063254119854705415,0.05876080596185621
2018-01-03,238.0585174560547,2.447000026702881,9.149999618530273,0.004214492760683086,0.06093014022450967
2018-01-04,239.0618133544922,2.453000068664551,9.220000267028809,0.006664068875299911,0.05861907940892715
2018-01-05,240.65493774414062,2.4760000705718994,9.220000267028809,0.0018287345286409629,0.06067422731938255
2018-01-08,241.09503173828125,2.4800000190734863,9.520000457763672,0.0022634231377880454,0.06056914987632773
2018-01-09,241.64073181152344,2.5460000038146973,10.079999923706055,-0.0015298525204994196,0.05926794776693609
2018-01-10,241.27105712890625,2.549999952316284,9.819999694824219,0.007295942180402859,0.060356338642851254
2018-01-11,243.03135681152344,2.5309998989105225,9.880000114440918,0.006519057244029236,0.06353449023003525
2018-01-12,244.61569213867188,2.552000045776367,10.15999984741211,-0.0034180364283649123,0.06497520603858442
2018-01-16,243.7795867919922,2.5439999103546143,11.65999984741211,0.009531219887109366,0.06413992297594351
2018-01-17,246.1031036376953,2.578000068664551,11.90999984741211,-0.0016806156859241472,0.06574999474411602
2018-01-18,245.6894989013672,2.6110000610351562,12.220000267028809,0.004549636254544298,0.06555471532684304
2018-01-19,246.8072967529297,2.63700008392334,11.270000457763672,0.00813118560067938,0.0623102771279656
2018-01-22,248.8141326904297,2.6649999618530273,11.029999732971191,0.00212224944213224,0.06440923500967285
2018-01-23,249.34217834472656,2.624000072479248,11.100000381469727,-0.0003884733566209553,0.06439928587829687
2018-01-24,249.2453155517578,2.6540000438690186,11.470000267028809,0.00042394824562252964,0.06448264585398283
2018-01-25,249.35098266601562,2.621000051498413,11.579999923706055,0.011577908616032362,0.06337874661900508
2018-01-26,252.23794555664062,2.6619999408721924,11.079999923706055,-0.00662998090942013,0.06960808060256694
2018-01-29,250.56561279296875,2.6989998817443848,13.84000015258789,-0.01025718911827167,0.07827650261621674
2018-01-30,247.99551391601562,2.7260000705718994,14.789999961853027,0.0004969655995452626,0.0885020406467739
2018-01-31,248.11875915527344,2.7200000286102295,13.539999961853027,-0.0011350672181554833,0.08723683182399433
2018-02-01,247.83712768554688,2.7730000019073486,13.470000267028809,-0.021770131165292694,0.08680510707147972
2018-02-02,242.44168090820312,2.8540000915527344,17.309999465942383,-0.04182260075079969,0.12056630351353637
2018-02-05,232.30213928222656,2.7939999103546143,37.31999969482422,0.019702442559530242,0.1911170687612874
2018-02-06,236.87905883789062,2.7679998874664307,29.979999542236328,-0.005424917866445944,0.20547880027694104
2018-02-07,235.59400939941406,2.8440001010894775,27.729999542236328,-0.037508818878166816,0.20577021826729666
2018-02-08,226.7571563720703,2.8510000705718994,33.459999084472656,0.015021307460985955,0.24285948426465406
2018-02-09,230.16334533691406,2.8289999961853027,29.059999465942383,0.014684315848895402,0.24867526860453776
2018-02-12,233.5431365966797,2.8570001125335693,25.610000610351562,0.002487605258847392,0.25427180431482893
2018-02-13,234.1240997314453,2.8399999141693115,24.969999313354492,0.013496544510506858,0.2547570918386188
2018-02-14,237.28396606445312,2.9130001068115234,19.260000228881836,0.01276018057646744,0.25749001928707194
2018-02-15,240.31175231933594,2.8910000324249268,19.1299991607666,0.0002925886866596006,0.26255406085788163
2018-02-16,240.38206481933594,2.877000093460083,19.459999084472656,-0.006261077174417484,0.2617999456642192
2018-02-20,238.87701416015625,2.8929998874664307,20.600000381469727,-0.004974115690764003,0.2599840448242274
2018-02-21,237.68881225585938,2.943000078201294,20.020000457763672,0.0012958704833110346,0.2597456932832738
2018-02-22,237.996826171875,2.9170000553131104,18.719999313354492,0.01593929998409993,0.25997548754958855
2018-02-23,241.7903289794922,2.871000051498413,16.489999771118164,0.011612667977241697,0.267751657176563
2018-02-26,244.59815979003906,2.8589999675750732,15.800000190734863,-0.012487036014069863,0.26777403271678935
2018-02-27,241.54385375976562,2.9079999923706055,18.59000015258789,-0.010129870097053573,0.27008847484983406
2018-02-28,239.0970458984375,2.868000030517578,19.850000381469727,-0.014540893038842984,0.27003529978035296
2018-03-01,235.620361328125,2.803999900817871,22.469999313354492,0.005154965646082532,0.27367413520316036
2018-03-02,236.83497619628906,2.8570001125335693,19.59000015258789,0.01155798543374531,0.2749790092443807
2018-03-05,239.5723114013672,2.88100004196167,18.729999542236328,0.002534996886426999,0.2687752003774371
2018-03-06,240.17962646484375,2.877000093460083,18.360000610351562,-0.0003661911772068205,0.2199078485290874
2018-03-07,240.0916748046875,2.882999897003174,17.760000228881836,0.004838938881886579,0.20948241552813623
2018-03-08,241.2534637451172,2.865999937057495,16.540000915527344,0.01740242278894777,0.20863143265681047
2018-03-09,245.4518585205078,2.8940000534057617,14.640000343322754,-0.0012553204094534198,0.1582198673400434
2018-03-12,245.14373779296875,2.869999885559082,15.779999732971191,-0.006462696396182133,0.15368798812699755
2018-03-13,243.5594482421875,2.8480000495910645,16.350000381469727,-0.005131465453512063,0.1510421991712926
2018-03-14,242.30963134765625,2.816999912261963,17.229999542236328,-0.0010897352418802742,0.15321848694354348
2018-03-15,242.0455780029297,2.8259999752044678,16.59000015258789,0.001084430839922046,0.147027457715564
2018-03-16,242.3080596923828,2.8480000495910645,15.800000190734863,-0.013530374024372072,0.14036792195164263
2018-03-19,239.029541015625,2.8450000286102295,19.020000457763672,0.0017008574507311192,0.14889156154047906
2018-03-20,239.43609619140625,2.878999948501587,18.200000762939453,-0.0019190419587853391,0.1472951495957563
2018-03-21,238.9766082763672,2.9070000648498535,17.860000610351562,-0.024997236867233763,0.1462791110013633
2018-03-22,233.0028533935547,2.8320000171661377,23.34000015258789,-0.021314761060440057,0.1715256319865822
2018-03-23,228.0364532470703,2.8299999237060547,24.8700008392334,0.027359118482753297,0.17367898647245814
2018-03-26,234.27532958984375,2.8429999351501465,21.030000686645508,-0.017011987128901396,0.19833457468057195
2018-03-27,230.2898406982422,2.7860000133514404,22.5,-0.0029546903962457405,0.2020985028788
2018-03-28,229.60940551757812,2.7750000953674316,22.8700008392334,0.012777582620366434,0.20000832016435402
2018-03-29,232.5432586669922,2.740999937057495,19.969999313354492,-0.021584578169686175,0.20069989954711617
2018-04-02,227.52391052246094,2.7320001125335693,23.6200008392334,0.012816907670957445,0.2126520220119283
2018-04-03,230.4400634765625,2.7839999198913574,21.100000381469727,0.010699160117917161,0.21375425061445638
2018-04-04,232.90557861328125,2.7880001068115234,20.059999465942383,0.007892123141833185,0.2179024220223624
2018-04-05,234.7436981201172,2.8320000171661377,18.940000534057617,-0.022285840315134475,0.2204031138763228
2018-04-06,229.51223754882812,2.7750000953674316,21.489999771118164,0.004928359317543762,0.23156492924916516
2018-04-09,230.6433563232422,2.7860000133514404,21.770000457763672,0.015900162502680226,0.22143551348385818
2018-04-10,234.3106231689453,2.796999931335449,20.469999313354492,-0.00524219510554369,0.23139210670719532
2018-04-11,233.0823211669922,2.7899999618530273,20.239999771118164,0.008227147084607145,0.23113124251952893
2018-04-12,234.9999237060547,2.8340001106262207,18.489999771118164,-0.0029331947272100978,0.23365406878931488
2018-04-13,234.3106231689453,2.8289999961853027,17.40999984741211,0.008221984931928938,0.2337103751369437
2018-04-16,236.23712158203125,2.8320000171661377,16.559999465942383,0.010698528281422481,0.23612588594511047
2018-04-17,238.76451110839844,2.813999891281128,15.25,0.000740174048904807,0.23495377030416764
2018-04-18,238.9412384033203,2.867000102996826,15.600000381469727,-0.005547327193704543,0.23488892251003374
2018-04-19,237.61575317382812,2.9140000343322754,15.960000038146973,-0.008479882273660588,0.23563416897819944
2018-04-20,235.60079956054688,2.9509999752044678,16.8799991607666,-0.0001498024589364766,0.21928913652989565
2018-04-23,235.5655059814453,2.9730000495910645,16.34000015258789,-0.013467529290185576,0.20347712578868213
2018-04-24,232.3930206298828,2.9830000400543213,18.020000457763672,0.002471814220108337,0.1860655012964053
2018-04-25,232.9674530029297,3.0239999294281006,17.84000015258789,0.010165738184821471,0.17545870630417215
2018-04-26,235.3357391357422,2.990000009536743,16.239999771118164,0.0009387301259815573,0.178058827419248
2018-04-27,235.55665588378906,2.9570000171661377,15.40999984741211,-0.007690523319247022,0.17281245123672365
2018-04-30,233.74510192871094,2.936000108718872,15.930000305175781,0.0017767804213917326,0.15518747586266582
2018-05-01,234.16041564941406,2.9760000705718994,15.489999771118164,-0.006717217723492541,0.14924480695591175
2018-05-02,232.58750915527344,2.9639999866485596,15.970000267028809,-0.0022038522310945385,0.14677399120153495
2018-05-03,232.07492065429688,2.946000099182129,15.899999618530273,0.012946387536752368,0.1438955641047652
2018-05-04,235.07945251464844,2.944000005722046,14.770000457763672,0.0033831257314034247,0.12655464790791082
2018-05-07,235.874755859375,2.950000047683716,14.75,0.0,0.12607354577711147
2018-05-08,235.874755859375,2.9690001010894775,14.710000038146973,0.00966568872309792,0.11340025225066976
2018-05-09,238.15464782714844,3.003999948501587,13.420000076293945,0.009351344012632712,0.11595567092851819
2018-05-10,240.3817138671875,2.9709999561309814,13.229999542236328,0.003050910848884758,0.11693634699119798
2018-05-11,241.11509704589844,2.9709999561309814,12.649999618530273,0.00047672028593859217,0.11608531837720693
2018-05-14,241.23004150390625,2.994999885559082,12.930000305175781,-0.0068873593766485275,0.11332224064500865
2018-05-15,239.568603515625,3.0799999237060547,14.630000114440918,0.00420499697841481,0.11066741931568318
2018-05-16,240.57598876953125,3.0950000286102295,13.420000076293945,-0.0008446449497501174,0.1115750719791539
2018-05-17,240.37278747558594,3.1089999675750732,13.430000305175781,-0.002500083951884724,0.10949970958075984
2018-05-18,239.77183532714844,3.066999912261963,13.420000076293945,0.007518541001866774,0.10488343909818532
2018-05-21,241.57456970214844,3.065000057220459,13.079999923706055,-0.002780032202213345,0.10736949799231232
2018-05-22,240.90298461914062,3.065000057220459,13.220000267028809,0.002751298501160848,0.09373328919696552
2018-05-23,241.56578063964844,3.003000020980835,12.579999923706055,-0.002048921579495766,0.09376445537460844
2018-05-24,241.07083129882812,2.9809999465942383,12.529999732971191,-0.0023824567129009377,0.0892799585995507
2018-05-25,240.49649047851562,2.930999994277954,13.220000267028809,-0.01150098044701986,0.09019221909035026
2018-05-29,237.7305450439453,2.7679998874664307,17.020000457763672,0.013344686416332685,0.09592397891937317
2018-05-30,240.90298461914062,2.8420000076293945,14.9399995803833,-0.006126242397777815,0.10567823969336346
2018-05-31,239.42715454101562,2.822000026702881,15.430000305175781,0.009817987243467607,0.10509230733063689
2018-06-01,241.77784729003906,2.8949999809265137,13.460000038146973,0.0047514214599253535,0.10813660274008574
2018-06-04,242.9266357421875,2.937000036239624,12.739999771118164,0.0007275552685730435,0.10087527219266762
2018-06-05,243.10337829589844,2.9189999103546143,12.399999618530273,0.008360457425902634,0.1007147315797705
2018-06-06,245.13583374023438,2.9749999046325684,11.640000343322754,-0.00010799726265842136,0.10336806687558728
2018-06-07,245.10935974121094,2.933000087738037,12.130000114440918,0.0029563319595551363,0.09943624222860095
2018-06-08,245.833984375,2.937000036239624,12.180000305175781,0.0013300249469678782,0.09520508311490375
2018-06-11,246.16094970703125,2.9570000171661377,12.350000381469727,0.0012924918071726132,0.09494235477120934
2018-06-12,246.47911071777344,2.9570000171661377,12.34000015258789,-0.0031912453558121667,0.09492083045040721
2018-06-13,245.69253540039062,2.9769999980926514,12.9399995803833,0.00251799405603359,0.09164924202179375
2018-06-14,246.31118774414062,2.946000099182129,12.119999885559082,-0.0012759683439421687,0.091128971088748
2018-06-15,245.9969024658203,2.9240000247955322,11.979999542236328,-0.002056736985965424,0.0912697211932642
2018-06-18,245.49095153808594,2.9260001182556152,12.3100004196167,-0.0038326145484708363,0.09104638842257042
2018-06-19,244.55007934570312,2.8929998874664307,13.350000381469727,0.001705889010892525,0.08949226942157244
2018-06-20,244.96725463867188,2.927999973297119,12.789999961853027,-0.0062686501342267276,0.08863949804895485
2018-06-21,243.431640625,2.8970000743865967,14.640000343322754,0.0018227933920103023,0.09180178845753698
2018-06-22,243.8753662109375,2.9000000953674316,13.770000457763672,-0.013612540024736886,0.09145965088962248
2018-06-25,240.55560302734375,2.875,17.329999923706055,0.0022140745238266035,0.1041184388325214
2018-06-26,241.0882110595703,2.880000114440918,15.920000076293945,-0.008284199760796862,0.09494558909399206
2018-06-27,239.0909881591797,2.8269999027252197,17.90999984741211,0.005717379343645579,0.08754978951773534
2018-06-28,240.4579620361328,2.8469998836517334,16.850000381469727,0.0014398438749809728,0.08730262126235819
2018-06-29,240.80418395996094,2.8489999771118164,16.09000015258789,0.0021377141349756545,0.07984462252358637
2018-07-02,241.31895446777344,2.865999937057495,15.600000381469727,-0.003530997221069865,0.07822188512461406
2018-07-03,240.46685791015625,2.8380000591278076,16.139999389648438,0.008158009690317547,0.07892268473909432
2018-07-05,242.4285888671875,2.8399999141693115,14.970000267028809,0.008457810395397836,0.07862280458328645
2018-07-06,244.47900390625,2.8310000896453857,13.369999885559082,0.00900458214914135,0.08488216807905902
2018-07-09,246.68043518066406,2.859999895095825,12.6899995803833,0.003598625771188191,0.09032544361797962
2018-07-10,247.56814575195312,2.872999906539917,12.640000343322754,-0.007314559978146784,0.09106206564188236
2018-07-11,245.75729370117188,2.8420000076293945,13.630000114440918,0.00906584212666739,0.09486457860977268
2018-07-12,247.98529052734375,2.8529999256134033,12.579999923706055,0.0007876586485178194,0.09948280277874486
2018-07-13,248.1806182861328,2.8310000896453857,12.180000305175781,-0.0008940799329102411,0.09920261089045644
2018-07-16,247.95872497558594,2.8580000400543213,12.829999923706055,0.004045236794596674,0.0991264410382101
2018-07-17,248.96177673339844,2.864000082015991,12.0600004196167,0.0021034620153188577,0.09947356465038952
2018-07-18,249.48545837402344,2.875,12.100000381469727,-0.0037714952754017705,0.0980916466900381
2018-07-19,248.54452514648438,2.8469998836517334,12.869999885559082,-0.0011427614405988828,0.09949875371464371
2018-07-20,248.260498046875,2.8949999809265137,12.859999656677246,0.0018593730792870744,0.09632014705041018
2018-07-23,248.72210693359375,2.9649999141693115,12.619999885559082,0.005032253489087202,0.09632437826214875
2018-07-24,249.97373962402344,2.9489998817443848,12.40999984741211,0.008522196453863318,0.08019041518127915
2018-07-25,252.10406494140625,2.936000108718872,12.289999961853027,-0.0023590518567727647,0.08353873717778044
2018-07-26,251.50933837890625,2.9749999046325684,12.140000343322754,-0.006776288855685486,0.07593057614968494
2018-07-27,249.80503845214844,2.9600000381469727,13.029999732971191,-0.005223494909329607,0.08173817596048949
2018-07-30,248.50018310546875,2.9749999046325684,14.260000228881836,0.004929229972685301,0.08558999048329284
2018-07-31,249.72509765625,2.9639999866485596,12.829999923706055,-0.001670477008898441,0.08639755889909953
2018-08-01,249.3079376220703,3.003000020980835,13.149999618530273,0.00544757536503182,0.08513887726328691
2018-08-02,250.6660614013672,2.9860000610351562,12.1899995803833,0.004284544394082879,0.08297920193333119
2018-08-03,251.74005126953125,2.953000068664551,11.640000343322754,0.003667406229444614,0.0797197660020605
2018-08-06,252.6632843017578,2.937999963760376,11.270000457763672,0.003301981738608406,0.07515552766248502
2018-08-07,253.49757385253906,2.9730000495910645,10.930000305175781,-0.0004198464391333978,0.07503774284493078
2018-08-08,253.39114379882812,2.9709999561309814,10.850000381469727,-0.0013659923780467986,0.06836194059076932
2018-08-09,253.04501342773438,2.934999942779541,11.270000457763672,-0.0067003715366750205,0.06294315956337274
2018-08-10,251.34951782226562,2.8570001125335693,13.15999984741211,-0.0037433429724627043,0.06865899789439295
2018-08-13,250.40863037109375,2.877000093460083,14.779999732971191,0.00638062298074793,0.07023216704206543
2018-08-14,252.0063934326172,2.8949999809265137,13.3100004196167,-0.007467231824957565,0.07225538200118413
2018-08-15,250.12460327148438,2.8519999980926514,14.640000343322754,0.008091304102215702,0.07744545459776692
2018-08-16,252.1484375,2.871000051498413,13.449999809265137,0.003520466208365658,0.08087230515916512
2018-08-17,253.03611755371094,2.872999906539917,12.640000343322754,0.002139664324404933,0.08113182835534681
2018-08-20,253.57752990722656,2.822999954223633,12.489999771118164,0.002345644965714877,0.08117887151536848
2018-08-21,254.17233276367188,2.8440001010894775,12.859999656677246,-0.0005939688924551101,0.07995083206231952
2018-08-22,254.0213623046875,2.822999954223633,12.25,-0.0013278835604819683,0.07471827293111015
2018-08-23,253.68405151367188,2.821000099182129,12.40999984741211,0.006018427905478241,0.07430369313321884
2018-08-24,255.21083068847656,2.8259999752044678,11.989999771118164,0.007895550129242812,0.07165335146781981
2018-08-27,257.2258605957031,2.8480000495910645,12.15999984741211,0.0004833441435216912,0.07147668568991175
2018-08-28,257.3501892089844,2.884000062942505,12.5,0.0053808611109100735,0.07057944669214797
2018-08-29,258.7349548339844,2.884000062942505,12.25,-0.004048487968062231,0.07079713566510852
2018-08-30,257.6874694824219,2.859999895095825,13.529999732971191,3.410745007381699e-05,0.07243269578143992
2018-08-31,257.6962585449219,2.8529999256134033,12.859999656677246,-0.0017221306339471054,0.07174966933875881
2018-09-04,257.2524719238281,2.9019999504089355,13.15999984741211,-0.0026912152570053305,0.0718216006430789
2018-09-05,256.5601501464844,2.9019999504089355,13.90999984741211,-0.003010242818958564,0.07232333493165294
2018-09-06,255.787841796875,2.878999948501587,14.649999618530273,-0.0019433510513913177,0.07338944034025346
2018-09-07,255.29075622558594,2.941999912261963,14.880000114440918,0.0017385966605771852,0.07361043717395646
2018-09-10,255.73460388183594,2.937000036239624,14.15999984741211,0.0032975885246520065,0.06866373401977416
2018-09-11,256.5779113769531,2.9769999980926514,13.220000267028809,0.00024204449693687735,0.06691010321639389
2018-09-12,256.6400146484375,2.9630000591278076,13.140000343322754,0.005914445192268802,0.0641281786915644
2018-09-13,258.15789794921875,2.9630000591278076,12.369999885559082,0.00017199968129810728,0.05823924195750452
2018-09-14,258.2023010253906,2.99399995803833,12.069999694824219,-0.005294078921630474,0.05306528315118069
2018-09-17,256.8353576660156,3.000999927520752,13.680000305175781,0.0054257489412108395,0.05701337015336753
2018-09-18,258.2288818359375,3.0480000972747803,12.789999961853027,0.0010658685238944532,0.059224849003766664
2018-09-19,258.5041198730469,3.0829999446868896,11.75,0.008103497919820457,0.05898882132578003
2018-09-20,260.5989074707031,3.078000068664551,11.800000190734863,-0.0009137745987525259,0.06402538369691253
2018-09-21,260.36077880859375,3.068000078201294,11.680000305175781,-0.003321923853502051,0.06381762661144709
2018-09-24,259.4958801269531,3.078000068664551,12.199999809265137,-0.0009276550214678547,0.06328287547423651
2018-09-25,259.2551574707031,3.1019999980926514,12.420000076293945,-0.0029921345670703703,0.05774414874407135
2018-09-26,258.47943115234375,3.061000108718872,12.890000343322754,0.0027942630416062375,0.05898160605795903
2018-09-27,259.2016906738281,3.055999994277954,12.40999984741211,0.00010325517532727702,0.05665160938955139
2018-09-28,259.22845458984375,3.055999994277954,12.119999885559082,0.0034741720366764373,0.05449898096968559
2018-10-01,260.1290588378906,3.0799999237060547,12.0,-0.0005829485040255156,0.055629513882792476
2018-10-02,259.9774169921875,3.055999994277954,12.050000190734863,0.0005488945807812229,0.05517769567861458
2018-10-03,260.1201171875,3.1610000133514404,11.609999656677246,-0.007815931642157548,0.053849480234960743
2018-10-04,258.0870361328125,3.197000026702881,14.220000267028809,-0.005596549886035196,0.060523190179715906
2018-10-05,256.64263916015625,3.2249999046325684,14.819999694824219,0.0,0.06374616411180625
2018-10-08,256.64263916015625,3.2330000400543213,15.6899995803833,-0.0014595109960371389,0.06351387013578132
2018-10-09,256.26806640625,3.2079999446868896,15.949999809265137,-0.0316634021610519,0.06266064960125942
2018-10-10,248.15374755859375,3.2249999046325684,22.959999084472656,-0.02202631199008498,0.12846362205876882
2018-10-11,242.68783569335938,3.132999897003174,24.979999542236328,0.0138884575024254,0.14399412735869832
2018-10-12,246.0583953857422,3.1410000324249268,21.309999465942383,-0.005617064405892158,0.1558059776057443
2018-10-15,244.67626953125,3.1630001068115234,21.299999237060547,0.021865714123213698,0.15589085733159405
2018-10-16,250.0262908935547,3.1559998989105225,17.6200008392334,0.00017875317433357907,0.17637890693620523
2018-10-17,250.07098388671875,3.178999900817871,17.399999618530273,-0.014441456197861746,0.17623221137832176
2018-10-18,246.4595947265625,3.174999952316284,20.059999465942383,-0.0005427199743238686,0.17793318867638958
2018-10-19,246.32583618164062,3.197999954223633,19.889999389648438,-0.0044885744532841,0.17798815782711572
2018-10-22,245.22018432617188,3.196000099182129,19.639999389648438,-0.005090801611623563,0.17808978914389093
2018-10-23,243.97181701660156,3.1659998893737793,20.709999084472656,-0.030298512027409963,0.17813322540563575
2018-10-24,236.579833984375,3.124000072479248,25.229999542236328,0.017940602519423976,0.20283048760335684
2018-10-25,240.82421875,3.135999917984009,24.219999313354492,-0.017587534062707855,0.21655617177629038
2018-10-26,236.58871459960938,3.0769999027252197,24.15999984741211,-0.005540313953918852,0.22160982401504511
2018-10-29,235.27793884277344,3.0869998931884766,24.700000762939453,0.014818626807205915,0.21962741759423263
2018-10-30,238.76443481445312,3.109999895095825,23.350000381469727,0.010680634415381807,0.23020745748157773
2018-10-31,241.31459045410156,3.1589999198913574,21.229999542236328,0.010642187981847018,0.23569213478959894
2018-11-01,243.88270568847656,3.1440000534057617,19.34000015258789,-0.005923194985302249,0.24041398678060763
2018-11-02,242.43814086914062,3.2139999866485596,19.510000228881836,0.005516908975124357,0.240468669053182
2018-11-05,243.77565002441406,3.2009999752044678,19.959999084472656,0.006328210278853774,0.24209226853137225
2018-11-06,245.3183135986328,3.2139999866485596,19.90999984741211,0.021408666108815977,0.24408805233719127
2018-11-07,250.57025146484375,3.2130000591278076,16.360000610351562,-0.001814586503490645,0.23109323769220363
2018-11-08,250.11557006835938,3.2339999675750732,16.719999313354492,-0.009768433464656945,0.21547190523477816
2018-11-09,247.67233276367188,3.188999891281128,17.360000610351562,-0.018685325418166476,0.2139297798735925
2018-11-12,243.04449462890625,3.186000108718872,20.450000762939453,-0.0018712137820781072,0.22362520841615544
2018-11-13,242.58970642089844,3.1449999809265137,20.020000457763672,-0.006836617540212808,0.20781874085729923
2018-11-14,240.93121337890625,3.119999885559082,21.25,0.01043669822570048,0.20859037274321718
2018-11-15,243.44573974609375,3.118000030517578,19.979999542236328,0.002600589427658395,0.207246738233414
2018-11-16,244.07884216308594,3.0739998817443848,18.139999389648438,-0.01691415533843532,0.20754507166355754
2018-11-19,239.95045471191406,3.056999921798706,20.100000381469727,-0.018506500918609836,0.2153500909388693
2018-11-20,235.5098114013672,3.0480000972747803,22.479999542236328,0.0034075246733411557,0.22383021911678666
2018-11-21,236.31231689453125,3.061000108718872,20.799999237060547,-0.006678584647061836,0.19702011784105286
2018-11-23,234.7340850830078,3.053999900817871,21.520000457763672,0.016144275830526134,0.18640945221082905
2018-11-26,238.52369689941406,3.072000026702881,18.899999618530273,0.0033644686192435547,0.18556608119540643
2018-11-27,239.32620239257812,3.055000066757202,19.020000457763672,0.02302517864472664,0.1844279006615381
2018-11-28,244.83673095703125,3.0439999103546143,18.489999771118164,-0.002184832994923225,0.19464931940099472
2018-11-29,244.3018035888672,3.0350000858306885,18.790000915527344,0.006094976172917876,0.19178647267344215
2018-11-30,245.7908172607422,3.013000011444092,18.06999969482422,0.013241684471839044,0.18931847920147205
2018-12-03,249.04550170898438,2.992000102996826,16.440000534057617,-0.03240233739093945,0.19293975077020617
2018-12-04,240.97584533691406,2.9240000247955322,20.739999771118164,-0.0015172935818709155,0.22631264107037202
2018-12-06,240.61021423339844,2.875999927520752,21.190000534057617,-0.023236195963999617,0.22489105386608313
2018-12-07,235.01934814453125,2.8499999046325684,23.229999542236328,0.0018971281297743836,0.22204217579149838
2018-12-10,235.4652099609375,2.8559999465942383,22.639999389648438,0.00022745759179576552,0.22271814220306071
2018-12-11,235.51876831054688,2.878999948501587,21.760000228881836,0.005035323063399266,0.22146398964493308
2018-12-12,236.70468139648438,2.9059998989105225,21.459999084472656,-0.0003391419585967448,0.21424570312054028
2018-12-13,236.62440490722656,2.9110000133514404,20.649999618530273,-0.01846471272424033,0.21425425242968046
2018-12-14,232.2552032470703,2.8910000324249268,21.6299991607666,-0.019618519767030995,0.222172093078812
2018-12-17,227.69869995117188,2.8570001125335693,24.520000457763672,-0.0010964008485999654,0.22591050431261905
2018-12-18,227.4490509033203,2.825000047683716,25.579999923706055,-0.014975613005708155,0.22502195715534054
2018-12-19,224.04286193847656,2.7780001163482666,25.579999923706055,-0.016278285591655006,0.22358139432679938
2018-12-20,220.3958282470703,2.7890000343322754,28.3799991607666,-0.020489396844791008,0.22170727965405218
2018-12-21,215.8800506591797,2.7920000553131104,30.110000610351562,-0.026422974692737355,0.2283633093307822
2018-12-24,210.1758575439453,2.749000072479248,36.06999969482422,0.0505252436005732,0.24134752520910582
2018-12-26,220.7950439453125,2.796999931335449,30.40999984741211,0.007677112353096316,0.30461556080854885
2018-12-27,222.4901123046875,2.743000030517578,29.959999084472656,-0.001290025068046985,0.3063183710607481
2018-12-28,222.20309448242188,2.7360000610351562,28.34000015258789,0.008758917374464659,0.29016272349407696
2018-12-31,224.14935302734375,2.686000108718872,25.420000076293945,0.0010402419302795174,0.29398645876544416
2019-01-02,224.3825225830078,2.6610000133514404,23.219999313354492,-0.023862755950592174,0.29219596519000723
2019-01-03,219.02813720703125,2.553999900817871,25.450000762939453,0.033495775600053124,0.2921901297883153
2019-01-04,226.36465454101562,2.6589999198913574,21.3799991607666,0.007884579165777339,0.30718317309857135
2019-01-07,228.14944458007812,2.681999921798706,21.399999618530273,0.00939553111349234,0.30956707299712394
2019-01-08,230.29302978515625,2.7160000801086426,20.469999313354492,0.004673319514534535,0.30212437920575747
2019-01-09,231.3692626953125,2.7279999256134033,19.979999542236328,0.003527596356819762,0.3026188853546104
2019-01-10,232.18544006347656,2.7309999465942383,19.5,0.0003862910701242228,0.3029804442704047
2019-01-11,232.27513122558594,2.7009999752044678,18.190000534057617,-0.006100884467300505,0.30229418169896694
2019-01-14,230.85804748535156,2.7100000381469727,19.06999969482422,0.011460910870032537,0.3028756379992626
2019-01-15,233.50389099121094,2.7109999656677246,18.600000381469727,0.002419670348994485,0.2986682641242973
2019-01-16,234.0688934326172,2.7309999465942383,19.040000915527344,0.007586666413732068,0.289135727403865
2019-01-17,235.84469604492188,2.749000072479248,18.059999465942383,0.013309961660985525,0.28972923888977214
2019-01-18,238.98377990722656,2.7839999198913574,17.799999237060547,-0.013510308139277671,0.2851473574984879
2019-01-22,235.75503540039062,2.7300000190734863,20.799999237060547,0.002092173155952448,0.28277517609605185
2019-01-23,236.24827575683594,2.755000114440918,19.520000457763672,0.0005314941444252153,0.26833403436972975
2019-01-24,236.37384033203125,2.7119998931884766,18.889999389648438,0.008461431401828534,0.24277284964651066
2019-01-25,238.3739013671875,2.753000020980835,17.420000076293945,-0.007600080194227754,0.1776275731228474
2019-01-28,236.56224060058594,2.74399995803833,18.8700008392334,-0.0013271976244091377,0.18154991994659272
2019-01-29,236.24827575683594,2.7119998931884766,19.1299991607666,0.015830826621623828,0.18156197893941384
2019-01-30,239.98828125,2.694999933242798,17.65999984741211,0.008782624884027479,0.18614677394019366
2019-01-31,242.09600830078125,2.634999990463257,16.56999969482422,0.0004815327161142857,0.18682578541882489
2019-02-01,242.21258544921875,2.690999984741211,16.139999389648438,0.007035309598728556,0.15640062378808267
2019-02-04,243.9166259765625,2.7239999771118164,15.729999542236328,0.004191846018722245,0.11551845302467316
2019-02-05,244.9390869140625,2.7019999027252197,15.569999694824219,-0.0013180019745422378,0.11451158627130888
2019-02-06,244.6162567138672,2.7019999027252197,15.380000114440918,-0.00953292806869821,0.11360817636984682
2019-02-07,242.2843475341797,2.6519999504089355,16.3700008392334,0.0012217896485069435,0.12180471651997538
2019-02-08,242.5803680419922,2.631999969482422,15.720000267028809,0.0005541665746724433,0.12178038694751575
2019-02-11,242.7147979736328,2.6610000133514404,15.970000267028809,0.01285966535687133,0.12174831136694471
2019-02-12,245.83602905273438,2.684000015258789,15.430000305175781,0.003246827810126085,0.12313839210193804
2019-02-13,246.63421630859375,2.7079999446868896,15.649999618530273,-0.0022182186690687944,0.11919786979403223
2019-02-14,246.08712768554688,2.6570000648498535,16.219999313354492,0.01089736665780805,0.12050622546304686
2019-02-15,248.76882934570312,2.6659998893737793,14.90999984741211,0.0017305070613251594,0.12289664800035849
2019-02-19,249.19932556152344,2.6470000743865967,14.880000114440918,0.002015794358972034,0.11633543587144522
2019-02-20,249.70166015625,2.6540000438690186,14.020000457763672,-0.0035561236162686694,0.10066636897556701
2019-02-21,248.81369018554688,2.687999963760376,14.460000038146973,0.0062000751368156415,0.1032291716184438
2019-02-22,250.35635375976562,2.6549999713897705,13.510000228881836,0.0013610360329885385,0.10367222926109436
2019-02-25,250.6970977783203,2.6730000972747803,14.850000381469727,-0.0007154732424875521,0.10166259967529027
2019-02-26,250.51773071289062,2.635999917984009,15.170000076293945,-0.00042983494265114164,0.0952898909394461
2019-02-27,250.41004943847656,2.693000078201294,14.699999809265137,-0.0018624237723368076,0.09481558040286017
2019-02-28,249.9436798095703,2.7109999656677246,14.779999732971191,0.006243899306173084,0.08294887879730865
2019-03-01,251.50430297851562,2.755000114440918,13.569999694824219,-0.0036374146629660764,0.08067308296579573
2019-03-04,250.5894775390625,2.7219998836517334,14.630000114440918,-0.0013598916422166152,0.08294045664824311
2019-03-05,250.2487030029297,2.7219998836517334,14.739999771118164,-0.006057145665454011,0.08113091253818362
2019-03-06,248.73291015625,2.691999912261963,15.739999771118164,-0.00836533553852048,0.0843687892536238
2019-03-07,246.6521759033203,2.635999917984009,16.59000015258789,-0.0019999879984635704,0.09020243195043491
2019-03-08,246.15887451171875,2.625,16.049999237060547,0.014501432780561263,0.08282934833287504
2019-03-11,249.72853088378906,2.6429998874664307,14.329999923706055,0.0037706349711164044,0.09606768450752891
2019-03-12,250.670166015625,2.6050000190734863,13.770000457763672,0.006619218988161535,0.09633886807076546
2019-03-13,252.32940673828125,2.6110000610351562,13.40999984741211,-0.0006395487359599494,0.08895592808944135
2019-03-14,252.16802978515625,2.630000114440918,13.5,0.004940795411665588,0.08890866024675881
2019-03-15,253.4139404296875,2.5929999351501465,12.880000114440918,0.003625659752780175,0.08896992383699118
2019-03-18,254.33273315429688,2.6019999980926514,13.100000381469727,0.0002476609301083066,0.08225528017437371
2019-03-19,254.39572143554688,2.614000082015991,13.5600004196167,-0.003009762790217252,0.0822775465708579
2019-03-20,253.6300506591797,2.5350000858306885,13.90999984741211,0.011294557860085597,0.08341718741613342
2019-03-21,256.49468994140625,2.5369999408721924,13.630000114440918,-0.0192458063934281,0.08957485410034922
2019-03-22,251.55824279785156,2.4549999237060547,16.479999542236328,-0.0007520265076302879,0.11416723240291285
2019-03-25,251.3690643310547,2.4200000762939453,16.329999923706055,0.007453931330519525,0.11414434691539932
2019-03-26,253.2427520751953,2.4140000343322754,14.680000305175781,-0.005229470737745712,0.11696350025318535
2019-03-27,251.91842651367188,2.374000072479248,15.149999618530273,0.0037907958012144416,0.11873342072788749
2019-03-28,252.87339782714844,2.3889999389648438,14.430000305175781,0.006305336654616189,0.1190461713418319
2019-03-29,254.4678497314453,2.4140000343322754,13.710000038146973,0.011859285996328461,0.11908493065320525
2019-04-01,257.48565673828125,2.496999979019165,13.399999618530273,0.0004896121859032654,0.12433822187871225
2019-04-02,257.6117248535156,2.4809999465942383,13.359999656677246,0.001573550235203225,0.1239689658798571
2019-04-03,258.01708984375,2.5169999599456787,13.739999771118164,0.0026537889440008122,0.12073254411442626
2019-04-04,258.7018127441406,2.51200008392334,13.579999923706055,0.0048399572450192885,0.11452935982575964
2019-04-05,259.95391845703125,2.500999927520752,12.819999694824219,0.0007623703213248678,0.11360400990701555
2019-04-08,260.152099609375,2.5190000534057617,13.180000305175781,-0.005124894072071395,0.1048958149832787
2019-04-09,258.81884765625,2.499000072479248,14.279999732971191,0.0034112819090632573,0.10769540662609144
2019-04-10,259.7017517089844,2.4769999980926514,13.300000190734863,-0.00027744133984075603,0.10631459077491709
2019-04-11,259.62969970703125,2.503999948501587,13.020000457763672,0.006765640761742686,0.10622737304408184
2019-04-12,261.3862609863281,2.559999942779541,12.010000228881836,-0.0006545162026618812,0.10720874988441657
2019-04-15,261.2151794433594,2.552999973297119,12.319999694824219,0.0006549448746941966,0.10719769580929235
2019-04-16,261.3862609863281,2.5920000076293945,12.180000305175781,-0.002447021957115547,0.10715149826789128
2019-04-17,260.74664306640625,2.5920000076293945,12.600000381469727,0.0019695356329350044,0.10686409498064131
2019-04-18,261.26019287109375,2.559999942779541,12.09000015258789,0.0008618178258688047,0.10034744719684564
2019-04-22,261.4853515625,2.5899999141693115,12.420000076293945,0.008991694085397128,0.06631213934047626
2019-04-23,263.8365478515625,2.569999933242798,12.279999732971191,-0.0022195628748526985,0.06997409706666552
2019-04-24,263.2509460449219,2.5220000743865967,13.140000343322754,-0.0006153341787416,0.06918764672589155
2019-04-25,263.0889587402344,2.5339999198913574,13.25,0.004656010933430599,0.0646265536291869
2019-04-26,264.31390380859375,2.505000114440918,12.729999542236328,0.0015680568541553974,0.06498464121828734
2019-04-29,264.7283630371094,2.5360000133514404,13.109999656677246,0.0005106852531506778,0.06318820138507716
2019-04-30,264.8635559082031,2.509000062942505,13.119999885559082,-0.007516606946221915,0.05141277638563372
2019-05-01,262.8726806640625,2.510999917984009,14.800000190734863,-0.0021590905397053106,0.0604003536806703
2019-05-02,262.30511474609375,2.552000045776367,14.420000076293945,0.009787656246836862,0.06139027899608462
2019-05-03,264.8724670410156,2.5309998989105225,12.869999885559082,-0.004115289398123667,0.06895531257275866
2019-05-06,263.7824401855469,2.5,15.4399995803833,-0.016699363218409702,0.06998464494518855
2019-05-07,259.37744140625,2.447999954223633,19.31999969482422,-0.0013896471230504526,0.09343239149993239
2019-05-08,259.0169982910156,2.4820001125335693,19.399999618530273,-0.003025401329889932,0.09171018848722408
2019-05-09,258.2333679199219,2.4570000171661377,19.100000381469727,0.00502328644136929,0.0914307936937704
2019-05-10,259.5305480957031,2.4549999237060547,16.040000915527344,-0.02513006072106838,0.09333941360341294
2019-05-13,253.00852966308594,2.4049999713897705,20.549999237060547,0.009043452731644308,0.12571480886492656
2019-05-14,255.29660034179688,2.4189999103546143,18.059999465942383,0.005858066388629846,0.13126999491298982
2019-05-15,256.7921447753906,2.378999948501587,16.440000534057617,0.00926072827294111,0.13347984297941606
2019-05-16,259.17022705078125,2.4049999713897705,15.289999961853027,-0.006464888389624224,0.13801711214182905
2019-05-17,257.4947204589844,2.3929998874664307,15.960000038146973,-0.006612376263498088,0.13944424924917856
2019-05-20,255.7920684814453,2.4159998893737793,16.309999465942383,0.009015909421305812,0.14085869426857217
2019-05-21,258.0982666015625,2.4260001182556152,14.949999809265137,-0.0030715244135169906,0.14088164295751998
2019-05-22,257.3055114746094,2.3929998874664307,14.75,-0.012218393011730999,0.14100695534477303
2019-05-23,254.16165161132812,2.2960000038146973,16.920000076293945,0.0022679710757291804,0.14638638170616197
2019-05-24,254.7380828857422,2.3239998817443848,15.850000381469727,-0.009300539728168244,0.14525569642357194
2019-05-28,252.36888122558594,2.2679998874664307,17.5,-0.006710704544167001,0.14702252499590604
2019-05-29,250.67530822753906,2.2360000610351562,17.899999618530273,0.0027313305361609252,0.14739514296723238
2019-05-30,251.3599853515625,2.2269999980926514,17.299999237060547,-0.013475643484346156,0.14744954340116642
2019-05-31,247.97274780273438,2.1419999599456787,18.709999084472656,-0.0025424674770548883,0.1527876504767584
2019-06-03,247.34228515625,2.0810000896453857,18.860000610351562,0.021706466399635138,0.14544846625098043
2019-06-04,252.71121215820312,2.11899995803833,16.969999313354492,0.008661982520857592,0.170444442436682
2019-06-05,254.9001922607422,2.122999906539917,16.09000015258789,0.006502609765773215,0.1653028321891638
2019-06-06,256.5577087402344,2.124000072479248,15.930000305175781,0.010007276180719948,0.16730303698174132
2019-06-07,259.1251525878906,2.0840001106262207,16.299999237060547,0.004588851765978896,0.17097105173896396
2019-06-10,260.3142395019531,2.1429998874664307,15.9399995803833,-0.00024243910622501197,0.1708163153647584
2019-06-11,260.2511291503906,2.140000104904175,15.989999771118164,-0.0017650282150055707,0.14232482748322584
2019-06-12,259.7917785644531,2.127000093460083,15.90999984741211,0.00412634677171253,0.13982595704840897
2019-06-13,260.86376953125,2.0910000801086426,15.819999694824219,-0.001104938895533758,0.13914662149505752
2019-06-14,260.5755310058594,2.0929999351501465,15.279999732971191,0.000380158713334966,0.13563048184596918
2019-06-17,260.6745910644531,2.0859999656677246,15.350000381469727,0.010470996401805932,0.1332545059054413
2019-06-18,263.40411376953125,2.059999942779541,15.149999618530273,0.0022572691295534852,0.13470043315419444
2019-06-19,263.9986877441406,2.0290000438690186,14.329999923706055,0.009554130187479526,0.1318049765701957
2019-06-20,266.5209655761719,2.000999927520752,14.75,-0.001453049164702791,0.13402510247330163
2019-06-21,266.1336975097656,2.068000078201294,15.399999618530273,-0.001225020695086565,0.12418256690405446
2019-06-24,265.80767822265625,2.0209999084472656,15.260000228881836,-0.009807822882838213,0.12482415804137016
2019-06-25,263.20068359375,1.99399995803833,16.280000686645508,-0.0009975001623271362,0.12545321091459685
2019-06-26,262.9381408691406,2.0490000247955322,16.209999084472656,0.0035460947634720075,0.12169434228966157
2019-06-27,263.87054443359375,2.005000114440918,15.819999694824219,0.0051457755788173465,0.12175645632956125
2019-06-28,265.2283630371094,2.0,15.079999923706055,0.009078698971798804,0.10640739043063914
2019-07-01,267.63629150390625,2.0339999198913574,14.0600004196167,0.002604132815106519,0.10580760853423596
2019-07-02,268.333251953125,1.9759999513626099,12.930000305175781,0.007994660142499388,0.08250112614660049
2019-07-03,270.4784851074219,1.9529999494552612,12.569999694824219,-0.0011375330741520973,0.08192747667341646
2019-07-05,270.1708068847656,2.0480000972747803,13.279999732971191,-0.005494661275323054,0.08206282300773887
2019-07-08,268.6863098144531,2.0339999198913574,13.960000038146973,0.001246434559970755,0.08195551206923146
2019-07-09,269.0212097167969,2.053999900817871,14.09000015258789,0.004778403698030509,0.08131731763568284
2019-07-10,270.30670166015625,2.061000108718872,13.029999732971191,0.0023440260753426756,0.081712407966237
2019-07-11,270.9403076171875,2.119999885559082,12.930000305175781,0.004476935116823677,0.08055496580341115
2019-07-12,272.1532897949219,2.1059999465942383,12.390000343322754,0.00033247666860392044,0.08068056331393779
2019-07-15,272.2437744140625,2.0920000076293945,12.680000305175781,-0.003225240906618687,0.08007453929679294
2019-07-16,271.36572265625,2.121999979019165,12.859999656677246,-0.006804682622081226,0.08215970048031365
2019-07-17,269.5191650390625,2.061000108718872,13.970000267028809,0.003660490212197054,0.08148597571121725
2019-07-18,270.5057373046875,2.0380001068115234,13.529999732971191,-0.005554983950689207,0.08188767732607576
2019-07-19,269.0030822753906,2.0480000972747803,14.449999809265137,0.0024570339545575415,0.07903228174046777
2019-07-22,269.6640319824219,2.0429999828338623,13.529999732971191,0.007149783887036687,0.07898558581443763
2019-07-23,271.5920715332031,2.0739998817443848,12.609999656677246,0.004699462185021153,0.08186130111528742
2019-07-24,272.868408203125,2.049999952316284,12.069999694824219,-0.004777241741517391,0.07182949508213096
2019-07-25,271.5648498535156,2.0739998817443848,12.739999771118164,0.0066999024682095065,0.07497648465068063
2019-07-26,273.3843078613281,2.0810000896453857,12.15999984741211,-0.0018210015631389131,0.07685982000258262
2019-07-29,272.886474609375,2.055000066757202,12.829999923706055,-0.002454499826883283,0.076796241645059
2019-07-30,272.2166748046875,2.061000108718872,13.9399995803833,-0.010940699973408075,0.0723553337489425
2019-07-31,269.2384338378906,2.0209999084472656,16.1200008392334,-0.008707716319983017,0.08318530806258242
2019-08-01,266.89398193359375,1.8940000534057617,17.8700008392334,-0.0075292873590345755,0.08350538122463995
2019-08-02,264.88446044921875,1.8550000190734863,17.610000610351562,-0.030073387041584465,0.0870054898216949
2019-08-05,256.9184875488281,1.7350000143051147,24.59000015258789,0.014023059366018886,0.13464646277801592
2019-08-06,260.5212707519531,1.7389999628067017,20.170000076293945,0.000590387853191654,0.14613458707466292
2019-08-07,260.6750793457031,1.684000015258789,19.489999771118164,0.019620218265445466,0.1444707302963119
2019-08-08,265.7895812988281,1.715999960899353,16.90999984741211,-0.006811381688712426,0.16284682475482729
2019-08-09,263.97918701171875,1.7339999675750732,17.969999313354492,-0.01217319628627278,0.16282481855229294
2019-08-12,260.7657165527344,1.6390000581741333,21.09000015258789,0.015551499273649405,0.16698325652783919
2019-08-13,264.8210144042969,1.6799999475479126,17.520000457763672,-0.029567550219500527,0.17822628560956133
2019-08-14,256.99090576171875,1.5809999704360962,22.100000381469727,0.002641467042580503,0.20421002196081275
2019-08-15,257.66973876953125,1.5290000438690186,21.18000030517578,0.014755211278214997,0.2038473808601114
2019-08-16,261.4717102050781,1.5390000343322754,18.469999313354492,0.012047752630310438,0.2121886339254537
2019-08-19,264.6218566894531,1.5980000495910645,16.8799991607666,-0.007662554668486643,0.21713428583525954
2019-08-20,262.59417724609375,1.5609999895095825,17.5,0.008135218414710321,0.21625688321254807
2019-08-21,264.7304382324219,1.5770000219345093,15.800000190734863,-0.0003076768072438618,0.21792060953164483
2019-08-22,264.64898681640625,1.6100000143051147,16.68000030517578,-0.02568721605513269,0.21758534665767415
2019-08-23,257.85089111328125,1.527999997138977,19.8700008392334,0.01105848584573943,0.23189141490436613
2019-08-26,260.70233154296875,1.5449999570846558,19.31999969482422,-0.003923820752563589,0.2370749780168652
2019-08-27,259.67938232421875,1.4900000095367432,20.309999465942383,0.007041694058671277,0.23715534346922515
2019-08-28,261.5079650878906,1.465999960899353,19.350000381469727,0.012772763698561729,0.23700343306623317
2019-08-29,264.84814453125,1.5160000324249268,17.8799991607666,-0.00044442938815547617,0.24039839842105037
2019-08-30,264.7304382324219,1.50600004196167,18.979999542236328,-0.005847012116979022,0.23887339322330925
2019-09-03,263.18255615234375,1.465999960899353,19.65999984741211,0.01135034623281217,0.21231679472150766
2019-09-04,266.1697692871094,1.4589999914169312,17.329999923706055,0.012855528029543262,0.21039423763810342
2019-09-05,269.5915222167969,1.565000057220459,16.270000457763672,0.0007721325903684573,0.21442212886285872
2019-09-06,269.7996826171875,1.5499999523162842,15.0,0.0005038007889788254,0.2037855704372371
2019-09-09,269.93560791015625,1.621999979019165,15.270000457763672,-0.00023515446143407281,0.20179309344913077
2019-09-10,269.87213134765625,1.7020000219345093,15.199999809265137,0.00711147699297876,0.1956610949315637
2019-09-11,271.79132080078125,1.7330000400543213,14.609999656677246,0.003463485191764981,0.18999991574066866
2019-09-12,272.732666015625,1.7910000085830688,14.220000267028809,-0.0006641002297887999,0.15080205297031166
2019-09-13,272.5515441894531,1.902999997138977,13.739999771118164,-0.0030885786301575457,0.15136754802830768
2019-09-16,271.7097473144531,1.840999960899353,14.670000076293945,0.0025320706675044935,0.1459149128446796
2019-09-17,272.3977355957031,1.812000036239624,14.4399995803833,0.0005981450222156681,0.14101920863178785
2019-09-18,272.5606689453125,1.7860000133514404,13.949999809265137,-6.684381209920431e-05,0.13689910423306473
2019-09-19,272.5424499511719,1.7740000486373901,14.050000190734863,-0.00472472897053311,0.13502734717142426
2019-09-20,271.2547607421875,1.7549999952316284,15.319999694824219,-0.0002342358802566169,0.136707046563421
2019-09-23,271.19122314453125,1.7079999446868896,14.90999984741211,-0.007847165003037282,0.09301459536160009
2019-09-24,269.0631408691406,1.6349999904632568,17.049999237060547,0.00591471079584438,0.09425515016745611
2019-09-25,270.6545715332031,1.7319999933242798,15.960000038146973,-0.0020831432946633033,0.0930754472161824
2019-09-26,270.09075927734375,1.684999942779541,16.06999969482422,-0.005387141321446132,0.09226679958415232
2019-09-27,268.6357421875,1.6749999523162842,17.219999313354492,0.004637691169574243,0.08545008947542357
2019-09-30,269.881591796875,1.6749999523162842,16.239999771118164,-0.011894638762116272,0.08642707737816069
2019-10-01,266.67144775390625,1.6440000534057617,18.559999465942383,-0.01766501226212447,0.09500187752909331
2019-10-02,261.960693359375,1.5959999561309814,20.559999465942383,0.008193102272060049,0.10685134314458576
2019-10-03,264.1069641113281,1.5360000133514404,19.1200008392334,0.013532184218703058,0.10002658642257423
2019-10-04,267.680908203125,1.5149999856948853,17.040000915527344,-0.0043148343565108105,0.11251417875739687
2019-10-07,266.5259094238281,1.5529999732971191,17.860000610351562,-0.015524895400148453,0.11331499055111725
2019-10-08,262.38812255859375,1.5369999408721924,20.280000686645508,0.009496583714180717,0.1250335008568436
2019-10-09,264.8799133300781,1.5889999866485596,18.639999389648438,0.006763572221482939,0.12744417209126985
2019-10-10,266.67144775390625,1.6579999923706055,17.56999969482422,0.010366330254546474,0.12958553202828202
2019-10-11,269.43585205078125,1.7519999742507935,15.579999923706055,-0.0011133922627053483,0.13583251726502688
2019-10-14,269.1358642578125,1.7330000400543213,14.569999694824219,0.0099006196136453,0.13552154918581613
2019-10-15,271.80047607421875,1.7710000276565552,13.539999961853027,-0.0016060436825018343,0.1401119108116976
2019-10-16,271.36395263671875,1.7480000257492065,13.680000305175781,0.0029492623414117958,0.14019038129323513
2019-10-17,272.1642761230469,1.7569999694824219,13.789999961853027,-0.004377638331341749,0.1406315975747183
2019-10-18,270.97283935546875,1.746999979019165,14.25,0.006779297953270369,0.14048330363114145
2019-10-21,272.8098449707031,1.7920000553131104,14.0,-0.0032667619970976336,0.14252896511097052
2019-10-22,271.91864013671875,1.7680000066757202,14.460000038146973,0.002909352508296603,0.1399449673610149
2019-10-23,272.7097473144531,1.7589999437332153,14.010000228881836,0.0016341483857762462,0.13882331941429585
2019-10-24,273.1553955078125,1.7660000324249268,13.710000038146973,0.004095408253783184,0.13856305117206963
2019-10-25,274.2740783691406,1.8009999990463257,12.649999618530273,0.005636215894384788,0.13720990827445018
2019-10-28,275.8199462890625,1.8530000448226929,13.109999656677246,-0.00029641290594406566,0.13759903680831148
2019-10-29,275.7381896972656,1.8350000381469727,13.199999809265137,0.0030671618012241275,0.1289299946863317
2019-10-30,276.58392333984375,1.7979999780654907,12.329999923706055,-0.002663767879915735,0.10670733642684456
2019-10-31,275.84716796875,1.690999984741211,13.220000267028809,0.00926434014532651,0.10630860320008186
2019-11-01,278.4027099609375,1.7280000448226929,12.300000190734863,0.004017560590614533,0.10123197552071117
2019-11-04,279.5212097167969,1.7860000133514404,12.829999923706055,-0.001106082734464442,0.09864225126966591
2019-11-05,279.2120361328125,1.8660000562667847,13.100000381469727,0.00022799757793556807,0.0741174167679732
2019-11-06,279.27569580078125,1.8140000104904175,12.619999885559082,0.003516765803700528,0.07077196694649991
2019-11-07,280.2578430175781,1.9259999990463257,12.729999542236328,0.0024662739836678327,0.06919532347894186
2019-11-08,280.94903564453125,1.9329999685287476,12.069999694824219,-0.001909921402438286,0.06265156729588348
2019-11-11,280.4124450683594,1.9429999589920044,12.6899995803833,0.002107839589576388,0.0632546047139231
2019-11-12,281.0035095214844,1.909000039100647,12.680000305175781,0.0003238515352486093,0.05608865412830748
2019-11-13,281.0945129394531,1.8700000047683716,13.0,0.0014557744325882638,0.0550003641365489
2019-11-14,281.50372314453125,1.815000057220459,13.050000190734863,0.007236310472518603,0.05483043111102168
2019-11-15,283.540771484375,1.8339999914169312,12.050000190734863,0.000737482811441259,0.05324818201011855
2019-11-18,283.7498779296875,1.8079999685287476,12.460000038146973,-0.00028845173477587416,0.05072854588623828
2019-11-19,283.66802978515625,1.7860000133514404,12.859999656677246,-0.0037187874990559644,0.04765728725450485
2019-11-20,282.6131286621094,1.7380000352859497,12.779999732971191,-0.0016086314301119176,0.051829134236660884
2019-11-21,282.15850830078125,1.7719999551773071,13.130000114440918,0.002223611446099172,0.0532182123324773
2019-11-22,282.7859191894531,1.7740000486373901,12.34000015258789,0.007750102548700788,0.05247680094714844
2019-11-25,284.9775390625,1.7640000581741333,11.869999885559082,0.002265653645949328,0.05513726929788919
2019-11-26,285.6231994628906,1.7400000095367432,11.539999961853027,0.0044579183851443105,0.05469199291764727
2019-11-27,286.896484375,1.7669999599456787,11.75,-0.00370885129109344,0.05534892863573436
2019-11-29,285.8324279785156,1.7760000228881836,12.619999885559082,-0.008494839452296121,0.056586737078076044
2019-12-02,283.4043273925781,1.8359999656677246,14.90999984741211,-0.006706334605166786,0.06043837599806457
2019-12-03,281.50372314453125,1.7089999914169312,15.960000038146973,0.006170106524994612,0.0649175988722157
2019-12-04,283.2406311035156,1.781000018119812,14.800000190734863,0.0017979299939694382,0.06780957943816425
2019-12-05,283.7498779296875,1.7970000505447388,14.520000457763672,0.009134089832603332,0.06788585007143116
2019-12-06,286.3416748046875,1.8420000076293945,13.619999885559082,-0.003144036072644907,0.07355501482193587
2019-12-09,285.44140625,1.8289999961853027,15.859999656677246,-0.0011150022922282732,0.07484186064293473
2019-12-10,285.1231384277344,1.8329999446868896,15.680000305175781,0.0028387285980875365,0.07451200334799987
2019-12-11,285.9325256347656,1.7899999618530273,14.989999771118164,0.008618874325106107,0.07472132720752751
2019-12-12,288.3969421386719,1.8969999551773071,13.9399995803833,0.0005992471474915995,0.07954749662556415
2019-12-13,288.56976318359375,1.819000005722046,12.630000114440918,0.00686960691228955,0.07958264299419428
2019-12-16,290.5521240234375,1.8919999599456787,12.140000343322754,0.00021941405838066252,0.0792267804957149
2019-12-17,290.6158752441406,1.8890000581741333,12.289999961853027,6.24809603713139e-05,0.07929115212791873
2019-12-18,290.634033203125,1.9240000247955322,12.579999923706055,0.004099229946649796,0.07921305437890157
2019-12-19,291.8254089355469,1.9079999923706055,12.5,0.004384088528826213,0.0775851927341187
2019-12-20,293.10479736328125,1.9170000553131104,12.510000228881836,0.0015278321795981764,0.07719640738081836
2019-12-23,293.5526123046875,1.934999942779541,12.609999656677246,3.097992625522572e-05,0.07719915496961557
2019-12-24,293.56170654296875,1.909999966621399,12.670000076293945,0.005323288386110292,0.0742211951814566
2019-12-26,295.1244201660156,1.9049999713897705,12.649999618530273,-0.0002479671194358657,0.07542587090310866
2019-12-27,295.0512390136719,1.8739999532699585,13.430000305175781,-0.005512896402333434,0.0749490601184677
2019-12-30,293.4246520996094,1.8949999809265137,14.819999694824219,0.0024291365759054884,0.07683404907869432
2019-12-31,294.1374206542969,1.9190000295639038,13.779999732971191,0.009352172764996336,0.06754407382160596
2020-01-02,296.88824462890625,1.8819999694824219,12.470000267028809,-0.007572544563698491,0.06448720411575831
2020-01-03,294.6400451660156,1.7879999876022339,14.020000457763672,0.003815007408259019,0.07254643852918308
2020-01-06,295.76409912109375,1.8109999895095825,13.850000381469727,-0.002811816998600225,0.07283031733760158
2020-01-07,294.9324645996094,1.8270000219345093,13.789999961853027,0.005329796208683346,0.06977677390555806
2020-01-08,296.50439453125,1.8739999532699585,13.449999809265137,0.006780668630741227,0.06879170903183982
2020-01-09,298.514892578125,1.8580000400543213,12.539999961853027,-0.002877914513333857,0.06988435166844555
2020-01-10,297.6557922363281,1.8250000476837158,12.5600004196167,0.006877573733145237,0.0722144249822454
2020-01-13,299.70294189453125,1.8480000495910645,12.319999694824219,-0.0015248456672897204,0.0703446317943849
2020-01-14,299.2459411621094,1.8179999589920044,12.390000343322754,0.0022596061817570234,0.07127702258317654
2020-01-15,299.922119140625,1.7879999876022339,12.420000076293945,0.008318606474174262,0.06878684350445519
2020-01-16,302.41705322265625,1.809000015258789,12.319999694824219,0.0031129403582506043,0.07254069688687655
2020-01-17,303.35845947265625,1.8359999656677246,12.100000381469727,-0.0019586638431862147,0.07226651049294969
2020-01-21,302.7642822265625,1.7690000534057617,12.850000381469727,0.00012105658916761186,0.07329640022653382
2020-01-22,302.8009338378906,1.7690000534057617,12.90999984741211,0.0011467236890760901,0.07290394137667604
2020-01-23,303.1481628417969,1.7400000095367432,12.979999542236328,-0.008892583212119609,0.07292416981735583
2020-01-24,300.452392578125,1.680999994277954,14.5600004196167,-0.016029904449101462,0.08183703578291304
2020-01-27,295.63616943359375,1.6050000190734863,18.229999542236328,0.010479172649520363,0.1004578376686024
2020-01-28,298.73419189453125,1.6410000324249268,16.280000686645508,-0.0008258314858367033,0.10696279600134426
2020-01-29,298.48748779296875,1.593999981880188,16.389999389648438,0.003245120714605365,0.10465464172354107
2020-01-30,299.45611572265625,1.5579999685287476,15.489999771118164,-0.01815791935615696,0.10485510084522232
2020-01-31,294.01861572265625,1.5199999809265137,18.84000015258789,0.007428587679858101,0.11989579211949378
2020-02-03,296.2027587890625,1.5199999809265137,17.969999313354492,0.015241234983987217,0.1199145107462095
2020-02-04,300.7172546386719,1.6030000448226929,16.049999237060547,0.011548215970869524,0.13073793514612783
2020-02-05,304.19000244140625,1.6490000486373901,15.149999618530273,0.0033646685523578412,0.1352435698126041
2020-02-06,305.2135009765625,1.6440000534057617,14.960000038146973,-0.005329441281057612,0.13469992380445067
2020-02-07,303.5868835449219,1.5779999494552612,15.470000267028809,0.007465167394037131,0.13524074245871667
2020-02-10,305.85321044921875,1.5470000505447388,15.039999961853027,0.0017332525260427278,0.13641003434688068
2020-02-11,306.3833312988281,1.590000033378601,15.180000305175781,0.006442607247382881,0.13488113745676739
2020-02-12,308.35723876953125,1.6299999952316284,13.739999771118164,-0.0010669767672019104,0.1357576700137168
2020-02-13,308.0282287597656,1.6169999837875366,14.149999618530273,0.0016020260229658856,0.13603563315274433
2020-02-14,308.5216979980469,1.5880000591278076,13.680000305175781,-0.002577144446008428,0.13355141194419348
2020-02-18,307.7265930175781,1.555999994277954,14.829999923706055,0.004781434380728644,0.13390318170432577
2020-02-19,309.1979675292969,1.5700000524520874,14.380000114440918,-0.0041080562296982315,0.13423251843372336
2020-02-20,307.9277648925781,1.524999976158142,15.5600004196167,-0.010298431831275101,0.13546945055636836
2020-02-21,304.756591796875,1.4709999561309814,17.079999923706055,-0.03316555620800732,0.14113760969501737
2020-02-24,294.649169921875,1.3769999742507935,25.030000686645508,-0.03030202596274867,0.18238356533579816
2020-02-25,285.720703125,1.3300000429153442,27.850000381469727,-0.0036781858171154314,0.20384791620153808
2020-02-26,284.6697692871094,1.309999942779541,27.559999465942383,-0.04491159414836465,0.19883101107831383
2020-02-27,271.8847961425781,1.2990000247955322,39.15999984741211,-0.004201873563059677,0.24951990995009682
2020-02-28,270.74237060546875,1.1269999742507935,40.11000061035156,0.0433066499422996,0.24783388100304873
2020-03-02,282.4673156738281,1.0880000591278076,33.41999816894531,-0.028632473876901487,0.2956729397169324
2020-03-03,274.37957763671875,1.0099999904632568,36.81999969482422,0.04203341834549934,0.30813157776096584
2020-03-04,285.9126892089844,0.9919999837875366,31.989999771118164,-0.03324176331471729,0.34264849290864013
2020-03-05,276.408447265625,0.9259999990463257,39.619998931884766,-0.016531432144847646,0.3552920940908397
2020-03-06,271.8390197753906,0.7059999704360962,41.939998626708984,-0.07809436436507566,0.3564390667690027
2020-03-09,250.60992431640625,0.49900001287460327,54.459999084472656,0.05174509552256912,0.4397358096621189
2020-03-10,263.5777587890625,0.7480000257492065,47.29999923706055,-0.048748766342060046,0.48745728681477957
2020-03-11,250.72866821289062,0.8199999928474426,53.900001525878906,-0.0956770044147448,0.5080216955373218
2020-03-12,226.7397003173828,0.8489999771118164,75.47000122070312,0.08548641206201002,0.5885113288817502
2020-03-13,246.12286376953125,0.9509999752044678,57.83000183105469,-0.10942393471804057,0.6868643576424653
2020-03-16,219.19113159179688,0.7279999852180481,82.69000244140625,0.05399219347702133,0.7695212120503011
2020-03-17,231.02574157714844,0.996999979019165,75.91000366210938,-0.050632928113418685,0.8076780965830418
2020-03-18,219.32823181152344,1.2660000324249268,76.44999694824219,0.0021248937744431373,0.815427489549909
2020-03-19,219.79428100585938,1.11899995803833,72.0,-0.04309394090904484,0.8169069974267205
2020-03-20,210.32247924804688,0.9380000233650208,66.04000091552734,-0.025568327329379192,0.8224437917410282
2020-03-23,204.94488525390625,0.7639999985694885,61.59000015258789,0.09060321035958774,0.8209140305985149
2020-03-24,223.5135498046875,0.8159999847412109,61.66999816894531,0.014970319870367454,0.9024808028227245
2020-03-25,226.859619140625,0.8579999804496765,63.95000076293945,0.05838961727992498,0.9068108018028808
2020-03-26,240.10586547851562,0.8109999895095825,61.0,-0.02978562338161328,0.9275469549847449
2020-03-27,232.95416259765625,0.7490000128746033,65.54000091552734,0.03247565121998708,0.9318516725095228
2020-03-30,240.51950073242188,0.6700000166893005,57.08000183105469,-0.01490520080143698,0.9250436778646123
2020-03-31,236.93450927734375,0.6980000138282776,53.540000915527344,-0.045005003947773514,0.9219422002800798
2020-04-01,226.27127075195312,0.6349999904632568,57.060001373291016,0.023075391765034148,0.913913186886339
2020-04-02,231.49256896972656,0.6269999742507935,50.90999984741211,-0.014454063539373618,0.9168140355794131
2020-04-03,228.1465606689453,0.5870000123977661,46.79999923706055,0.06716583467168835,0.9165641309387644
2020-04-06,243.47021484375,0.6759999990463257,45.2400016784668,0.0010197376997234109,0.9124149722025899
2020-04-07,243.71849060058594,0.7360000014305115,46.70000076293945,0.033568479499083814,0.8918966416920727
2020-04-08,251.89974975585938,0.7639999985694885,43.349998474121094,0.015217431599790165,0.8829790445213089
2020-04-09,255.73301696777344,0.7289999723434448,41.66999816894531,-0.009130523011752212,0.8050511281961007
2020-04-13,253.39804077148438,0.7490000128746033,41.16999816894531,0.029492685299072674,0.7513813698470061
2020-04-14,260.8714294433594,0.7519999742507935,37.7599983215332,-0.021247953524908936,0.6286348511807995
2020-04-15,255.3284454345703,0.6380000114440918,40.84000015258789,0.004824598754392895,0.6145437258714618
2020-04-16,256.560302734375,0.609000027179718,40.11000061035156,0.027015328237243175,0.5775159968550186
2020-04-17,263.4913635253906,0.6539999842643738,38.150001525878906,-0.017618195790289337,0.5806292734489787
2020-04-20,258.84912109375,0.6259999871253967,43.83000183105469,-0.030363118559277757,0.556425871951038
2020-04-21,250.98965454101562,0.5709999799728394,45.40999984741211,0.02219473230299629,0.5608485896947644
2020-04-22,256.560302734375,0.6190000176429749,41.97999954223633,-7.172621568207749e-05,0.47816313924160925
2020-04-23,256.5419006347656,0.6129999756813049,41.380001068115234,0.013938604854773828,0.47796268322715496
2020-04-24,260.11773681640625,0.5960000157356262,35.93000030517578,0.014418425775775345,0.438485973596062
2020-04-27,263.86822509765625,0.656000018119812,33.290000915527344,-0.0045984275135854125,0.4205235193731896
2020-04-28,262.65484619140625,0.6100000143051147,33.56999969482422,0.026178521459044424,0.4107217196831158
2020-04-29,269.53076171875,0.6269999742507935,31.229999542236328,-0.009310592048173971,0.4105660900281135
2020-04-30,267.0212707519531,0.621999979019165,34.150001525878906,-0.026473775888302242,0.36821855076848814
2020-05-01,259.95220947265625,0.6420000195503235,37.189998626708984,0.0027585918666972464,0.3839903348984733
2020-05-04,260.6693115234375,0.6370000243186951,35.970001220703125,0.009239122545018352,0.3765663886463121
2020-05-05,263.0776672363281,0.6570000052452087,33.61000061035156,-0.006778702327896569,0.30257787818344345
2020-05-06,261.2943420410156,0.7110000252723694,34.119998931884766,0.012066909340975318,0.30487216812194956
2020-05-07,264.4473571777344,0.6309999823570251,31.440000534057617,0.016546128048629205,0.2858587793858027
2020-05-08,268.82293701171875,0.6819999814033508,27.979999542236328,0.0002051360061938734,0.28667512984845345
2020-05-11,268.8780822753906,0.7260000109672546,27.56999969482422,-0.01993133949946868,0.28348270226953176
2020-05-12,263.51898193359375,0.6779999732971191,33.040000915527344,-0.01768606564686237,0.2767063206960351
2020-05-13,258.8583679199219,0.6489999890327454,35.279998779296875,0.011967313942221391,0.27323484435194423
2020-05-14,261.9562072753906,0.6190000176429749,32.61000061035156,0.00459715829189955,0.27578506552405335
2020-05-15,263.16046142578125,0.6399999856948853,31.889999389648438,0.030459657748211244,0.25889995591151527
2020-05-18,271.1762390136719,0.7440000176429749,29.299999237060547,-0.010271100190942906,0.2712993049579544
2020-05-19,268.3909606933594,0.7110000252723694,30.530000686645508,0.01698808421270459,0.24737012453505292
2020-05-20,272.9504089355469,0.6800000071525574,27.989999771118164,-0.006904263275238409,0.24279159195764716
2020-05-21,271.0658874511719,0.6769999861717224,29.530000686645508,0.00189928562317343,0.24521650980575946
2020-05-22,271.5807189941406,0.6570000052452087,28.15999984741211,0.012320268088314323,0.241707964315904
2020-05-26,274.9266662597656,0.6980000138282776,28.010000228881836,0.014879012147792858,0.24042043944553387
2020-05-27,279.0173034667969,0.6800000071525574,27.6200008392334,-0.001844941161055158,0.2430809726220774
2020-05-28,278.5025329589844,0.7049999833106995,28.59000015258789,0.004456402502265311,0.22771811863136515
2020-05-29,279.74365234375,0.6480000019073486,27.510000228881836,0.004041502666189523,0.22407461895838154
2020-06-01,280.8742370605469,0.6620000004768372,28.229999542236328,0.008279833940463277,0.19634224223047497
2020-06-02,283.1998291015625,0.6800000071525574,26.84000015258789,0.013308236776893523,0.19687514991910957
2020-06-03,286.9687194824219,0.7609999775886536,25.65999984741211,-0.0026264993128543024,0.1987699934221274
2020-06-04,286.2149963378906,0.8199999928474426,25.809999465942383,0.025629264120277773,0.1961942818834748
2020-06-05,293.55047607421875,0.9039999842643738,24.520000457763672,0.01208766509665904,0.2085248055282983
2020-06-08,297.09881591796875,0.8840000033378601,25.809999465942383,-0.007456652231962457,0.20592441814812593
2020-06-09,294.8834533691406,0.8289999961853027,27.56999969482422,-0.005580197171796253,0.21009015608907838
2020-06-10,293.2379455566406,0.7480000257492065,27.56999969482422,-0.0576485918511751,0.19326797324165393
2020-06-11,276.33319091796875,0.652999997138977,40.790000915527344,0.0119756339284669,0.28631480503778345
2020-06-12,279.6424560546875,0.6990000009536743,36.09000015258789,0.009335367820672902,0.2863180972867721
2020-06-15,282.2530212402344,0.7020000219345093,34.400001525878906,0.01924797923897059,0.28706739979534274
2020-06-16,287.6858215332031,0.7559999823570251,33.66999816894531,-0.004153968504349681,0.2757228633019806
2020-06-17,286.49078369140625,0.7329999804496765,33.470001220703125,0.00038518363864326055,0.27262423938762465
2020-06-18,286.60113525390625,0.6940000057220459,32.939998626708984,-0.005714942245765409,0.26798881678699876
2020-06-19,284.9632263183594,0.6970000267028809,35.119998931884766,0.006414980174401119,0.2674632084031544
2020-06-22,286.791259765625,0.7039999961853027,31.770000457763672,0.0046037403687930745,0.26777724995067886
2020-06-23,288.111572265625,0.7089999914169312,31.3700008392334,-0.025508747103011986,0.2655557851384339
2020-06-24,280.76220703125,0.6840000152587891,33.84000015258789,0.010720416138406685,0.2789087854859568
2020-06-25,283.7720947265625,0.6740000247955322,32.220001220703125,-0.023751205014408527,0.2810884472303003
2020-06-26,277.03216552734375,0.6359999775886536,34.72999954223633,0.014697299673158248,0.29413794220696077
2020-06-29,281.1037902832031,0.6359999775886536,31.780000686645508,0.012809610551665962,0.2986315160302763
2020-06-30,284.7046203613281,0.652999997138977,30.43000030517578,0.007005101508692935,0.3006804091919586
2020-07-01,286.6990051269531,0.6819999814033508,28.6200008392334,0.005506914485447156,0.2979220234044276
2020-07-02,288.27783203125,0.6690000295639038,27.68000030517578,0.01543696317537635,0.29832486657280677
2020-07-06,292.72796630859375,0.6840000152587891,27.940000534057617,-0.010313684893104802,0.28899961089112863
2020-07-07,289.7088623046875,0.6499999761581421,29.43000030517578,0.007648859497028315,0.2875294321770449
2020-07-08,291.9248046875,0.652999997138977,28.079999923706055,-0.005693517065811227,0.28809877463889666
2020-07-09,290.2627258300781,0.6050000190734863,29.260000228881836,0.01021098103114726,0.28812636993451257
2020-07-10,293.2265930175781,0.6330000162124634,27.290000915527344,-0.008658837654235363,0.19467242590240794
2020-07-13,290.6875915527344,0.6399999856948853,32.189998626708984,0.012958713633898,0.1958901353433385
2020-07-14,294.45452880859375,0.6150000095367432,29.520000457763672,0.009187468635625695,0.19809669230260624
2020-07-15,297.1598205566406,0.6299999952316284,27.760000228881836,-0.0032935096293821298,0.18964717883018248
2020-07-16,296.1811218261719,0.6119999885559082,28.0,0.0028990456003099574,0.18931984524974885
2020-07-17,297.0397644042969,0.628000020980835,25.68000030517578,0.008081657805253828,0.1892928413862016
2020-07-20,299.4403381347656,0.6200000047683716,24.459999084472656,0.002127687546989332,0.1883043972205416
2020-07-21,300.07745361328125,0.6069999933242798,24.84000015258789,0.0056919915492195106,0.1877508492293275
2020-07-22,301.7854919433594,0.5950000286102295,24.31999969482422,-0.011931652304951412,0.18796497543136534
2020-07-23,298.1846923828125,0.5820000171661377,26.079999923706055,-0.006440644868915046,0.1661517522658989
2020-07-24,296.2641906738281,0.5889999866485596,25.84000015258789,0.0072922444770979755,0.16683270397433597
2020-07-27,298.42462158203125,0.609000027179718,24.739999771118164,-0.006341998969605411,0.13637573742771678
2020-07-28,296.5320129394531,0.5809999704360962,25.440000534057617,0.01229864560834626,0.13443339675066013
2020-07-29,300.178955078125,0.5789999961853027,24.100000381469727,-0.0035678180252176617,0.13393553032592093
2020-07-30,299.10797119140625,0.5410000085830688,24.760000228881836,0.007902015779748695,0.13466711882182533
2020-07-31,301.4715270996094,0.5360000133514404,24.459999084472656,0.006952287561652115,0.13572204086309478
2020-08-03,303.56744384765625,0.5630000233650208,24.280000686645508,0.0038625564449763505,0.12792637026537726
2020-08-04,304.739990234375,0.5149999856948853,23.760000228881836,0.0062107689781008,0.1196790066411469
2020-08-05,306.6326599121094,0.5429999828338623,22.989999771118164,0.0066847874929871764,0.1189746629250661
2020-08-06,308.68243408203125,0.5360000133514404,22.649999618530273,0.0007177525920656347,0.11575560786341481
2020-08-07,308.90399169921875,0.5619999766349792,22.209999084472656,0.0029888859755906605,0.11289726166966009
2020-08-10,309.8272705078125,0.5740000009536743,22.1299991607666,-0.008254583636216783,0.1047224378495732
2020-08-11,307.269775390625,0.6579999923706055,24.030000686645508,0.013942134648893045,0.10560970695046613
2020-08-12,311.55377197265625,0.6700000166893005,22.280000686645508,-0.0018074258834905876,0.1110199187640715
2020-08-13,310.99066162109375,0.7160000205039978,22.1299991607666,2.9635322635446215e-05,0.11013246159649835
2020-08-14,310.9998779296875,0.7089999914169312,22.049999237060547,0.0031764788078396666,0.11045313845324065
2020-08-17,311.9877624511719,0.6830000281333923,21.350000381469727,0.0021604749582200267,0.10841415563570068
2020-08-18,312.66180419921875,0.6690000295639038,21.510000228881836,-0.0041637620833431255,0.1084144226736143
2020-08-19,311.3599548339844,0.675000011920929,22.540000915527344,0.0031135069608922983,0.10969436660927694
2020-08-20,312.3293762207031,0.6439999938011169,22.719999313354492,0.0035474447034509193,0.09741836718660218
2020-08-21,313.4373474121094,0.6399999856948853,22.540000915527344,0.010132984899298592,0.09176881193460516
2020-08-24,316.6134033203125,0.6460000276565552,22.3700008392334,0.0034992522256840353,0.09412173704949965
2020-08-25,317.7213134765625,0.6819999814033508,22.030000686645508,0.010025941563094332,0.08744075270032518
2020-08-26,320.9067687988281,0.6869999766349792,23.270000457763672,0.002186587327074996,0.08472778265501119
2020-08-27,321.60845947265625,0.7459999918937683,24.469999313354492,0.006459004564800974,0.08086343660231812
2020-08-28,323.68572998046875,0.7289999723434448,22.959999084472656,-0.003622484027298589,0.08001373527429873
2020-08-31,322.51318359375,0.6930000185966492,26.40999984741211,0.009418806310909744,0.08284531310564475
2020-09-01,325.5508728027344,0.671999990940094,26.1200008392334,0.01446391525182067,0.08586561118284608
2020-09-02,330.2596130371094,0.6510000228881836,26.56999969482422,-0.03441432488996665,0.09414617635069357
2020-09-03,318.8939514160156,0.621999979019165,33.599998474121094,-0.008164779290755764,0.16410579239847037
2020-09-04,316.2902526855469,0.7210000157356262,30.75,-0.027322709646929733,0.167784300218711
2020-09-08,307.6483459472656,0.6840000152587891,31.459999084472656,0.01974720616096315,0.19575201574859802
2020-09-09,313.7235412597656,0.703000009059906,28.809999465942383,-0.017363461595143126,0.20560859038122087
2020-09-10,308.2762145996094,0.6850000023841858,29.709999084472656,0.0005090285247033588,0.20970442067114967
2020-09-11,308.4331359863281,0.6690000295639038,26.8700008392334,0.01317121440876523,0.20966599898982188
2020-09-14,312.4955749511719,0.6710000038146973,25.850000381469727,0.005052512950622923,0.21508348681379952
2020-09-15,314.074462890625,0.6790000200271606,25.59000015258789,-0.00396887089966258,0.21551566932098273
2020-09-16,312.82794189453125,0.6869999766349792,26.040000915527344,-0.008795067207791551,0.21595760042163334
2020-09-17,310.07659912109375,0.6840000152587891,26.459999084472656,-0.011512717273307937,0.21779264835394083
2020-09-18,306.50677490234375,0.6940000057220459,25.829999923706055,-0.011129360407518663,0.22107927063501606
2020-09-21,303.0955505371094,0.6710000038146973,27.780000686645508,0.010184120054350432,0.22333637313664162
2020-09-22,306.18231201171875,0.6639999747276306,26.860000610351562,-0.0231908120636517,0.22337201744500584
2020-09-23,299.0816955566406,0.6759999990463257,28.579999923706055,0.002665324123963808,0.23510758432102477
2020-09-24,299.87884521484375,0.6660000085830688,28.510000228881836,0.01616701080656968,0.23115327711320297
2020-09-25,304.72698974609375,0.6589999794960022,26.3799991607666,0.01660912537978354,0.24067054885916825
2020-09-28,309.7882385253906,0.6629999876022339,26.190000534057617,-0.005445890269872078,0.24830377024990397
2020-09-29,308.1011657714844,0.6449999809265137,26.270000457763672,0.007582019519091876,0.24853875536045086
2020-09-30,310.43719482421875,0.6769999861717224,26.3700008392334,0.00642001508787593,0.24748651396952373
2020-10-01,312.4302062988281,0.6769999861717224,26.700000762939453,-0.009494503313386526,0.2418612144418267
2020-10-02,309.4638366699219,0.6959999799728394,27.6299991607666,0.017732834173741274,0.2129103907263017
2020-10-05,314.9515075683594,0.7620000243186951,27.959999084472656,-0.014215823116526027,0.22168430741073109
2020-10-06,310.4742126464844,0.7419999837875366,29.479999542236328,0.017406883430566733,0.20457377304520932
2020-10-07,315.87860107421875,0.7850000262260437,28.059999465942383,0.008862290606151735,0.20180886493708747
2020-10-08,318.6780090332031,0.7649999856948853,26.360000610351562,0.008930287468227105,0.1924112193464214
2020-10-09,321.5238952636719,0.7749999761581421,25.0,0.01608778538103084,0.19401749451310657
2020-10-12,326.6965026855469,0.7770000100135803,25.06999969482422,-0.006526273094987323,0.19647523070261275
2020-10-13,324.56439208984375,0.7269999980926514,26.06999969482422,-0.006283399305296311,0.1986090417850981
2020-10-14,322.5250244140625,0.722000002861023,26.399999618530273,-0.0012359369825424293,0.1996552692680659
2020-10-15,322.12640380859375,0.7310000061988831,26.969999313354492,-0.0006041435703567632,0.19620723820289038
2020-10-16,321.9317932128906,0.7440000176429749,27.40999984741211,-0.015203438486136367,0.1899793256596553
2020-10-19,317.0373229980469,0.7609999775886536,29.18000030517578,0.004005706596575065,0.19436313290778326
2020-10-20,318.3072814941406,0.796999990940094,29.350000381469727,-0.0018930436565876008,0.19227464401879216
2020-10-21,317.7047119140625,0.8159999847412109,28.649999618530273,0.005485109909679986,0.16865838793142224
2020-10-22,319.4473571777344,0.8479999899864197,28.110000610351562,0.0033953176314343025,0.16886368390663012
2020-10-23,320.531982421875,0.8410000205039978,27.549999237060547,-0.01847990591812465,0.16181382795040317
2020-10-26,314.60858154296875,0.8009999990463257,32.459999084472656,-0.003447344645416961,0.1692334699975254
2020-10-27,313.5240173339844,0.777999997138977,33.349998474121094,-0.034178918592444374,0.16839768453343498
2020-10-28,302.80810546875,0.781000018119812,40.279998779296875,0.010163351345075622,0.20726510863978226
2020-10-29,305.8856506347656,0.8349999785423279,37.59000015258789,-0.010424551450870179,0.2094951955615208
2020-10-30,302.6969299316406,0.8600000143051147,38.02000045776367,0.01120834199955989,0.21002220550518388
2020-11-02,306.08966064453125,0.8489999771118164,37.130001068115234,0.017655827857896655,0.20346972362006802
2020-11-03,311.4939270019531,0.8820000290870667,35.54999923706055,0.022349589738761555,0.20813355245250695
2020-11-04,318.4556884765625,0.7680000066757202,29.56999969482422,0.01950224797789324,0.21419002370968004
2020-11-05,324.6662902832031,0.7760000228881836,27.579999923706055,-0.00022794213371701844,0.2228583429434375
2020-11-06,324.59228515625,0.8199999928474426,24.860000610351562,0.012565436658067197,0.22091233425380635
2020-11-09,328.6709289550781,0.9580000042915344,25.75,-0.001466496079950308,0.21796431465256774
2020-11-10,328.1889343261719,0.972000002861023,24.799999237060547,0.007428240126203134,0.21656999235087207
2020-11-11,330.6268005371094,0.9580000042915344,23.450000762939453,-0.00970059107554111,0.21622150998508538
2020-11-12,327.4195251464844,0.8849999904632568,25.350000381469727,0.013844125245843442,0.21961478281817462
2020-11-13,331.9523620605469,0.8930000066757202,23.100000381469727,0.012482929078278193,0.22423628647340654
2020-11-16,336.0960998535156,0.906000018119812,22.450000762939453,-0.005378184009602327,0.21812422831216902
2020-11-17,334.28851318359375,0.871999979019165,22.709999084472656,-0.012034819169604916,0.22009245821610948
2020-11-18,330.2654113769531,0.8820000290870667,23.84000015258789,0.00420998181782406,0.2256776228163884
2020-11-19,331.65582275390625,0.8539999723434448,23.110000610351562,-0.0068478163452830865,0.2254645182556786
2020-11-20,329.38470458984375,0.8289999961853027,23.700000762939453,0.005994379094099056,0.22752998070842695
2020-11-23,331.3591613769531,0.8569999933242798,22.65999984741211,0.016113590957136825,0.21533966818233038
2020-11-24,336.69854736328125,0.8820000290870667,21.639999389648438,-0.0015415658095785378,0.2191128074212416
2020-11-25,336.17950439453125,0.878000020980835,21.25,0.0027851484168834872,0.16932325434676684
2020-11-27,337.1158142089844,0.8420000076293945,20.84000015258789,-0.004427149647977968,0.168533161261839
2020-11-30,335.62335205078125,0.843999981880188,20.56999969482422,0.01093728092022106,0.16252552759402783
2020-12-01,339.2941589355469,0.9340000152587891,20.770000457763672,0.002103527516796877,0.16239598717153653
2020-12-02,340.00787353515625,0.9480000138282776,21.170000076293945,-0.00027231819977746596,0.1558413126105597
2020-12-03,339.915283203125,0.9200000166893005,21.280000686645508,0.008617618561610252,0.14136554760720246
2020-12-04,342.84454345703125,0.968999981880188,20.790000915527344,-0.0020553072590888677,0.12961464002831344
2020-12-07,342.139892578125,0.9279999732971191,21.299999237060547,0.0029262597179260386,0.13033353172695727
2020-12-08,343.1410827636719,0.9129999876022339,20.68000030517578,-0.008968745861699046,0.1250072925139157
2020-12-09,340.06353759765625,0.9409999847412109,22.270000457763672,-0.00032692577950210744,0.13062488013054532
2020-12-10,339.9523620605469,0.9079999923706055,22.520000457763672,-0.0011727573775586198,0.12909324093390015
2020-12-11,339.5536804199219,0.8930000066757202,23.309999465942383,-0.004477241035923729,0.1227398902639744
2020-12-14,338.0334167480469,0.8920000195503235,24.719999313354492,0.01351957567787232,0.11603950817928192
2020-12-15,342.6034851074219,0.9229999780654907,22.889999389648438,0.0015691540793330017,0.11745765950311436
2020-12-16,343.1410827636719,0.9200000166893005,22.5,0.005591936782192386,0.11502935059334923
2020-12-17,345.0599060058594,0.9300000071525574,21.93000030517578,-0.003992775045872365,0.10438564783775478
2020-12-18,343.6821594238281,0.9480000138282776,21.56999969482422,-0.0035754570526480567,0.10634772577152116
2020-12-21,342.4533386230469,0.9409999847412109,25.15999984741211,-0.0016852454183754473,0.10341069873682734
2020-12-22,341.876220703125,0.9179999828338623,24.229999542236328,0.0008985414100297628,0.10303657585861438
2020-12-23,342.18341064453125,0.9549999833106995,23.309999465942383,0.003890065038947954,0.08757308953683146
2020-12-24,343.5145263671875,0.9279999732971191,21.530000686645508,0.008591112306690185,0.08775041882036377
2020-12-28,346.4656982421875,0.9330000281333923,21.700000762939453,-0.0019079558614877312,0.0915712147826289
2020-12-29,345.8046569824219,0.9350000023841858,23.079999923706055,0.0014269290790036582,0.08987148772858579
2020-12-30,346.298095703125,0.9259999990463257,22.770000457763672,0.005080768479671649,0.08269450323557684
2020-12-31,348.05755615234375,0.9169999957084656,22.75,-0.013613849883605256,0.08387165226532384
2021-01-04,343.31915283203125,0.9169999957084656,26.969999313354492,0.006887094460190868,0.09895733440168622
2021-01-05,345.6836242675781,0.9549999833106995,25.34000015258789,0.005978621145737328,0.09725442554423808
2021-01-06,347.7503356933594,1.0420000553131104,25.06999969482422,0.014857548646201257,0.09870145628993571
2021-01-07,352.91705322265625,1.0709999799728394,22.3700008392334,0.005697838173163605,0.11044678233372461
2021-01-08,354.92791748046875,1.1050000190734863,21.559999465942383,-0.006740939468514839,0.10422955652446868
2021-01-11,352.5353698730469,1.1319999694824219,24.079999923706055,0.0002112210489739752,0.10865357590860043
2021-01-12,352.6098327636719,1.1380000114440918,23.329999923706055,0.0026931920435986356,0.10825473432993934
2021-01-13,353.5594787597656,1.0880000591278076,22.209999084472656,-0.003502327965703822,0.10560286734259956
2021-01-14,352.3211975097656,1.128999948501587,23.25,-0.007292508762123728,0.09860396325880201
2021-01-15,349.75189208984375,1.097000002861023,24.34000015258789,0.007851984220817787,0.1033277466876377
2021-01-19,352.4981384277344,1.0920000076293945,23.239999771118164,0.013838604360149498,0.1049656562620762
2021-01-20,357.376220703125,1.090000033378601,21.579999923706055,0.0009118309510844913,0.1123432043901415
2021-01-21,357.70208740234375,1.1089999675750732,21.31999969482422,-0.0035394894473953498,0.11051480043056422
2021-01-22,356.4360046386719,1.090999960899353,21.90999984741211,0.003943767367212914,0.11157115110408151
2021-01-25,357.8417053222656,1.0399999618530273,23.190000534057617,-0.0015610079588038728,0.11165586783394711
2021-01-26,357.2831115722656,1.0399999618530273,23.020000457763672,-0.02444049956894978,0.1122772840554075
2021-01-27,348.5509338378906,1.0140000581741333,37.209999084472656,0.0086004092172558,0.14342417381951542
2021-01-28,351.5486145019531,1.0570000410079956,30.209999084472656,-0.020019627511329685,0.14606680508726697
2021-01-29,344.5107421875,1.093000054359436,33.09000015258789,0.0166455131966472,0.16374050779841193
2021-02-01,350.24530029296875,1.0770000219345093,30.239999771118164,0.014140393024629327,0.17354686766454014
2021-02-02,355.1979064941406,1.1050000190734863,25.559999465942383,0.0007860556528089813,0.17183957417456053
2021-02-03,355.47711181640625,1.13100004196167,22.90999984741211,0.011365718217136722,0.17078575826891104
2021-02-04,359.5173645019531,1.1390000581741333,21.770000457763672,0.003935855913057562,0.17372433304322302
2021-02-05,360.932373046875,1.1699999570846558,20.8700008392334,0.007221676579550973,0.16696615208697493
2021-02-08,363.5389099121094,1.159999966621399,21.239999771118164,-0.0006653547051599373,0.16759988969653034
2021-02-09,363.2970275878906,1.156999945640564,21.6299991607666,-0.00043596896875364166,0.16512594933074945
2021-02-10,363.1386413574219,1.1330000162124634,21.989999771118164,0.0016152173984294027,0.1652118274733988
2021-02-11,363.7251892089844,1.1579999923706055,21.25,0.0049396960887932995,0.16515494017739216
2021-02-12,365.5218811035156,1.2000000476837158,19.969999313354492,-0.0008658792239164548,0.16450119527560647
2021-02-16,365.20538330078125,1.2990000247955322,21.459999084472656,0.00022929627602463754,0.16129257995661417
2021-02-17,365.28912353515625,1.3009999990463257,21.5,-0.004255795880864777,0.16002281413001954
2021-02-18,363.7345275878906,1.2869999408721924,22.489999771118164,-0.0017661095409097216,0.15482208818179077
2021-02-19,363.0921325683594,1.3450000286102295,22.049999237060547,-0.007691672151572848,0.15511723847829328
2021-02-22,360.2993469238281,1.3700000047683716,23.450000762939453,0.0012145221923671734,0.15733993577680824
2021-02-23,360.7369384765625,1.3619999885559082,23.110000610351562,0.011019211500437942,0.156864987886425
2021-02-24,364.71197509765625,1.3890000581741333,21.34000015258789,-0.024095878446461105,0.16102721393630143
2021-02-25,355.9239196777344,1.5180000066757202,28.889999389648438,-0.005152399721681911,0.16030588313790056
2021-02-26,354.0900573730469,1.4600000381469727,27.950000762939453,0.024239962981422725,0.1591960858512216
2021-03-01,362.6731872558594,1.4459999799728394,23.350000381469727,-0.007802879062947632,0.16137683672967817
2021-03-02,359.8432922363281,1.4149999618530273,24.100000381469727,-0.013246156396916509,0.15645663221752704
2021-03-03,355.0767517089844,1.4700000286102295,26.670000076293945,-0.01237448061499824,0.15707528356631775
2021-03-04,350.682861328125,1.5499999523162842,28.56999969482422,0.0183965505358199,0.16306695478801436
2021-03-05,357.13421630859375,1.5540000200271606,24.65999984741211,-0.004978733738406627,0.17161189465602628
2021-03-08,355.35614013671875,1.5959999561309814,25.469999313354492,0.014277445378901854,0.17162673783051943
2021-03-09,360.4297180175781,1.5460000038146973,24.030000686645508,0.006224429135923248,0.1776792691088088
2021-03-10,362.6731872558594,1.5199999809265137,22.559999465942383,0.010139198885904088,0.17920393125023237
2021-03-11,366.35040283203125,1.5269999504089355,21.90999984741211,0.001346987022442292,0.18277858033648484
2021-03-12,366.8438720703125,1.6349999904632568,20.690000534057617,0.005963359992812389,0.18275941653669975
2021-03-15,369.031494140625,1.6069999933242798,20.030000686645508,-0.0012613682748802146,0.18312574519711125
2021-03-16,368.5660095214844,1.621000051498413,19.790000915527344,0.0034100701232100405,0.18317142036104636
2021-03-17,369.8228454589844,1.6410000324249268,19.229999542236328,-0.014549747057253204,0.18345193393614193
2021-03-18,364.4420166015625,1.7300000190734863,21.579999923706055,-0.0018502707578507138,0.19062432530401316
2021-03-19,363.7677001953125,1.7319999933242798,20.950000762939453,0.007985191200626796,0.19063587069642413
2021-03-22,366.6724548339844,1.684000015258789,18.8799991607666,-0.007870914013947239,0.1901919121462164
2021-03-23,363.7864074707031,1.6380000114440918,20.299999237060547,-0.0050835728845800565,0.1927385199744105
2021-03-24,361.93707275390625,1.6139999628067017,21.200000762939453,0.005625485562591459,0.189520986120314
2021-03-25,363.97314453125,1.6139999628067017,19.809999465942383,0.016114973229749197,0.16822326753598374
2021-03-26,369.83856201171875,1.659999966621399,18.860000610351562,-0.0005049975781570293,0.17444264216430416
2021-03-29,369.65179443359375,1.7209999561309814,20.739999771118164,-0.002652907060741727,0.1539534538725012
2021-03-30,368.671142578125,1.7259999513626099,19.610000610351562,0.004053352908494068,0.1511077620211525
2021-03-31,370.1654968261719,1.746000051498413,19.399999618530273,0.010798969758482269,0.14124335624795614
2021-04-01,374.16290283203125,1.6790000200271606,17.329999923706055,0.014353166288353592,0.13343852380231808
2021-04-05,379.5333251953125,1.7200000286102295,17.90999984741211,-0.0005905979697903296,0.12802502077014533
2021-04-06,379.3091735839844,1.656000018119812,18.1200008392334,0.0011571136138013305,0.12528100995461025
2021-04-07,379.7480773925781,1.652999997138977,17.15999984741211,0.004747024269935007,0.11850131289469823
2021-04-08,381.5507507324219,1.6319999694824219,16.950000762939453,0.007269975857127964,0.11802374698725698
2021-04-09,384.3246154785156,1.6660000085830688,16.690000534057617,0.0003647105355288893,0.1160042158638309
2021-04-12,384.46478271484375,1.6749999523162842,16.90999984741211,0.002963611618284734,0.11617733812393721
2021-04-13,385.60418701171875,1.6230000257492065,16.649999618530273,-0.0034150666876234803,0.11543369279110739
2021-04-14,384.2873229980469,1.6380000114440918,16.989999771118164,0.01074225597858125,0.11654397189734743
2021-04-15,388.4154357910156,1.5299999713897705,16.56999969482422,0.0033426576910000616,0.12046378076391709
2021-04-16,389.7137756347656,1.5729999542236328,16.25,-0.004913023278286466,0.10228020893232392
2021-04-19,387.7991027832031,1.6009999513626099,17.290000915527344,-0.007321717477869805,0.10490070595021213
2021-04-20,384.9597473144531,1.562000036239624,18.68000030517578,0.009462151907655203,0.1096507743451558
2021-04-21,388.602294921875,1.5640000104904175,17.5,-0.009133073445937279,0.10516297615665093
2021-04-22,385.05316162109375,1.5540000200271606,18.709999084472656,0.010842547709032813,0.11031400550517169
2021-04-23,389.2281188964844,1.5670000314712524,17.329999923706055,0.002087543212144549,0.11339494142279066
2021-04-26,390.0406494140625,1.5700000524520874,17.639999389648438,-0.00021571331864256305,0.10295909775866235
2021-04-27,389.9565124511719,1.621999979019165,17.559999465942383,-0.0002870537431440834,0.10284536499750307
2021-04-28,389.8445739746094,1.6200000047683716,17.280000686645508,0.00637249717736843,0.1015477185143834
2021-04-29,392.328857421875,1.6399999856948853,17.610000610351562,-0.006570481008152607,0.10225390755296189
2021-04-30,389.7510681152344,1.63100004196167,18.610000610351562,0.0021567001110218698,0.10311299768583108
2021-05-03,390.5916442871094,1.6069999933242798,18.309999465942383,-0.006169120535058137,0.09235994659142108
2021-05-04,388.1820373535156,1.5920000076293945,19.479999542236328,0.0003128943362902259,0.09604630518946702
2021-05-05,388.3034973144531,1.5839999914169312,19.149999618530273,0.007985347922013775,0.09609503086354959
2021-05-06,391.40423583984375,1.5609999895095825,18.389999389648438,0.007278059533427639,0.09837135894176693
2021-05-07,394.2528991699219,1.5770000219345093,16.690000534057617,-0.009902329760964501,0.09837787626322388
2021-05-10,390.348876953125,1.6019999980926514,19.65999984741211,-0.008924746179955978,0.10611110298663735
2021-05-11,386.8651123046875,1.6239999532699585,21.84000015258789,-0.0212452736480101,0.11113975842045401
2021-05-12,378.64605712890625,1.6950000524520874,27.59000015258789,0.012012517616397878,0.13439207847781587
2021-05-13,383.1945495605469,1.6679999828338623,23.1299991607666,0.015355211105880562,0.13589437402233462
2021-05-14,389.0785827636719,1.6349999904632568,18.809999465942383,-0.002544604903458869,0.14681627943396391
2021-05-17,388.0885314941406,1.6399999856948853,19.719999313354492,-0.008615317351694185,0.14601233615487985
2021-05-18,384.7450256347656,1.6419999599456787,21.34000015258789,-0.002621967784601442,0.1469509764511883
2021-05-19,383.7362365722656,1.6829999685287476,22.18000030517578,0.010758001121178529,0.1428481064990154
2021-05-20,387.8644714355469,1.6339999437332153,20.670000076293945,-0.0008188335331962282,0.14451258459161992
2021-05-21,387.546875,1.6319999694824219,20.149999618530273,0.010194315581784519,0.13916933850067528
2021-05-24,391.4976501464844,1.6080000400543213,18.399999618530273,-0.0022187932505469687,0.1438184855101745
2021-05-25,390.6289978027344,1.5640000104904175,18.84000015258789,0.001984589063971365,0.14407552175826369
2021-05-26,391.40423583984375,1.5740000009536743,17.360000610351562,0.0005249683950780959,0.14421485948370594
2021-05-27,391.6097106933594,1.6100000143051147,16.739999771118164,0.0017885382216564771,0.14239862023931985
2021-05-28,392.31011962890625,1.5809999704360962,16.760000228881836,-0.0008805762764971803,0.140401996540288
2021-06-01,391.96466064453125,1.6150000095367432,17.899999618530273,0.0015726534109816726,0.14030168683587096
2021-06-02,392.5810852050781,1.590999960899353,17.479999542236328,-0.0037114148004325775,0.1383082833608921
2021-06-03,391.1240539550781,1.625,18.040000915527344,0.009145893531490534,0.13915408392689416
2021-06-04,394.70123291015625,1.559999942779541,16.420000076293945,-0.0009702657502916878,0.1400513840147727
2021-06-07,394.3182678222656,1.569000005722046,16.420000076293945,0.0002130636580499612,0.13776464661020457
2021-06-08,394.40228271484375,1.527999997138977,17.06999969482422,-0.001491979045749381,0.13266299477357976
2021-06-09,393.8138427734375,1.4889999628067017,17.889999389648438,0.004648458846733261,0.12816985635728448
2021-06-10,395.64447021484375,1.4589999914169312,16.100000381469727,0.0016525925687096432,0.0982344888431764
2021-06-11,396.2983093261719,1.4620000123977661,15.649999618530273,0.0022389663622159883,0.09116041978169312
2021-06-14,397.18560791015625,1.5010000467300415,16.389999389648438,-0.0018341944181542447,0.07567204884786972
2021-06-15,396.45709228515625,1.4989999532699585,17.020000457763672,-0.005583435313359808,0.07526634132623164
2021-06-16,394.2434997558594,1.569000005722046,18.149999618530273,-0.0003315382173462167,0.07071964863883323
2021-06-17,394.11279296875,1.5110000371932983,17.75,-0.01349040690435277,0.06952240704041915
2021-06-18,388.7960510253906,1.4500000476837158,20.700000762939453,0.014315935023585746,0.07865576711836758
2021-06-21,394.3620300292969,1.4839999675750732,17.889999389648438,0.005346197761957772,0.09322724257873918
2021-06-22,396.4703674316406,1.472000002861023,16.65999984741211,-0.001205245782621156,0.08826495514806698
2021-06-23,395.9925231933594,1.4869999885559082,16.31999969482422,0.0059155126475785025,0.08790122357048533
2021-06-24,398.33502197265625,1.4869999885559082,15.970000267028809,0.0035520778092281713,0.08975310876142537
2021-06-25,399.74993896484375,1.5360000133514404,15.619999885559082,0.002016183518046999,0.09023032798835497
2021-06-28,400.555908203125,1.4780000448226929,15.760000228881836,0.0005379639014870818,0.09025883747202934
2021-06-29,400.7713928222656,1.4800000190734863,16.020000457763672,0.0008415015689728911,0.08999524594140432
2021-06-30,401.108642578125,1.4429999589920044,15.829999923706055,0.005536641303613532,0.08998463093250028
2021-07-01,403.3294372558594,1.4800000190734863,15.479999542236328,0.007643667867986315,0.08942554601402339
2021-07-02,406.412353515625,1.430999994277954,15.069999694824219,-0.0018213874863711732,0.08787937672176542
2021-07-06,405.672119140625,1.3700000047683716,16.440000534057617,0.003534098684847997,0.08824498752513528
2021-07-07,407.1058044433594,1.3209999799728394,16.200000762939453,-0.008147949747988048,0.08842227020830352
2021-07-08,403.7887268066406,1.2879999876022339,19.0,0.010674724096537691,0.09446061602230849
2021-07-09,408.09906005859375,1.3559999465942383,16.18000030517578,0.0035820286122583145,0.09960283553208328
2021-07-12,409.5608825683594,1.3630000352859497,16.170000076293945,-0.003409189723386441,0.09985929617450953
2021-07-13,408.16461181640625,1.4149999618530273,17.1200008392334,0.0014922909144088337,0.10142980593557918
2021-07-14,408.7737121582031,1.3559999465942383,16.329999923706055,-0.0034154561316317444,0.10071489170820076
2021-07-15,407.3775634765625,1.2970000505447388,17.010000228881836,-0.007843614343242655,0.09895695466517886
2021-07-16,404.1822509765625,1.2999999523162842,18.450000762939453,-0.014768075852423124,0.10440325680104531
2021-07-19,398.2132568359375,1.180999994277954,22.5,0.014330445780912804,0.10687047926540512
2021-07-20,403.9198303222656,1.2089999914169312,19.729999542236328,0.008096243137376335,0.10689407497080426
2021-07-21,407.1900634765625,1.2799999713897705,17.90999984741211,0.0020942374631298666,0.10873206430248679
2021-07-22,408.0428161621094,1.2649999856948853,17.690000534057617,0.010287981666244894,0.1083308187291087
2021-07-23,412.2407531738281,1.2860000133514404,17.200000762939453,0.0024548601767580003,0.11174091310847081
2021-07-26,413.25274658203125,1.2760000228881836,17.579999923706055,-0.004557482919500755,0.11157276023487063
2021-07-27,411.3693542480469,1.2339999675750732,19.360000610351562,-0.0004103191520377081,0.11373374834333108
2021-07-28,411.2005615234375,1.2610000371932983,18.309999465942383,0.0041473272664391825,0.11387406549087914
2021-07-29,412.90594482421875,1.2690000534057617,17.700000762939453,-0.0048562087706359724,0.11429759077251327
2021-07-30,410.9007873535156,1.2389999628067017,18.239999771118164,-0.002098051624591868,0.11534802644466458
2021-08-02,410.0386962890625,1.1740000247955322,19.459999084472656,0.008135367368683255,0.11301590913827152
2021-08-03,413.37451171875,1.1759999990463257,18.040000915527344,-0.004918697458394905,0.1158316525034233
2021-08-04,411.34124755859375,1.184000015258789,17.969999313354492,0.00633281968835564,0.11722394039970947
2021-08-05,413.9461975097656,1.2170000076293945,17.280000686645508,0.0016525130990139303,0.11421470471386785
2021-08-06,414.6302490234375,1.2899999618530273,16.149999618530273,-0.0008137427130429087,0.10871643702820984
2021-08-09,414.2928466796875,1.3170000314712524,16.719999313354492,0.0012438540234249729,0.10835245575885492
2021-08-10,414.80816650390625,1.3420000076293945,16.790000915527344,0.0024849853970230207,0.10732483498700439
2021-08-11,415.8389587402344,1.3289999961853027,16.170000076293945,0.0029970914144805683,0.10746392241509453
2021-08-12,417.08526611328125,1.3669999837875366,15.59000015258789,0.00181977822573276,0.10647127543069704
2021-08-13,417.8442687988281,1.2970000505447388,15.449999809265137,0.002354673241249383,0.1009685886483519
2021-08-16,418.8281555175781,1.2569999694824219,16.1200008392334,-0.0065552276747554705,0.08010500157816373
2021-08-17,416.0826416015625,1.2580000162124634,17.90999984741211,-0.010945126503975722,0.07335062052075823
2021-08-18,411.528564453125,1.2730000019073486,21.56999969482422,0.0015484649277626161,0.08132816391770241
2021-08-19,412.1658020019531,1.2419999837875366,21.670000076293945,0.007957071043812158,0.08121304583552948
2021-08-20,415.4454345703125,1.2599999904632568,18.559999465942383,0.008796534216938712,0.07784448210586106
2021-08-23,419.09991455078125,1.2549999952316284,17.149999618530273,0.0015873367243701697,0.08314075840205398
2021-08-24,419.7651672363281,1.2899999618530273,17.219999313354492,0.0020984575275728723,0.08079979996971662
2021-08-25,420.6460266113281,1.3420000076293945,16.790000915527344,-0.0059032646390537735,0.08070021509837591
2021-08-26,418.162841796875,1.3420000076293945,18.84000015258789,0.008941160500818945,0.08358105559605246
2021-08-27,421.9017028808594,1.312000036239624,16.389999389648438,0.004397435781517078,0.0858526367751275
2021-08-30,423.7569885253906,1.284999966621399,16.190000534057617,-0.001481599482171192,0.08550221688082435
2021-08-31,423.129150390625,1.3040000200271606,16.479999542236328,0.0005312620987261152,0.08260881384525824
2021-09-01,423.35394287109375,1.3020000457763672,16.110000610351562,0.00307674297467897,0.079478482508415
2021-09-02,424.656494140625,1.2940000295639038,16.40999984741211,-0.00024254150729596802,0.0776457943260783
2021-09-03,424.5534973144531,1.3220000267028809,16.40999984741211,-0.0035756775432369547,0.07781944897759537
2021-09-07,423.0354309082031,1.3700000047683716,18.139999389648438,-0.0012183645607333204,0.07936704024921974
2021-09-08,422.52001953125,1.3339999914169312,17.959999084472656,-0.004280059076342768,0.07977018664900709
2021-09-09,420.71160888671875,1.2990000247955322,18.799999237060547,-0.007884590303207428,0.08161806261492376
2021-09-10,417.39447021484375,1.340999960899353,20.950000762939453,0.002559079787049612,0.08637233734783197
2021-09-13,418.4626159667969,1.3240000009536743,19.3700008392334,-0.005396296125861233,0.08661265726242912
2021-09-14,416.2044677734375,1.2769999504089355,19.459999084472656,0.008352722517096955,0.0882763208020584
2021-09-15,419.680908203125,1.3040000200271606,18.18000030517578,-0.001585430127637233,0.09010637449567133
2021-09-16,419.0155334472656,1.3309999704360962,18.690000534057617,-0.00974115571100731,0.07996758417839478
2021-09-17,414.933837890625,1.3700000047683716,20.809999465942383,-0.016674153859007834,0.08837831438927143
2021-09-20,408.0151672363281,1.309000015258789,25.709999084472656,-0.0009444390550343851,0.10239370874006234
2021-09-21,407.62982177734375,1.3240000009536743,24.360000610351562,0.009754803658906797,0.09580790223136665
2021-09-22,411.6061706542969,1.3359999656677246,20.8700008392334,0.012150129108328356,0.10324826406985278
2021-09-23,416.60723876953125,1.409999966621399,18.6299991607666,0.001647085504724588,0.1129112889819716
2021-09-24,417.2934265136719,1.4600000381469727,17.75,-0.0028610040273160386,0.11125064462067948
2021-09-27,416.09954833984375,1.4839999675750732,18.760000228881836,-0.020151817965125884,0.10633588347177712
2021-09-28,407.7143859863281,1.534000039100647,23.25,0.0016830857220273554,0.1249018286664446
2021-09-29,408.4006042480469,1.5410000085830688,22.559999465942383,-0.012222406459913127,0.1255453573481607
2021-09-30,403.4089660644531,1.5290000438690186,23.139999389648438,0.011884191617989481,0.13054771883573588
2021-10-01,408.2031555175781,1.4789999723434448,21.100000381469727,-0.012895857289484391,0.1389043689338353
2021-10-04,402.93902587890625,1.4809999465942383,22.959999084472656,0.010404736438942797,0.14402399670509644
2021-10-05,407.1315002441406,1.5290000438690186,21.299999237060547,0.004156096091076478,0.15110478147850162
2021-10-06,408.8235778808594,1.5240000486373901,21.0,0.008645874754811489,0.15260945152409996
2021-10-07,412.35821533203125,1.5709999799728394,19.540000915527344,-0.0018237654781021462,0.15645029341706834
2021-10-08,411.6061706542969,1.6050000190734863,18.770000457763672,-0.007239957023946086,0.1543554778454545
2021-10-11,408.62615966796875,1.6139999628067017,20.0,-0.0024613397807983217,0.1555653414992137
2021-10-12,407.6203918457031,1.5800000429153442,19.850000381469727,0.0035976148666176933,0.15484820841609429
2021-10-13,409.08685302734375,1.5490000247955322,18.639999389648438,0.016820642034089284,0.15193302731471542
2021-10-14,415.96795654296875,1.5190000534057617,16.860000610351562,0.007615822763729296,0.1648656324507895
2021-10-15,419.1358947753906,1.5759999752044678,16.299999237060547,0.002960555895136663,0.1632053909343626
2021-10-18,420.37677001953125,1.5839999914169312,16.309999465942383,0.0077148983811576866,0.15006793126095727
2021-10-19,423.61993408203125,1.6349999904632568,15.699999809265137,0.003927620552088618,0.15131234494479778
2021-10-20,425.28375244140625,1.6360000371932983,15.489999771118164,0.002608265477624494,0.14872722322794382
2021-10-21,426.39300537109375,1.6759999990463257,15.010000228881836,-0.0010362834476783656,0.14358369272264918
2021-10-22,425.9511413574219,1.6549999713897705,15.430000305175781,0.005362825770422575,0.14378878966666533
2021-10-25,428.2354431152344,1.6349999904632568,15.239999771118164,0.0008999873792252533,0.14377283336352467
2021-10-26,428.620849609375,1.61899995803833,15.979999542236328,-0.004430102339272879,0.11906411210690898
2021-10-27,426.7220153808594,1.5290000438690186,16.979999542236328,0.00964890719165723,0.121591510071893
2021-10-28,430.83941650390625,1.5679999589920044,16.530000686645508,0.0020291482790524284,0.1114907270454118
2021-10-29,431.7136535644531,1.5570000410079956,16.260000228881836,0.0017200851128622574,0.10683899511793461
2021-11-01,432.45623779296875,1.5750000476837158,16.40999984741211,0.004043123831481976,0.08950450965416656
2021-11-02,434.2047119140625,1.5490000247955322,16.030000686645508,0.006105206486918036,0.0858211466245339
2021-11-03,436.8556213378906,1.5789999961853027,15.100000381469727,0.004712507295727475,0.08637479385468255
2021-11-04,438.914306640625,1.5240000486373901,15.4399995803833,0.00346967086867056,0.08427020423358013
2021-11-05,440.43719482421875,1.4529999494552612,16.479999542236328,0.0008537132751200716,0.08220527018596038
2021-11-08,440.8132019042969,1.496999979019165,17.219999313354492,-0.0033054642620993224,0.07278742894847534
2021-11-09,439.3561096191406,1.4320000410079956,17.780000686645508,-0.00804476210407834,0.07380630804869671
2021-11-10,435.82159423828125,1.559999942779541,18.729999542236328,0.0003236467581195779,0.08489534894616142
2021-11-11,435.962646484375,1.559999942779541,17.65999984741211,0.007546677695003057,0.06832851204589849
2021-11-12,439.2527160644531,1.5820000171661377,16.290000915527344,0.0003425173132776127,0.06825836115334549
2021-11-15,439.4031677246094,1.6230000257492065,16.489999771118164,0.003957880489608545,0.06858241305128389
2021-11-16,441.14227294921875,1.6339999437332153,16.3700008392334,-0.0024294119478255327,0.06583492508398385
2021-11-17,440.070556640625,1.6039999723434448,17.110000610351562,0.003396408601470391,0.06726494867407172
2021-11-18,441.5652160644531,1.5889999866485596,17.59000015258789,-0.0017880728656279876,0.06746105143343166
2021-11-19,440.7756652832031,1.5360000133514404,17.90999984741211,-0.0028153466196904064,0.06792529171165688
2021-11-22,439.53472900390625,1.625,19.170000076293945,0.0013260037684668102,0.06831148582980515
2021-11-23,440.1175537109375,1.6670000553131104,19.3799991607666,0.0026699908998699673,0.06829415743982796
2021-11-24,441.29266357421875,1.6449999809265137,18.579999923706055,-0.022303305648757266,0.06491404984977306
2021-11-26,431.45037841796875,1.4819999933242798,28.6200008392334,0.012266648068725905,0.10163841902698859
2021-11-29,436.7428283691406,1.5299999713897705,22.959999084472656,-0.019457502797286752,0.11035121827662366
2021-11-30,428.2449035644531,1.4429999589920044,27.190000534057617,-0.011107319182177555,0.13115062237332145
2021-12-01,423.4882507324219,1.434000015258789,31.1200008392334,0.015316213758109543,0.13521947971838527
2021-12-02,429.9744873046875,1.4479999542236328,27.950000762939453,-0.008701148749798104,0.1454017215222329
2021-12-03,426.23321533203125,1.343000054359436,30.670000076293945,0.011843291345697393,0.14650548102820732
2021-12-06,431.2812194824219,1.434000015258789,27.18000030517578,0.020684714641143076,0.1530828473933955
2021-12-07,440.2021484375,1.4800000190734863,21.889999389648438,0.0026479866538589025,0.17136963645024406
2021-12-08,441.3677978515625,1.5089999437332153,19.899999618530273,-0.006751556067522424,0.17115586456214846
2021-12-09,438.38787841796875,1.4869999885559082,21.579999923706055,0.009413443448403447,0.1703810452674009
2021-12-10,442.5146179199219,1.4889999628067017,18.690000534057617,-0.00885821891228733,0.173392029204668
2021-12-13,438.5947265625,1.4240000247955322,20.309999465942383,-0.00688003622631761,0.1747028506268838
2021-12-14,435.5771789550781,1.437999963760376,21.889999389648438,0.01562503393647008,0.17637863943164167
2021-12-15,442.3830871582031,1.4630000591278076,19.290000915527344,-0.008818496180569402,0.18484211898167885
2021-12-16,438.48193359375,1.4220000505447388,20.56999969482422,-0.010642965397973936,0.18742306314653157
2021-12-17,433.815185546875,1.4019999504089355,21.56999969482422,-0.010633434951857312,0.19053446964934992
2021-12-20,429.2022399902344,1.4190000295639038,22.8700008392334,0.01775911844761624,0.1936934972729804
2021-12-21,436.8244934082031,1.4869999885559082,21.010000228881836,0.009998557342828063,0.2049423119651501
2021-12-22,441.1921081542969,1.4570000171661377,18.6299991607666,0.006222114254405664,0.20810337607615018
2021-12-23,443.937255859375,1.4930000305175781,17.959999084472656,0.014152258592462275,0.20904161390810838
2021-12-27,450.219970703125,1.4809999465942383,17.68000030517578,-0.0008172681431223294,0.19623277596130947
2021-12-28,449.8520202636719,1.4809999465942383,17.540000915527344,0.0012791071499680395,0.19279998817106916
2021-12-29,450.42742919921875,1.5429999828338623,16.950000762939453,-0.0027644369368667876,0.17616627592364514
2021-12-30,449.1822509765625,1.5149999856948853,17.329999923706055,-0.0025201775905161483,0.16994418016687513
2021-12-31,448.05023193359375,1.5119999647140503,17.219999313354492,0.0057900612394605755,0.16451166991897592
2022-01-03,450.64447021484375,1.628000020980835,16.600000381469727,-0.00033494240223186367,0.15985465914244779
2022-01-04,450.4935302734375,1.6679999828338623,16.90999984741211,-0.019202233986543082,0.15656503007597777
2022-01-05,441.8430480957031,1.7050000429153442,19.729999542236328,-0.0009392668883453359,0.15820914494826896
2022-01-06,441.42803955078125,1.7330000400543213,19.610000610351562,-0.003953690339124627,0.15799522742538152
2022-01-07,439.6827697753906,1.7710000276565552,18.760000228881836,-0.0012443497408471949,0.1567036991073326
2022-01-10,439.1356506347656,1.7799999713897705,19.399999618530273,0.009108246742420834,0.1529076210009171
2022-01-11,443.1354064941406,1.746000051498413,18.40999984741211,0.0027035270639539366,0.15293101961975505
2022-01-12,444.33343505859375,1.725000023841858,17.6200008392334,-0.013778442982989358,0.1505123664169392
2022-01-13,438.2112121582031,1.7109999656677246,20.309999465942383,0.00040900308197366897,0.14889714246309652
2022-01-14,438.39044189453125,1.7719999551773071,19.190000534057617,-0.01770956127379697,0.14556920016178368
2022-01-18,430.6267395019531,1.8650000095367432,22.790000915527344,-0.01038362380753377,0.15433782577823546
2022-01-19,426.1552734375,1.8270000219345093,23.850000381469727,-0.011068115623202535,0.15411889307806992
2022-01-20,421.43853759765625,1.8329999446868896,25.59000015258789,-0.019630624797153384,0.14284697645869
2022-01-21,413.1654357910156,1.746999979019165,28.850000381469727,0.004246597046002831,0.14909978736195045
2022-01-24,414.91998291015625,1.7350000143051147,29.899999618530273,-0.012208870515643566,0.1475953362968592
2022-01-25,409.8542785644531,1.7829999923706055,31.15999984741211,-0.002508766684996111,0.1353273995474515
2022-01-26,408.8260498046875,1.8480000495910645,31.959999084472656,-0.00493796398617774,0.1348241124724339
2022-01-27,406.8072814941406,1.8070000410079956,30.489999771118164,0.0248353726907522,0.1329385069730298
2022-01-28,416.9104919433594,1.781999945640564,27.65999984741211,0.018011213116035707,0.17012157552285662
2022-01-31,424.4195556640625,1.781999945640564,24.829999923706055,0.006756916112165001,0.18675380211271697
2022-02-01,427.2873229980469,1.7999999523162842,21.959999084472656,0.00971391974960123,0.18736318533090546
2022-02-02,431.4379577636719,1.7660000324249268,22.09000015258789,-0.023504955911496594,0.1922987449768379
2022-02-03,421.2970275878906,1.8270000219345093,24.350000381469727,0.004702188566932053,0.19790224205733017
2022-02-04,423.2780456542969,1.9299999475479126,23.219999313354492,-0.0032092343353178343,0.19942557316161647
2022-02-07,421.9196472167969,1.9160000085830688,22.860000610351562,0.008227789550339093,0.19934743013133255
2022-02-08,425.39111328125,1.9539999961853027,21.440000534057617,0.014636189008047529,0.2026226868663233
2022-02-09,431.6172180175781,1.9290000200271606,19.959999084472656,-0.0179657649704279,0.2073600458399159
2022-02-10,423.8628845214844,2.0309998989105225,23.90999984741211,-0.019718644906642546,0.21499258076088532
2022-02-11,415.5048828125,1.9550000429153442,27.360000610351562,-0.0032694187934952934,0.22018192488399432
2022-02-14,414.14642333984375,1.996000051498413,28.329999923706055,0.01612681686715911,0.21990985841420266
2022-02-15,420.8252868652344,2.0450000762939453,25.700000762939453,0.001120989487514601,0.22216753612944304
2022-02-16,421.2970275878906,2.046999931335449,24.290000915527344,-0.02136144128591677,0.21949939838042395
2022-02-17,412.2975158691406,1.972000002861023,28.110000610351562,-0.00647497643441064,0.22892226595777282
2022-02-18,409.6278991699219,1.9320000410079956,27.75,-0.010731606868282006,0.21927942624512198
2022-02-22,405.23193359375,1.9479999542236328,28.809999465942383,-0.017738638896754533,0.221558704468623
2022-02-23,398.0436706542969,1.9769999980926514,31.020000457763672,0.015049035524160592,0.2260637139862217
2022-02-24,404.0338439941406,1.968999981880188,30.31999969482422,0.02206402247960093,0.2333584173536533
2022-02-25,412.9484558105469,1.9859999418258667,27.59000015258789,-0.0025585495172558703,0.24587509433547342
2022-02-28,411.89190673828125,1.8389999866485596,30.149999618530273,-0.01523041557622895,0.22910813297151242
2022-03-01,405.6186218261719,1.7070000171661377,33.31999969482422,0.01839630417195104,0.22379758172918757
2022-03-02,413.08050537109375,1.8650000095367432,30.739999771118164,-0.0049784194857172,0.23355514311884035
2022-03-03,411.0240173339844,1.843999981880188,30.479999542236328,-0.00812470045703162,0.22992133101771284
2022-03-04,407.6845703125,1.7239999771118164,31.979999542236328,-0.029479060121829437,0.21725949608623082
2022-03-07,395.6664123535156,1.7510000467300415,36.45000076293945,-0.007581681944362262,0.23717583460784983
2022-03-08,392.6665954589844,1.871999979019165,35.130001068115234,0.026810811214108332,0.2376704959359989
2022-03-09,403.1943054199219,1.9479999542236328,32.45000076293945,-0.004515560286654341,0.2580880479758875
2022-03-10,401.3736572265625,2.010999917984009,30.229999542236328,-0.01271504747642449,0.2499994722108837
2022-03-11,396.2701721191406,2.003999948501587,30.75,-0.007308289476896435,0.2466443099487129
2022-03-14,393.3741149902344,2.140000104904175,31.770000457763672,0.021990238542296536,0.23948080497580648
2022-03-15,402.0245056152344,2.1600000858306885,29.829999923706055,0.02217452728534064,0.254869954647775
2022-03-16,410.939208984375,2.187999963760376,26.670000076293945,0.01251056762477809,0.2611994533640272
2022-03-17,416.0802917480469,2.191999912261963,25.670000076293945,0.01095288958531171,0.26555314379280875
2022-03-18,420.6375732421875,2.1480000019073486,23.8700008392334,-0.0002923070360022484,0.25648612423629413
2022-03-21,420.5146179199219,2.315000057220459,23.530000686645508,0.01170128821794636,0.2549906974774881
2022-03-22,425.4351806640625,2.372999906539917,22.940000534057617,-0.012878299879632626,0.25322184520003344
2022-03-23,419.956298828125,2.321000099182129,23.56999969482422,0.015074272981110193,0.24860084779189007
2022-03-24,426.2868347167969,2.3410000801086426,21.670000076293945,0.004883536013393419,0.24861735693836703
2022-03-25,428.3686218261719,2.492000102996826,20.809999465942383,0.007113097067896534,0.23822409294814936
2022-03-28,431.4156494140625,2.4769999980926514,19.6299991607666,0.012370842608293797,0.2382746377642545
2022-03-29,436.75262451171875,2.4000000953674316,18.899999618530273,-0.006174890001124922,0.23118636030240344
2022-03-30,434.05572509765625,2.3580000400543213,19.329999923706055,-0.015391258947216824,0.2270332527161284
2022-03-31,427.37506103515625,2.3269999027252197,20.559999465942383,0.002834215900257453,0.23451462667344194
2022-04-01,428.5863342285156,2.377000093460083,19.6299991607666,0.008566627102680746,0.23141046325028292
2022-04-04,432.25787353515625,2.4119999408721924,18.56999969482422,-0.012631399696672485,0.1985204720931698
2022-04-05,426.7978515625,2.555999994277954,21.030000686645508,-0.00999949089444696,0.20334911043205006
2022-04-06,422.53009033203125,2.6089999675750732,22.100000381469727,0.005038905877202016,0.1907831929497173
2022-04-07,424.6591796875,2.6519999504089355,21.549999237060547,-0.002673904394838722,0.18918872947069404
2022-04-08,423.523681640625,2.7130000591278076,21.15999984741211,-0.017092274807998575,0.18140017345521606
2022-04-11,416.2846984863281,2.7799999713897705,24.3700008392334,-0.0037052032880435792,0.19206647028637358
2022-04-12,414.7422790527344,2.7249999046325684,24.260000228881836,0.011453778529131986,0.17944183425003193
2022-04-13,419.4926452636719,2.687000036239624,21.81999969482422,-0.012451753918522046,0.1667391659922327
2022-04-14,414.26922607421875,2.828000068664551,22.700000762939453,0.00041113023318106734,0.1675899836739938
2022-04-18,414.4395446777344,2.861999988555908,22.170000076293945,0.016142361521477078,0.16241202292207776
2022-04-19,421.12957763671875,2.9130001068115234,21.3700008392334,-0.0007413272322753794,0.1730757582787569
2022-04-20,420.8173828125,2.8399999141693115,20.31999969482422,-0.014953503226839526,0.16759061061980066
2022-04-21,414.5246887207031,2.9170000553131104,22.68000030517578,-0.027439227071491934,0.16977243220714053
2022-04-22,403.15045166015625,2.9059998989105225,28.209999084472656,0.005797614219184677,0.1841840255905126
2022-04-25,405.4877624511719,2.8259999752044678,27.020000457763672,-0.028960813870797075,0.18471246616168507
2022-04-26,393.7445068359375,2.7720000743865967,33.52000045776367,0.0028117641770175617,0.20284940306931235
2022-04-27,394.85162353515625,2.818000078201294,31.600000381469727,0.02525950075503358,0.19500359807671
2022-04-28,404.82537841796875,2.86299991607666,29.989999771118164,-0.03695554075673124,0.2224004963222098
2022-04-29,389.8648376464844,2.88700008392334,33.400001525878906,0.006019213483489105,0.24937591807878498
2022-05-02,392.2115173339844,2.996000051498413,32.34000015258789,0.00458411605925213,0.2508641077221493
2022-05-03,394.00946044921875,2.9600000381469727,29.25,0.03045294589022518,0.24854143877371485
2022-05-04,406.0082092285156,2.9170000553131104,25.420000076293945,-0.03554286404085005,0.2754514956516371
2022-05-05,391.5775146484375,3.065999984741211,31.200000762939453,-0.0059688827524633226,0.2987935600128984
2022-05-06,389.240234375,3.122999906539917,30.190000534057617,-0.03201717275240723,0.2971091828954104
2022-05-09,376.7778625488281,3.0789999961853027,34.75,0.0023104978294230527,0.3129733984674435
2022-05-10,377.6484069824219,2.993000030517578,32.9900016784668,-0.015886258369136708,0.31113342850319736
2022-05-11,371.64898681640625,2.9210000038146973,32.560001373291016,-0.0010439150501297956,0.31362449255651725
2022-05-12,371.2610168457031,2.816999912261963,31.770000457763672,0.023907973716781106,0.30786290356795015
2022-05-13,380.1371154785156,2.934999942779541,28.8700008392334,-0.0040576949893680325,0.32423192982053867
2022-05-16,378.5946350097656,2.877000093460083,27.469999313354492,0.02057047721833727,0.3237967376774532
2022-05-17,386.38250732421875,2.9679999351501465,26.100000381469727,-0.04031156509029077,0.3278631341566401
2022-05-18,370.80682373046875,2.885999917984009,30.959999084472656,-0.006124472227622024,0.3517181141815672
2022-05-19,368.53582763671875,2.8550000190734863,29.350000381469727,0.00043631339772787214,0.3501536325472325
2022-05-20,368.6966247558594,2.7869999408721924,29.43000030517578,0.0187100870582515,0.34098624312786613
2022-05-23,375.594970703125,2.8589999675750732,28.479999542236328,-0.007633721757862033,0.34901165643280174
2022-05-24,372.727783203125,2.759999990463257,29.450000762939453,0.008834863983787189,0.33643327679315055
2022-05-25,376.0207824707031,2.749000072479248,28.3700008392334,0.019981416146753528,0.3383739665521564
2022-05-26,383.5342102050781,2.75600004196167,27.5,0.024549142007387337,0.33316693683028814
2022-05-27,392.94964599609375,2.743000030517578,25.719999313354492,-0.005610983511095791,0.3200440132708456
2022-05-31,390.74481201171875,2.8440001010894775,26.190000534057617,-0.008088690921831287,0.32008914947206085
2022-06-01,387.5841979980469,2.930999994277954,25.690000534057617,0.01904363490827299,0.3208457147071099
2022-06-02,394.9652099609375,2.9130001068115234,24.719999313354492,-0.01641155844978681,0.308506087583063
2022-06-03,388.48321533203125,2.9570000171661377,24.790000915527344,0.0030449767624329827,0.2869804776102422
2022-06-06,389.6661376953125,3.0380001068115234,25.06999969482422,0.009592061137573715,0.28637713661896647
2022-06-07,393.4038391113281,2.9719998836517334,24.020000457763672,-0.010872265943746906,0.26125850680583873
2022-06-08,389.12664794921875,3.0290000438690186,23.959999084472656,-0.02378270964673712,0.26540300261229804
2022-06-09,379.8721618652344,3.0439999103546143,26.09000015258789,-0.028995751889252075,0.27366721968135826
2022-06-10,368.85748291015625,3.1559998989105225,27.75,-0.03796802805591126,0.29398835377305704
2022-06-13,354.8526916503906,3.365999937057495,34.02000045776367,-0.0030133783541238524,0.3084877802840009
2022-06-14,353.78338623046875,3.4830000400543213,32.689998626708984,0.014256294481372667,0.3084739993831176
2022-06-15,358.8270263671875,3.3949999809265137,29.6200008392334,-0.03309606597832093,0.30278172265403297
2022-06-16,346.9512634277344,3.306999921798706,32.95000076293945,0.0021556177075721106,0.2920453757975451
2022-06-17,347.69915771484375,3.239000082015991,31.1299991607666,0.025173683795697288,0.2924084074452657
2022-06-21,356.4520263671875,3.306999921798706,30.190000534057617,-0.0018129795500426704,0.30870635552665193
2022-06-22,355.8057861328125,3.1559998989105225,28.950000762939453,0.009802604741864007,0.2993337805612652
2022-06-23,359.2936096191406,3.068000078201294,29.049999237060547,0.03179397032259268,0.3017815621499679
2022-06-24,370.71697998046875,3.125,27.229999542236328,-0.0038198322079308067,0.3226545666678209
2022-06-27,369.3009033203125,3.194000005722046,26.950000762939453,-0.02043276183323839,0.31353556492076123
2022-06-28,361.75506591796875,3.2060000896453857,28.360000610351562,-0.0008144936852485518,0.3040967812783177
2022-06-29,361.4604187011719,3.0929999351501465,28.15999984741211,-0.00812422141048863,0.3042263432351612
2022-06-30,358.5238342285156,2.9719998836517334,28.709999084472656,0.010576510653757198,0.30423314835458815
2022-07-01,362.3157653808594,2.8889999389648438,26.700000762939453,0.0018885035775944026,0.2972367998728266
2022-07-05,363.0,2.809000015258789,27.540000915527344,0.003377362716296517,0.29429760691842216
2022-07-06,364.2259826660156,2.9130001068115234,26.729999542236328,0.01497709627273891,0.2943938397980647
2022-07-07,369.6810302734375,3.007999897003174,26.079999923706055,-0.0008224566747027096,0.2980960025748079
2022-07-08,369.3769836425781,3.1010000705718994,24.639999389648438,-0.011423571795341037,0.2966787314328274
2022-07-11,365.1573791503906,2.990999937057495,26.170000076293945,-0.008848957713929795,0.2879998316241188
2022-07-12,361.9261169433594,2.9579999446868896,27.290000915527344,-0.005251865683440271,0.27116932050040116
2022-07-13,360.02532958984375,2.9040000438690186,26.81999969482422,-0.002428434956782466,0.23403183633033625
2022-07-14,359.1510314941406,2.9600000381469727,26.399999618530273,0.019105147136110112,0.23391370625508226
2022-07-15,366.0126647949219,2.930000066757202,24.229999542236328,-0.00825697046142404,0.23819194354680842
2022-07-18,362.9905090332031,2.9600000381469727,25.299999237060547,0.02701935596474092,0.20488716741557722
2022-07-19,372.79827880859375,3.0190000534057617,24.5,0.006373029671114194,0.2228139857351889
2022-07-20,375.17413330078125,3.0360000133514404,23.8799991607666,0.010183015601642031,0.2081649159415504
2022-07-21,378.9945373535156,2.9100000858306885,23.110000610351562,-0.009277960604057056,0.20911148953653563
2022-07-22,375.4782409667969,2.7829999923706055,23.030000686645508,0.0012150032295239477,0.2121205835104697
2022-07-25,375.9344482421875,2.819999933242798,23.360000610351562,-0.01183103302155597,0.18123104603474946
2022-07-26,371.48675537109375,2.7869999408721924,24.690000534057617,0.02596633269470039,0.18608262809051265
2022-07-27,381.1329040527344,2.7339999675750732,23.239999771118164,0.012542434467937902,0.19016090763426904
2022-07-28,385.9132385253906,2.680999994277954,22.329999923706055,0.014578740993412387,0.19279768315091006
2022-07-29,391.53936767578125,2.6419999599456787,21.329999923706055,-0.0029613493788991363,0.19171978643598173
2022-08-01,390.3798828125,2.6059999465942383,22.84000015258789,-0.006597264783651746,0.19203517829832395
2022-08-02,387.804443359375,2.740999937057495,23.93000030517578,0.01565955615768111,0.19549034108237637
2022-08-03,393.8772888183594,2.747999906539917,21.950000762939453,-0.0006755473626574027,0.20028913979362392
2022-08-04,393.6112060546875,2.6760001182556152,21.440000534057617,-0.0016902814515160625,0.19657918211618677
2022-08-05,392.9458923339844,2.8399999141693115,21.149999618530273,-0.0011609926055744513,0.19683945092034158
2022-08-08,392.48968505859375,2.765000104904175,21.290000915527344,-0.003970888342227585,0.19000008330087853
2022-08-09,390.93115234375,2.796999931335449,21.770000457763672,0.02100392879580637,0.1864892562766763
2022-08-10,399.1422424316406,2.7860000133514404,19.739999771118164,0.0,0.19253950964663227
2022-08-11,399.1422424316406,2.888000011444092,20.200000762939453,0.016929079103573885,0.19144660162814883
2022-08-12,405.89935302734375,2.8489999771118164,19.530000686645508,0.004120819427224864,0.18952077366758827
2022-08-15,407.5719909667969,2.7909998893737793,19.950000762939453,0.0019586952584209616,0.1827920517362611
2022-08-16,408.37030029296875,2.8239998817443848,19.690000534057617,-0.007098094844231739,0.16512924138278726
2022-08-17,405.4716491699219,2.8929998874664307,19.899999618530273,0.002906409854517733,0.1700798558328656
2022-08-18,406.6501159667969,2.880000114440918,19.559999465942383,-0.013438011885979817,0.16849387887605108
2022-08-19,401.185546875,2.989000082015991,20.600000381469727,-0.02082260767646671,0.1732836601391681
2022-08-22,392.8318176269531,3.0369999408721924,23.799999237060547,-0.002418990277815669,0.19341131983841803
2022-08-23,391.8815612792969,3.053999900817871,24.110000610351562,0.0032011089327885767,0.18709174319815802
2022-08-24,393.1360168457031,3.1059999465942383,22.81999969482422,0.014117375641782726,0.16585669645442702
2022-08-25,398.6860656738281,3.0260000228881836,21.780000686645508,-0.033848981314889004,0.1673221569231292
2022-08-26,385.1909484863281,3.0350000858306885,25.559999465942383,-0.0066122973042885835,0.20243423680503378
2022-08-29,382.6439514160156,3.109999895095825,26.209999084472656,-0.010977728794334451,0.20337838574341172
2022-08-30,378.4433898925781,3.109999895095825,26.209999084472656,-0.007609004975714151,0.20558212945426657
2022-08-31,375.5638122558594,3.132999897003174,25.8700008392334,0.003137697837926723,0.19676448777769967
2022-09-01,376.7422180175781,3.265000104904175,25.559999465942383,-0.010544273921395009,0.19764672725133456
2022-09-02,372.7697448730469,3.193000078201294,25.469999313354492,-0.0037731727897662992,0.19988134408326624
2022-09-06,371.36322021484375,3.3399999141693115,26.90999984741211,0.017964997456616727,0.1998545522103636
2022-09-07,378.0347595214844,3.265000104904175,24.639999389648438,0.0065363772006861165,0.21273845754871598
2022-09-08,380.5057373046875,3.2920000553131104,23.610000610351562,0.015535178016254259,0.19805051956784142
2022-09-09,386.4169616699219,3.321000099182129,22.790000915527344,0.010747418025319755,0.20789011392766646
2022-09-12,390.5699462890625,3.361999988555908,23.8700008392334,-0.043482378297691304,0.20167253988202088
2022-09-13,373.5870361328125,3.421999931335449,27.270000457763672,0.003815809895684419,0.24837448097202453
2022-09-14,375.0125732421875,3.4119999408721924,26.15999984741211,-0.011353216347238404,0.24907431081677028
2022-09-15,370.7549743652344,3.4590001106262207,26.270000457763672,-0.007628921764844754,0.2502015368007635
2022-09-16,367.926513671875,3.447999954223633,26.299999237060547,0.0077548378363492265,0.24894289162905023
2022-09-19,370.77972412109375,3.490000009536743,25.760000228881836,-0.01147854557845418,0.25063226285612317
2022-09-20,366.5237121582031,3.571000099182129,27.15999984741211,-0.017443684972726192,0.24433707047687717
2022-09-21,360.13018798828125,3.509999990463257,27.989999771118164,-0.00839989268475061,0.2493502602825475
2022-09-22,357.1051330566406,3.7079999446868896,27.350000381469727,-0.016754687235213006,0.24824467577802364
2022-09-23,351.1219482421875,3.697000026702881,29.920000076293945,-0.009892778832919502,0.24133597513778635
2022-09-26,347.64837646484375,3.878000020980835,32.2599983215332,-0.002552726352124224,0.21890012577905224
2022-09-27,346.76092529296875,3.9639999866485596,32.599998474121094,0.019676463138655453,0.21898347195394713
2022-09-28,353.5839538574219,3.7049999237060547,30.18000030517578,-0.02088909092933433,0.23406528317440278
2022-09-29,346.1979064941406,3.746999979019165,31.84000015258789,-0.015463479044337425,0.24193210272137977
2022-09-30,340.844482421875,3.803999900817871,31.6200008392334,0.026401154216140865,0.24370672237887653
2022-10-03,349.8431701660156,3.6510000228881836,30.100000381469727,0.030986610647331547,0.2665363908219055
2022-10-04,360.6836242675781,3.617000102996826,29.06999969482422,-0.0023282237971598008,0.2925473735980396
2022-10-05,359.8438720703125,3.759000062942505,28.549999237060547,-0.01031568527610549,0.2835569397818154
2022-10-06,356.1318359375,3.8259999752044678,30.520000457763672,-0.027893966337518727,0.2828921954706868
2022-10-07,346.1979064941406,3.882999897003174,31.360000610351562,-0.007635346762265516,0.2868158540197453
2022-10-10,343.5545654296875,3.888000011444092,32.45000076293945,-0.0063328795952528605,0.28050664728924657
2022-10-11,341.3788757324219,3.938999891281128,33.630001068115234,-0.0032984981722736784,0.24367351051356387
2022-10-12,340.2528381347656,3.9019999504089355,33.56999969482422,0.02639118410354624,0.24179870671424855
2022-10-13,349.2325134277344,3.9519999027252197,31.940000534057617,-0.022788880926200905,0.2641929643000875
2022-10-14,341.2738952636719,4.010000228881836,32.02000045776367,0.025696997271628996,0.2731547566762601
2022-10-17,350.0436096191406,4.014999866485596,31.3700008392334,0.011749721823339332,0.2899656595545054
2022-10-18,354.1565246582031,3.997999906539917,30.5,-0.007086772332031699,0.29236823747359736
2022-10-19,351.6466979980469,4.126999855041504,30.760000228881836,-0.0083852313495405,0.2871679893966585
2022-10-20,348.69805908203125,4.22599983215332,29.979999542236328,0.024301474391434708,0.28716300797929784
2022-10-21,357.17193603515625,4.2129998207092285,29.690000534057617,0.012236357220426486,0.2942487335061745
2022-10-24,361.54241943359375,4.234000205993652,29.850000381469727,0.01596882321987758,0.2938510340885503
2022-10-25,367.3158264160156,4.107999801635742,28.459999084472656,-0.007534102318795699,0.29727661018796986
2022-10-26,364.5484313964844,4.014999866485596,27.280000686645508,-0.005340159656467058,0.29274794688627076
2022-10-27,362.6016845703125,3.937000036239624,27.389999389648438,0.0237906392771694,0.28184248041704735
2022-10-28,371.22821044921875,4.010000228881836,25.75,-0.007223122937527693,0.2831616039192655
2022-10-31,368.5467834472656,4.077000141143799,25.8799991607666,-0.004375921880280131,0.27354800838343635
2022-11-01,366.9340515136719,4.052000045776367,25.809999465942383,-0.025096195470693528,0.2531718611669742
2022-11-02,357.72540283203125,4.059000015258789,25.860000610351562,-0.010297010411070007,0.26949115123304873
2022-11-03,354.0419006347656,4.124000072479248,25.299999237060547,0.014393541382842878,0.2694818238890436
2022-11-04,359.1378173828125,4.156000137329102,24.549999237060547,0.00956541630566643,0.2530602287609489
2022-11-07,362.5731201171875,4.214000225067139,24.350000381469727,0.005395345564388032,0.2517752754442513
2022-11-08,364.5293273925781,4.125999927520752,25.540000915527344,-0.020602270576297155,0.24955444128574825
2022-11-09,357.0191955566406,4.151000022888184,26.09000015258789,0.05495441628439823,0.26291866439610007
2022-11-10,376.63897705078125,3.8289999961853027,23.530000686645508,0.00967856469761963,0.31221636838156236
2022-11-11,380.2843017578125,3.812999963760376,22.520000457763672,-0.008506674661644564,0.29617327779128255
2022-11-14,377.0493469238281,3.865000009536743,23.729999542236328,0.008529072849199126,0.2901995561211956
2022-11-15,380.2652282714844,3.7990000247955322,24.540000915527344,-0.00762880811419675,0.2892647489123115
2022-11-16,377.3642578125,3.691999912261963,24.110000610351562,-0.0030599721547224235,0.2895395562594995
2022-11-17,376.20953369140625,3.7750000953674316,23.93000030517578,0.004540368411326989,0.28720125081592884
2022-11-18,377.91766357421875,3.818000078201294,23.1200008392334,-0.003636097595482335,0.2770212358756112
2022-11-21,376.54351806640625,3.825000047683716,22.360000610351562,0.013457142306025904,0.27570529835141233
2022-11-22,381.6107177734375,3.757999897003174,21.290000915527344,0.006301590931991452,0.27417864550141857
2022-11-23,384.0154724121094,3.7060000896453857,20.350000381469727,-0.00022370708628549618,0.2721550380800833
2022-11-25,383.9295654296875,3.690999984741211,20.5,-0.015957182977860196,0.2707421166217673
2022-11-28,377.8031311035156,3.703000068664551,22.209999084472656,-0.001717467889158275,0.2669919665778979
2022-11-29,377.1542663574219,3.747999906539917,21.889999389648438,0.03150051652328334,0.26545089572815694
2022-11-30,389.0348205566406,3.703000068664551,20.579999923706055,-0.0007357294260313951,0.2851208059885534
2022-12-01,388.74859619140625,3.5290000438690186,19.84000015258789,-0.001153666746372406,0.26563914089459345
2022-12-02,388.30010986328125,3.50600004196167,19.059999465942383,-0.017989333075968283,0.2609171677704057
2022-12-05,381.3148498535156,3.5989999771118164,20.75,-0.01441465234885364,0.2702055396974339
2022-12-06,375.8183288574219,3.513000011444092,22.170000076293945,-0.0017014465909557241,0.2759828698090386
2022-12-07,375.17889404296875,3.4079999923706055,22.68000030517578,0.007834071994626157,0.27595292456294307
2022-12-08,378.1180725097656,3.490999937057495,22.290000915527344,-0.007470113613425755,0.263827693586997
2022-12-09,375.2934875488281,3.566999912261963,22.829999923706055,0.014417183426675306,0.1807759486923133
2022-12-12,380.70416259765625,3.6110000610351562,25.0,0.0075697515830570605,0.18491684417572013
2022-12-13,383.58599853515625,3.500999927520752,22.549999237060547,-0.006393570516715852,0.1837721809484493
2022-12-14,381.1335144042969,3.503000020980835,21.139999389648438,-0.02446171958117005,0.1832137286834283
2022-12-15,371.8103332519531,3.450000047683716,22.829999923706055,-0.011806149654602027,0.20155105492488268
2022-12-16,367.4206848144531,3.4820001125335693,22.6200008392334,-0.008479571774606898,0.20528610417069051
2022-12-19,364.30511474609375,3.5810000896453857,22.420000076293945,0.0013683712319529917,0.20574160407322778
2022-12-20,364.8036193847656,3.684000015258789,21.479999542236328,0.014952461061822131,0.20590092410546734
2022-12-21,370.2583312988281,3.684000015258789,20.06999969482422,-0.014266162516355707,0.20740480661480257
2022-12-22,364.9761657714844,3.6689999103546143,21.969999313354492,0.005752395639999186,0.2100709188531519
2022-12-23,367.0756530761719,3.750999927520752,20.8700008392334,-0.003943604829762415,0.21197575615064249
2022-12-27,365.6280517578125,3.859999895095825,21.649999618530273,-0.012427864350758266,0.20580241576342434
2022-12-28,361.0840759277344,3.88700008392334,22.139999389648438,0.018000248985738043,0.20939347006901973
2022-12-29,367.58367919921875,3.8350000381469727,21.440000534057617,-0.002634042956643712,0.18469437670299346
2022-12-30,366.6154479980469,3.878999948501587,21.670000076293945,-0.004210016352770296,0.1845402665886132
2023-01-03,365.0719909667969,3.7929999828338623,22.899999618530273,0.007720595027250976,0.18448381795134045
2023-01-04,367.89056396484375,3.7090001106262207,22.010000228881836,-0.011413651288365911,0.1793060847362748
2023-01-05,363.69158935546875,3.7200000286102295,22.459999084472656,0.022932094678675297,0.17678901285655613
2023-01-06,372.03179931640625,3.569000005722046,21.1299991607666,-0.0005669057935623334,0.19702940477738073
2023-01-09,371.8208923339844,3.5169999599456787,21.969999313354492,0.007012821176794359,0.19464456604777722
2023-01-10,374.42840576171875,3.621000051498413,20.579999923706055,0.012648103758414297,0.19481945411821575
2023-01-11,379.1642150878906,3.553999900817871,21.09000015258789,0.003640562687146076,0.1931720401549333
2023-01-12,380.5445861816406,3.4489998817443848,18.829999923706055,0.0038797291190595384,0.19159122982253848
2023-01-13,382.02099609375,3.510999917984009,18.350000381469727,-0.0018319925509248103,0.19074663579639117
2023-01-17,381.3211364746094,3.5350000858306885,19.360000610351562,-0.01578798973776263,0.16745701460296997
2023-01-18,375.30084228515625,3.375,20.34000015258789,-0.007280048281578799,0.17212690831335942
2023-01-19,372.5686340332031,3.3970000743865967,20.520000457763672,0.01862916702195694,0.17129051505481097
2023-01-20,379.50927734375,3.4839999675750732,19.850000381469727,0.01199846249847214,0.18215907288155456
2023-01-23,384.06280517578125,3.5250000953674316,19.809999465942383,-0.0010732643780636542,0.17966662533493807
2023-01-24,383.6506042480469,3.4690001010894775,19.200000762939453,0.00037489670056700675,0.16975940670151973
2023-01-25,383.79443359375,3.4619998931884766,19.079999923706055,0.010990463237791737,0.1694878451270772
2023-01-26,388.01251220703125,3.493000030517578,18.729999542236328,0.002297553465780533,0.1704977247525677
2023-01-27,388.90399169921875,3.5179998874664307,18.510000228881836,-0.012546684195980373,0.16051041145029363
2023-01-30,384.0245361328125,3.5510001182556152,19.940000534057617,0.014703129028023287,0.16120527293871803
2023-01-31,389.6708984375,3.5290000438690186,19.399999618530273,0.010627833483283,0.16593176379933375
2023-02-01,393.812255859375,3.3970000743865967,17.8700008392334,0.014557082678519961,0.1656137400162001
2023-02-02,399.5450134277344,3.3959999084472656,18.729999542236328,-0.010629002975873325,0.16946720472874466
2023-02-03,395.2982482910156,3.5320000648498535,18.329999923706055,-0.006111494416061403,0.16852930966963844
2023-02-06,392.88238525390625,3.634000062942505,19.43000030517578,0.013078871552442584,0.15691152332618558
2023-02-07,398.0208435058594,3.6740000247955322,18.65999984741211,-0.010934841712154975,0.16049041584109855
2023-02-08,393.6685485839844,3.6530001163482666,19.6299991607666,-0.008669328065833315,0.16770182719311516
2023-02-09,390.2557067871094,3.683000087738037,20.709999084472656,0.0023336124253092727,0.16776790872010924
2023-02-10,391.1664123535156,3.74399995803833,20.530000686645508,0.01173904200435949,0.1676103594969303
2023-02-13,395.7583312988281,3.7170000076293945,20.34000015258789,-0.00046020233017529666,0.1714122850185713
2023-02-14,395.5762023925781,3.760999917984009,18.90999984741211,0.0032475094391470893,0.1710931689116055
2023-02-15,396.86083984375,3.809000015258789,18.229999542236328,-0.013769022885905091,0.15783279491590185
2023-02-16,391.3964538574219,3.8429999351501465,20.170000076293945,-0.0024982692384313276,0.16487665856258243
2023-02-17,390.41864013671875,3.828000068664551,20.020000457763672,-0.020060832136477136,0.15420762772655666
2023-02-21,382.5865173339844,3.9549999237060547,22.8700008392334,-0.0013780456336031088,0.16664507650645088
2023-02-22,382.0592956542969,3.9230000972747803,22.290000915527344,0.005319378793686713,0.1666712211244473
2023-02-23,384.09161376953125,3.878999948501587,21.139999389648438,-0.010682497909965116,0.1678001516270024
2023-02-24,379.9885559082031,3.9489998817443848,21.670000076293945,0.0034060249135343668,0.16676230619526564
2023-02-27,381.2828063964844,3.921999931335449,20.950000762939453,-0.003695810947364153,0.16709837776008668
2023-02-28,379.8736572265625,3.9159998893737793,20.700000762939453,-0.003836210705592147,0.16181176783463821
2023-03-01,378.4163818359375,3.99399995803833,20.579999923706055,0.007777371324460436,0.15178993745772973
2023-03-02,381.3594665527344,4.072999954223633,19.59000015258789,0.01603783557599492,0.14910243672847917
2023-03-03,387.47564697265625,3.9639999866485596,18.489999771118164,0.0006926941130529496,0.15130220182842966
2023-03-06,387.7440490722656,3.9830000400543213,18.610000610351562,-0.015328756295355461,0.1475214260725202
2023-03-07,381.8004150390625,3.9749999046325684,19.59000015258789,0.0016322650220976787,0.15524682361195657
2023-03-08,382.4236145019531,3.9760000705718994,19.110000610351562,-0.018449865005561672,0.1461540745295131
2023-03-09,375.3679504394531,3.924999952316284,22.610000610351562,-0.014429364026524394,0.15447465902742266
2023-03-10,369.9516296386719,3.694999933242798,24.799999237060547,-0.0014254397271207253,0.15889850826124347
2023-03-13,369.4242858886719,3.515000104904175,26.520000457763672,0.016530039127505836,0.15790130042280145
2023-03-14,375.5308837890625,3.638000011444092,23.729999542236328,-0.006254248136346008,0.1645320573613588
2023-03-15,373.1822204589844,3.492000102996826,26.139999389648438,0.017545090602354207,0.1648324868365593
2023-03-16,379.729736328125,3.5850000381469727,22.989999771118164,-0.0116926936496905,0.17905624602954204
2023-03-17,375.2896728515625,3.3949999809265137,25.510000228881836,0.009615700502183744,0.1774123728565026
2023-03-20,378.8983459472656,3.4809999465942383,24.149999618530273,0.013130347999366299,0.1821449399376791
2023-03-21,383.8734130859375,3.6059999465942383,21.3799991607666,-0.01704618991182283,0.1750934209604625
2023-03-22,377.329833984375,3.5,22.260000228881836,0.0027032570429939007,0.18551935588830626
2023-03-23,378.349853515625,3.4059998989105225,22.610000610351562,0.006562068269062582,0.18465053387560645
2023-03-24,380.8326110839844,3.380000114440918,21.739999771118164,0.0018697628030430735,0.18240381911767944
2023-03-27,381.544677734375,3.5280001163482666,20.600000381469727,-0.002244678965476865,0.18212404854997077
2023-03-28,380.688232421875,3.563999891281128,19.969999313354492,0.014534816606693202,0.18179578844164557
2023-03-29,386.2214660644531,3.565999984741211,19.1200008392334,0.005855303991362026,0.188016276742358
2023-03-30,388.48291015625,3.5510001182556152,19.020000457763672,0.014094713761590105,0.1872314317487234
2023-03-31,393.9584655761719,3.49399995803833,18.700000762939453,0.003810529070244373,0.18527724457521058
2023-04-03,395.45965576171875,3.430000066757202,18.549999237060547,-0.0055481292398101845,0.18556247032473175
2023-04-04,393.2655944824219,3.3369998931884766,19.0,-0.002618393613733172,0.17717003269211476
2023-04-05,392.2358703613281,3.2869999408721924,19.079999923706055,0.0039009444256634662,0.17778199402477715
2023-04-06,393.7659606933594,3.2880001068115234,18.399999618530273,0.001026356586023125,0.16178813192341948
2023-04-10,394.17010498046875,3.4149999618530273,18.969999313354492,0.0002688104194386032,0.1492220005940394
2023-04-11,394.27606201171875,3.434000015258789,19.100000381469727,-0.0040761203990390404,0.1486428991055293
2023-04-12,392.6689453125,3.4210000038146973,19.09000015258789,0.013282685846309095,0.14217742340621706
2023-04-13,397.8846435546875,3.4519999027252197,17.799999237060547,-0.002442804369175211,0.14354490651480548
2023-04-14,396.9126892089844,3.5220000743865967,17.06999969482422,0.0035882572974776927,0.13438387212968142
2023-04-17,398.3369140625,3.5910000801086426,16.950000762939453,0.0006522020264920769,0.1238945655846088
2023-04-18,398.5967102050781,3.572000026702881,16.829999923706055,-0.00016882040930799036,0.12162389928460487
2023-04-19,398.5294189453125,3.6019999980926514,16.459999084472656,-0.005457150969767066,0.11529853607226084
2023-04-20,396.3545837402344,3.5450000762939453,17.170000076293945,0.0007768860911749886,0.09571625728915292
2023-04-21,396.6625061035156,3.569999933242798,16.770000457763672,0.001043250503910853,0.09590064993778555
2023-04-24,397.0763244628906,3.515000104904175,16.889999389648438,-0.015873929601871395,0.09470459406690022
2023-04-25,390.7731628417969,3.3959999084472656,18.760000228881836,-0.004235502862000362,0.11422690798274182
2023-04-26,389.1180419921875,3.431999921798706,18.84000015258789,0.019908051530043158,0.11524193934878094
2023-04-27,396.8646240234375,3.5280001163482666,17.030000686645508,0.008535225607214647,0.12472542106135585
2023-04-28,400.251953125,3.4519999027252197,15.779999732971191,-0.0010098772013721335,0.126350310016568
2023-05-01,399.8477478027344,3.5739998817443848,16.079999923706055,-0.011239324416314145,0.11748241428635789
2023-05-02,395.3537292480469,3.438999891281128,17.780000686645508,-0.006863785127400379,0.12426348250701592
2023-05-03,392.6401062011719,3.4030001163482666,18.34000015258789,-0.007082992416231559,0.12512951500508773
2023-05-04,389.8590393066406,3.3510000705718994,20.09000015258789,0.018512550508219094,0.12732910913583714
2023-05-05,397.0763244628906,3.446000099182129,17.190000534057617,0.00026668927248940655,0.1432505694257088
2023-05-08,397.1822204589844,3.5209999084472656,16.979999542236328,-0.0043853694394264675,0.1432359166723977
2023-05-09,395.4404296875,3.5209999084472656,17.709999084472656,0.0046721694560307725,0.14424988746858883
2023-05-10,397.2879943847656,3.438999891281128,16.940000534057617,-0.0017439252782979198,0.14416364248501987
2023-05-11,396.59515380859375,3.3970000743865967,16.93000030517578,-0.0013102866117302714,0.1363173939826517
2023-05-12,396.07550048828125,3.4630000591278076,17.030000686645508,0.003450063419773608,0.13612139671154658
2023-05-15,397.4419860839844,3.507999897003174,17.1200008392334,-0.0066827510740492535,0.13607300265433694
2023-05-16,394.7859802246094,3.5490000247955322,17.989999771118164,0.012138975554691012,0.13802806276668675
2023-05-17,399.5782775878906,3.5810000896453857,16.8700008392334,0.009633264318818835,0.14508756736727507
2023-05-18,403.4275207519531,3.6480000019073486,16.049999237060547,-0.001455046036869856,0.14719644270453133
2023-05-19,402.84051513671875,3.691999912261963,16.809999465942383,0.00040612781033844136,0.14743933246613644
2023-05-22,403.0041198730469,3.7190001010894775,17.209999084472656,-0.011222932869814128,0.14744353092026402
2023-05-23,398.4812316894531,3.697999954223633,18.530000686645508,-0.007244839012384707,0.14127012295071412
2023-05-24,395.59429931640625,3.7190001010894775,20.030000686645508,0.008659989011662095,0.14314485571885174
2023-05-25,399.0201416015625,3.813999891281128,19.139999389648438,0.012950731054129472,0.12807205198108781
2023-05-26,404.187744140625,3.809999942779541,17.950000762939453,0.0003808395140476595,0.13271201195976143
2023-05-30,404.3416748046875,3.700000047683716,17.459999084472656,-0.005545052827781505,0.13259079319256023
2023-05-31,402.0995788574219,3.63700008392334,17.940000534057617,0.009501063259036435,0.12728617548679916
2023-06-01,405.9199523925781,3.6080000400543213,15.649999618530273,0.014460892018267613,0.12734208877577477
2023-06-02,411.7899169921875,3.690999984741211,14.600000381469727,-0.0019161032115239118,0.13056696858094244
2023-06-05,411.0008850097656,3.693000078201294,14.729999542236328,0.0021775099001855036,0.11737299307244507
2023-06-06,411.8958435058594,3.6989998817443848,13.960000038146973,-0.003457804669673714,0.11724846996212974
2023-06-07,410.4715881347656,3.7839999198913574,13.9399995803833,0.0060486234801770955,0.1166392551209178
2023-06-08,412.9543762207031,3.7139999866485596,13.649999618530273,0.001794232782027505,0.11717540207614094
2023-06-09,413.6953125,3.744999885559082,13.829999923706055,0.009071945286386107,0.1163616850947492
2023-06-12,417.4483337402344,3.765000104904175,15.010000228881836,0.006592832035974716,0.11810349519035515
2023-06-13,420.20050048828125,3.8389999866485596,14.609999656677246,0.0011909975430546282,0.11890735781500661
2023-06-14,420.7009582519531,3.7960000038146973,13.880000114440918,0.012397638131986133,0.11373861140546997
2023-06-15,425.9166564941406,3.7279999256134033,14.5,-0.0034061702137874184,0.1140113647260407
2023-06-16,424.4659118652344,3.7690000534057617,13.539999961853027,-0.005188333023339986,0.1136797616621624
2023-06-20,422.2636413574219,3.7290000915527344,13.880000114440918,-0.005123752099032042,0.11617757802796028
2023-06-21,420.1000671386719,3.7230000495910645,13.199999809265137,0.003609805403070654,0.11904812915386279
2023-06-22,421.6165466308594,3.7990000247955322,12.90999984741211,-0.007560042389973987,0.1081673024975036
2023-06-23,418.4291076660156,3.739000082015991,13.4399995803833,-0.004085745220017256,0.1085624391545397
2023-06-26,416.7195129394531,3.7190001010894775,14.25,0.010963331188829972,0.108914139948661
2023-06-27,421.28814697265625,3.7679998874664307,13.739999771118164,0.0005043908735893332,0.10651298703297984
2023-06-28,421.5006408691406,3.7100000381469727,13.430000305175781,0.003941359132847433,0.10648750969375739
2023-06-29,423.16192626953125,3.8540000915527344,13.539999961853027,0.011800735170562682,0.10270983709924784
2023-06-30,428.1555480957031,3.819000005722046,13.59000015258789,0.0011505508880702564,0.10506377712608113
2023-07-03,428.6481628417969,3.8580000400543213,13.569999694824219,-0.0014873333887229778,0.0954723386210866
2023-07-05,428.0106201171875,3.944999933242798,14.180000305175781,-0.007830559202204768,0.09524943882533575
2023-07-06,424.6590576171875,4.040999889373779,15.4399995803833,-0.0025247160880151887,0.10148779737566894
2023-07-07,423.5869140625,4.050000190734863,14.829999923706055,0.0025311064130968397,0.1009300935486105
2023-07-10,424.6590576171875,4.00600004196167,15.069999694824219,0.006368562556071655,0.09963454144174305
2023-07-11,427.363525390625,3.9800000190734863,14.84000015258789,0.00804578855754512,0.10117534352065502
2023-07-12,430.802001953125,3.8610000610351562,13.539999961853027,0.007937012804855481,0.10023760713182905
2023-07-13,434.2212829589844,3.760999917984009,13.609999656677246,-0.0006229019754138143,0.10123519343048576
2023-07-14,433.9508056640625,3.819000005722046,13.34000015258789,0.0034722954774011328,0.10155132282210035
2023-07-17,435.4576110839844,3.796999931335449,13.479999542236328,0.007430404563715687,0.09355822373392406
2023-07-18,438.6932373046875,3.7890000343322754,13.300000190734863,0.0022239149640697065,0.09450046439502509
2023-07-19,439.6688537597656,3.742000102996826,13.760000228881836,-0.006634520873051941,0.09096584887809032
2023-07-20,436.7518615722656,3.8540000915527344,13.989999771118164,0.0,0.09268506180774387
2023-07-21,436.7518615722656,3.8369998931884766,13.600000381469727,0.004467251302013642,0.09271941914896792
2023-07-24,438.70294189453125,3.8570001125335693,13.90999984741211,0.0027300075726492956,0.08625155950773511
2023-07-25,439.9006042480469,3.9119999408721924,13.859999656677246,0.00015366297498586867,0.08279620494613722
2023-07-26,439.96820068359375,3.8510000705718994,13.1899995803833,-0.006629868130950456,0.0772318955816727
2023-07-27,437.05126953125,4.01200008392334,14.40999984741211,0.009790315066457778,0.08320887712375892
2023-07-28,441.33013916015625,3.9690001010894775,13.329999923706055,0.0019040202313644894,0.08765241635827384
2023-07-31,442.1704406738281,3.9590001106262207,13.630000114440918,-0.002861404008726365,0.07984523744007739
2023-08-01,440.90521240234375,4.051000118255615,13.930000305175781,-0.013911116752962527,0.08141515669516035
2023-08-02,434.771728515625,4.078000068664551,16.09000015258789,-0.0028658065784117337,0.09763408262880685
2023-08-03,433.5257568359375,4.189000129699707,15.920000076293945,-0.004522598279065759,0.0933065636333869
2023-08-04,431.5650939941406,4.059999942779541,17.100000381469727,0.008728549431549881,0.09458258842464083
2023-08-07,435.33203125,4.078000068664551,15.770000457763672,-0.004348697788146616,0.09843620660522027
2023-08-08,433.43890380859375,4.026000022888184,15.989999771118164,-0.006685312589814196,0.09841066499640665
2023-08-09,430.5412292480469,4.01200008392334,15.960000038146973,0.00035887503344733673,0.09776489126038132
2023-08-10,430.69573974609375,4.079999923706055,15.850000381469727,-0.0005829361474120054,0.0931858873753833
2023-08-11,430.4446716308594,4.168000221252441,14.84000015258789,0.005519889631984354,0.09318467704963802
2023-08-14,432.8206787109375,4.184000015258789,14.819999694824219,-0.011648866066666708,0.09458301188531956
2023-08-15,427.77880859375,4.2210001945495605,16.459999084472656,-0.007338064767244523,0.0981167544924337
2023-08-16,424.6397399902344,4.257999897003174,16.780000686645508,-0.007619912760666092,0.09949948044991347
2023-08-17,421.4040222167969,4.308000087738037,17.889999389648438,0.0004813678349100403,0.10020414905689244
2023-08-18,421.60687255859375,4.250999927520752,17.299999237060547,0.006506232911050125,0.1003312903542391
2023-08-21,424.3499450683594,4.3420000076293945,17.1299991607666,-0.0027087185787026957,0.10224822388321411
2023-08-22,423.20050048828125,4.328000068664551,16.969999313354492,0.011137749060136093,0.10097843965097279
2023-08-23,427.91400146484375,4.197999954223633,15.979999542236328,-0.013858905998807902,0.11099230718010886
2023-08-24,421.98358154296875,4.235000133514404,17.200000762939453,0.007049690191138547,0.11826825737946298
2023-08-25,424.95843505859375,4.238999843597412,15.680000305175781,0.006341383054035532,0.11508596476584482
2023-08-28,427.65325927734375,4.211999893188477,15.079999923706055,0.014454938729105526,0.11805217068626006
2023-08-29,433.8349609375,4.122000217437744,14.449999809265137,0.004118626574855844,0.13097372199837695
2023-08-30,435.62176513671875,4.118000030517578,13.880000114440918,-0.0014633134128982928,0.12234295056170444
2023-08-31,434.98431396484375,4.0929999351501465,13.569999694824219,0.0018652174480406902,0.12198886080867113
2023-09-01,435.795654296875,4.172999858856201,13.09000015258789,-0.004321872764379564,0.1208133736182693
2023-09-05,433.9122009277344,4.26800012588501,14.010000228881836,-0.006722540138911159,0.11789229421208056
2023-09-06,430.9952087402344,4.289999961853027,14.449999809265137,-0.0030702016186391345,0.11930966007223237
2023-09-07,429.6719665527344,4.260000228881836,14.399999618530273,0.0015061624031720289,0.11740061835203347
2023-09-08,430.3191223144531,4.257999897003174,13.84000015258789,0.006576554336285678,0.11752742868979556
2023-09-11,433.1491394042969,4.288000106811523,13.800000190734863,-0.005485706732924589,0.11979651523226946
2023-09-12,430.77301025390625,4.263999938964844,14.229999542236328,0.0011660173836409715,0.11985503576234172
2023-09-13,431.2752990722656,4.249000072479248,13.479999542236328,0.008622470276561156,0.11200887329812616
2023-09-14,434.99395751953125,4.288000106811523,12.819999694824219,-0.012048366894015228,0.11165386538176207
2023-09-15,429.75299072265625,4.322000026702881,13.789999961853027,0.0005864163033106884,0.11727380667693695
2023-09-18,430.0050048828125,4.318999767303467,14.0,-0.002073751753320918,0.1172681505391267
2023-09-19,429.11328125,4.364999771118164,14.109999656677246,-0.009193251436009908,0.11588379983692156
2023-09-20,425.1683349609375,4.348999977111816,15.140000343322754,-0.016528451650153486,0.12052048578674522
2023-09-21,418.1409606933594,4.480000019073486,17.540000915527344,-0.0022486354373705275,0.12722424625013237
2023-09-22,417.2007141113281,4.438000202178955,17.200000762939453,0.004205303363737922,0.11816253294986095
2023-09-25,418.9551696777344,4.541999816894531,16.899999618530273,-0.014691233590584996,0.11615255313475363
2023-09-26,412.8002014160156,4.558000087738037,18.940000534057617,0.0003990644533449217,0.1230641403408677
2023-09-27,412.9649353027344,4.625999927520752,18.219999313354492,0.005797354204301053,0.10768870068508274
2023-09-28,415.3590393066406,4.5970001220703125,17.34000015258789,-0.002426878983372016,0.10919902300733836
2023-09-29,414.35101318359375,4.572999954223633,17.520000457763672,-0.0003975708553312085,0.10914808628556195
2023-10-02,414.186279296875,4.683000087738037,17.610000610351562,-0.013386107454905871,0.10826609484208473
2023-10-03,408.6419372558594,4.802000045776367,19.780000686645508,0.007281944745552105,0.11485043771267112
2023-10-04,411.6176452636719,4.735000133514404,18.579999923706055,-0.0003767825160456706,0.11944886883423692
2023-10-05,411.4625549316406,4.7170000076293945,18.489999771118164,0.01187275199782234,0.11959222021704598
2023-10-06,416.3477478027344,4.783999919891357,17.450000762939453,0.006402165876523203,0.1290653296453131
2023-10-09,419.0132751464844,4.796999931335449,17.700000762939453,0.005205012269644094,0.1289198899446454
2023-10-10,421.1942443847656,4.65500020980835,17.030000686645508,0.004096164144500314,0.13025321574610274
2023-10-11,422.9195251464844,4.59499979019165,16.09000015258789,-0.00609652302563668,0.1313375742587135
2023-10-12,420.3411865234375,4.711999893188477,16.690000534057617,-0.004980709669269223,0.12745099789686493
2023-10-13,418.2475891113281,4.629000186920166,19.31999969482422,0.010521456297737153,0.12218633130739694
2023-10-16,422.6481628417969,4.711999893188477,17.209999084472656,-4.5850576941064425e-05,0.1291418806209425
2023-10-17,422.6287841796875,4.8470001220703125,17.8799991607666,-0.013325221861979819,0.1290836425531631
2023-10-18,416.9971618652344,4.9039998054504395,19.219999313354492,-0.008786341322187141,0.13343680943267938
2023-10-19,413.3332824707031,4.98799991607666,21.399999618530273,-0.012288076620788124,0.12392917822668392
2023-10-20,408.25421142578125,4.923999786376953,21.709999084472656,-0.0017332609540343658,0.1306943777371119
2023-10-23,407.5466003417969,4.8379998207092285,20.3700008392334,0.007539488413145445,0.12921827290459462
2023-10-24,410.6192932128906,4.840000152587891,18.969999313354492,-0.014352175181991389,0.12270212520541218
2023-10-25,404.72601318359375,4.953000068664551,20.190000534057617,-0.01197453307034757,0.13247228628696753
2023-10-26,399.8796081542969,4.84499979019165,20.68000030517578,-0.004532995809056639,0.1354117427751246
2023-10-27,398.06695556640625,4.84499979019165,21.270000457763672,0.011955895257369509,0.13573414375522208
2023-10-30,402.8262023925781,4.875,19.75,0.006280242388355672,0.14443403576207167
2023-10-31,405.3560485839844,4.875,18.139999389648438,0.010664844146603514,0.13948327531842586
2023-11-01,409.6791076660156,4.789000034332275,16.8700008392334,0.019164332912581017,0.142429460868632
2023-11-02,417.53033447265625,4.669000148773193,15.65999984741211,0.009123325474135635,0.15812877758558605
2023-11-03,421.339599609375,4.558000087738037,14.90999984741211,0.002300445530699635,0.1558553531842591
2023-11-06,422.3088684082031,4.6620001792907715,14.890000343322754,0.002846031392628179,0.15451903929216915
2023-11-07,423.5107727050781,4.571000099182129,14.8100004196167,0.000732475303188318,0.1537786628152969
2023-11-08,423.82098388671875,4.5229997634887695,14.449999809265137,-0.007798662506266263,0.1531450322004581
2023-11-09,420.5157470703125,4.630000114440918,15.289999961853027,0.015604675364636833,0.1541816312872358
2023-11-10,427.0777587890625,4.627999782562256,14.170000076293945,-0.0009531612598220329,0.16234470336116238
2023-11-13,426.6706848144531,4.631999969482422,14.760000228881836,0.019400700014197803,0.15857341239036973
2023-11-14,434.9483947753906,4.440999984741211,14.15999984741211,0.0021171187511090928,0.17209881681281708
2023-11-15,435.8692321777344,4.534999847412109,14.180000305175781,0.001223029788141039,0.16294951334389313
2023-11-16,436.4023132324219,4.445000171661377,14.319999694824219,0.0012438434574022494,0.15773556361559957
2023-11-17,436.94512939453125,4.440999984741211,13.800000190734863,0.007697611465657728,0.14759418710510405
2023-11-20,440.3085632324219,4.421999931335449,13.40999984741211,-0.002179299448413996,0.14700300476946115
2023-11-21,439.3489990234375,4.418000221252441,13.350000381469727,0.003860775900512037,0.14786947928716798
2023-11-22,441.04522705078125,4.415999889373779,12.850000381469727,0.0006153401184736396,0.13211682679681575
2023-11-24,441.3166198730469,4.4720001220703125,12.460000038146973,-0.001800974105430564,0.11833831702121778
2023-11-27,440.5218200683594,4.388999938964844,12.6899995803833,0.0009900922194836514,0.11579912571255552
2023-11-28,440.9579772949219,4.335999965667725,12.6899995803833,-0.0007035629588151293,0.11371784294224573
2023-11-29,440.6477355957031,4.270999908447266,12.979999542236328,0.003937560014807051,0.1150086472142633
2023-11-30,442.3828125,4.3520002365112305,12.920000076293945,0.005915976821192048,0.11244952826918418
2023-12-01,444.99993896484375,4.22599983215332,12.630000114440918,-0.005249504209300371,0.09737519036473515
2023-12-04,442.6639099121094,4.288000106811523,13.079999923706055,-0.0001969636980806433,0.0991453544326106
2023-12-05,442.57672119140625,4.171000003814697,12.850000381469727,-0.004029828536801672,0.09960395219941863
2023-12-06,440.793212890625,4.120999813079834,12.970000267028809,0.007630412037957557,0.10212215991327259
2023-12-07,444.1566467285156,4.129000186920166,13.0600004196167,0.004299124818565092,0.10388756610022686
2023-12-08,446.0661315917969,4.244999885559082,12.350000381469727,0.0038896617874286665,0.09682301167844967
2023-12-11,447.8011779785156,4.238999843597412,12.630000114440918,0.004567061451868248,0.08472303592022415
2023-12-12,449.8463134765625,4.205999851226807,12.069999694824219,0.013790177906354284,0.08410161559802826
2023-12-13,456.0497741699219,4.0329999923706055,12.1899995803833,0.0032094831856794848,0.07055816189469995
2023-12-14,457.5134582519531,3.930000066757202,12.479999542236328,-0.0016464332737607945,0.07061052581990672
2023-12-15,456.76019287109375,3.927999973297119,12.279999732971191,0.0056249305978612885,0.07198528503398406
2023-12-18,459.3294372558594,3.9539999961853027,12.5600004196167,0.006080867262889589,0.07281422193197264
2023-12-19,462.12255859375,3.921999931335449,12.529999732971191,-0.013857183385512006,0.07150115166948169
2023-12-20,455.7188415527344,3.877000093460083,13.670000076293945,0.009481754999583147,0.09087694100515833
2023-12-21,460.03985595703125,3.8940000534057617,13.649999618530273,0.002009740101651891,0.09464184650154815
2023-12-22,460.96441650390625,3.9010000228881836,13.029999732971191,0.004222475885611088,0.09447565523842522
2023-12-26,462.91082763671875,3.885999917984009,12.989999771118164,0.0018080698218472246,0.09350928741606097
2023-12-27,463.747802734375,3.7890000343322754,12.430000305175781,0.0003778604072310898,0.09337929381784266
2023-12-28,463.92303466796875,3.8499999046325684,12.470000267028809,-0.0028950461885181022,0.09295916146641778
