date,close_spy,rate_10y,vix,volume_spy,spy_ret,spy_ret_lag1,spy_ret_lag5,rv_5d,rv_10d,rv_20d,rv_60d,ret_fwd
2010-03-31,87.90286254882812,3.8329999446868896,17.59000015258789,18.897403629599143,-0.00340723268196208,0.0006817206678126908,-8.527950357295477e-05,0.05885465690971861,0.07133779827795972,0.07570793181774929,0.1407306445507369,0.006837676420748284
2010-04-01,88.50391387939453,3.8589999675750732,17.469999313354492,18.898250682598373,0.006837676420748284,-0.00340723268196208,0.001369303560302182,0.07100937806436952,0.07811412771953577,0.07740344890868034,0.14124715839133212,0.008149643309252275
2010-04-05,89.22518920898438,3.99399995803833,17.020000457763672,18.477510891140934,0.008149643309252275,0.006837676420748284,0.009858679321052666,0.077880176338553,0.0772273932485316,0.067365996825034,0.14206797364583856,0.002357433019658739
2010-04-06,89.43553161621094,3.9679999351501465,16.229999542236328,18.519477574682444,0.002357433019658739,0.008149643309252275,0.018699773506595685,0.07448237765181495,0.0754622395803155,0.0669605840529675,0.14192941314118684,-0.0057123509724125165
2010-04-07,88.92464447021484,3.86299991607666,16.6200008392334,19.03357349150988,-0.0057123509724125165,0.002357433019658739,0.014660543183187214,0.09702866915714183,0.07912875385286845,0.07270585878530239,0.14245038011052216,0.0034638490515790377
2010-04-08,89.232666015625,3.8959999084472656,16.479999542236328,18.88255139626895,0.0034638490515790377,-0.0057123509724125165,0.00817715084212045,0.08613944513953516,0.07323134711548769,0.07232617940571996,0.14255956760076932,0.0065675983660604675
2010-04-09,89.81871032714844,3.888000011444092,16.139999389648438,18.705908564690702,0.0065675983660604675,0.0034638490515790377,0.015128101955248496,0.085403395006236,0.0745101040252053,0.07383230002342799,0.14150945481848537,0.00158943754534846
2010-04-12,89.96147155761719,3.8459999561309814,15.579999923706055,18.518524085319317,0.00158943754534846,0.0065675983660604675,0.014855800044567546,0.07195422203978336,0.07277594170161199,0.0735177422096411,0.1406531427637555,0.0007510539434147923
2010-04-13,90.02903747558594,3.811000108718872,16.200000762939453,18.644173042447207,0.0007510539434147923,0.00158943754534846,0.00825195614781249,0.07186740699781219,0.07027467388721496,0.0733807933323237,0.14059926578712365,0.011349555426029445
2010-04-14,91.05082702636719,3.8550000190734863,15.59000015258789,18.900690401757547,0.011349555426029445,0.0007510539434147923,0.006636130502604587,0.06850569425152608,0.08332119961578147,0.07783868955498759,0.1399608779100838,0.0008253580839090446
2010-04-15,91.1259765625,3.8480000495910645,15.890000343322754,18.789587678135074,0.0008253580839090446,0.011349555426029445,0.023909935978034813,0.07395662169279804,0.07634828237461343,0.07672437742437276,0.13796003571663962,-0.01591233938465164
2010-04-16,89.67594909667969,3.7699999809265137,18.360000610351562,19.720291040873587,-0.01591233938465164,0.0008253580839090446,0.021217684413278315,0.1558202987116294,0.12153060404051333,0.09945578886131123,0.14042356947176365,0.0037698636532941254
2010-04-19,90.0140151977539,3.806999921798706,17.34000015258789,19.199766147127715,0.0037698636532941254,-0.01591233938465164,-0.00158943754534846,0.15821823258783288,0.11654877861438169,0.09698370170243002,0.1341185016071712,0.008930765294745013
2010-04-20,90.81790924072266,3.805000066757202,15.729999542236328,18.876255786220135,0.008930765294745013,0.0037698636532941254,0.0005840682597446634,0.17034589779659326,0.12331726189664102,0.09959621942693282,0.12568670655925152,-0.0018197726166309103
2010-04-21,90.65264129638672,3.73799991607666,16.31999969482422,19.077734840424146,-0.0018197726166309103,0.008930765294745013,0.008762414741473323,0.1479882799642322,0.11833522673940859,0.09840894989551913,0.12570587187295712,0.0029838353283779817
2010-04-22,90.92313385009766,3.7720000743865967,16.469999313354492,18.56357084072081,0.0029838353283779817,-0.0018197726166309103,-0.004373224746933468,0.15029505415996353,0.11818790203567575,0.09571404330243785,0.1251339941603089,0.006527640036561477
2010-04-23,91.51664733886719,3.816999912261963,16.6200008392334,18.99355398224731,0.006527640036561477,0.0029838353283779817,-0.002225959271484168,0.0642995625280244,0.1181439114248744,0.09624412472336548,0.12536523839461106,-0.003776321833522722
2010-04-26,91.17105102539062,3.815000057220459,17.469999313354492,18.781547994879006,-0.003776321833522722,0.006527640036561477,0.02052610829022883,0.08542764710209926,0.12155947808435726,0.0981052315435265,0.12284507122409463,-0.02365076671309352
2010-04-27,89.01478576660156,3.690000057220459,22.809999465942383,19.690029128047026,-0.02365076671309352,-0.003776321833522722,0.012853951966199872,0.18623768247426253,0.17498055255728265,0.13237786435340737,0.1310621297318494,0.007596586233064473
2010-04-28,89.69099426269531,3.7730000019073486,21.079999923706055,19.521537515217183,0.007596586233064473,-0.02365076671309352,-0.019854272017446717,0.20415018131566962,0.1684085551176395,0.13474070750327627,0.1284704936917755,0.012397437286799873
2010-04-29,90.80293273925781,3.7279999256134033,18.440000534057617,19.082208255292475,0.012397437286799873,0.007596586233064473,-0.010608042081722946,0.22832129671309248,0.18224213109204254,0.1396737104856392,0.128574616422002,-0.01696216732335032
2010-04-30,89.2627182006836,3.6630001068115234,22.049999237060547,19.41393585399412,-0.01696216732335032,0.012397437286799873,-0.0013220080055534877,0.2451202897509611,0.18481909871985516,0.1528981367261985,0.1334512535854591,0.012961883334673852
2010-05-03,90.41973114013672,3.7049999237060547,20.190000534057617,19.023618170892085,0.012961883334673852,-0.01696216732335032,-0.02462862444947045,0.27664067054132424,0.1960457296283542,0.15700246077913316,0.11743636352604765,-0.023514333001870225
2010-05-04,88.29357147216797,3.61299991607666,23.84000015258789,19.70259577733653,-0.023514333001870225,0.012961883334673852,-0.008240772446998168,0.2759542581768521,0.22288531603539488,0.1787576014316134,0.128673196468509,-0.005956718395653926
2010-05-05,87.76763153076172,3.549999952316284,24.90999984741211,19.61148684948488,-0.005956718395653926,-0.023514333001870225,-0.00810218536417795,0.26432444050334,0.22338149736914786,0.17885270611834372,0.12832407363807144,-0.03321357952391535
2010-05-06,84.85255432128906,3.3980000019073486,32.79999923706055,20.288407861373766,-0.03321357952391535,-0.005956718395653926,-0.02144432390057216,0.28150947645816715,0.26552918234389616,0.21210941590366628,0.14503774857496382,-0.014874758514678454
2010-05-07,83.59039306640625,3.428999900817871,40.95000076293945,20.273157067606043,-0.014874758514678454,-0.03321357952391535,-0.06553068539157614,0.28020299706653906,0.2571466332622661,0.21369869163297575,0.14852765719426178,0.04404035646875415
2010-05-10,87.27174377441406,3.5390000343322754,28.84000015258789,19.797327720851122,0.04404035646875415,-0.014874758514678454,-0.06354640827231617,0.47806091245194576,0.37075658961665997,0.2722209408722043,0.17198318796649237,-0.002840749646687457
2010-05-11,87.0238265991211,3.5350000858306885,28.31999969482422,19.57708950526501,-0.002840749646687457,0.04404035646875415,-0.03481527014102437,0.454195757447774,0.3544154307368923,0.2721470338884903,0.17213978634747068,0.013985848454905137
2010-05-12,88.24092864990234,3.566999912261963,25.520000457763672,19.277676149355415,0.013985848454905137,-0.002840749646687457,-0.014380943616570385,0.4667181785438097,0.36067405198425767,0.2739601111821966,0.1715490383948227,-0.012430577260856612
2010-05-13,87.14404296875,3.563999891281128,26.68000030517578,19.2727635709627,-0.012430577260856612,0.013985848454905137,0.005392615829843184,0.385879891208095,0.35558334787535245,0.2765445395300809,0.17365686808344355,-0.01810474460836775
2010-05-14,85.56632232666016,3.441999912261963,31.239999771118164,19.660796648705404,-0.01810474460836775,-0.012430577260856612,0.0270055352580707,0.3971802206361613,0.3568044821123717,0.2781032658685937,0.17766984732064361,0.0005262430977404087
2010-05-17,85.6113510131836,3.4719998836517334,30.84000015258789,19.60160946419282,0.0005262430977404087,-0.01810474460836775,0.023638233865991953,0.19685059092174384,0.34554012200258305,0.2774176474234452,0.17764229671754408,-0.013601959353729765
2010-05-18,84.44686889648438,3.375999927520752,33.54999923706055,19.70316006399757,-0.013601959353729765,0.0005262430977404087,-0.01902554812611934,0.20814150258548203,0.33425904601307493,0.276784115720788,0.1799935210424674,-0.005694205781750616
2010-05-19,83.96601104736328,3.3589999675750732,35.31999969482422,19.79374472074542,-0.005694205781750616,-0.013601959353729765,-0.029612093645428605,0.1160614958629749,0.3342240465879479,0.27681638074679427,0.17856591206292735,-0.037759437406053475
2010-05-20,80.79550170898438,3.2639999389648438,45.790000915527344,20.089176500388486,-0.037759437406053475,-0.005694205781750616,-0.04844597249763638,0.23238962059787774,0.3458425924507777,0.300568404118915,0.19397777557284418,0.014599111541536924
2010-05-21,81.97504425048828,3.200000047683716,40.099998474121094,20.031935806368935,0.014599111541536924,-0.037759437406053475,-0.07285112147071515,0.30791985530737487,0.35307810414633506,0.30624163774703356,0.19636861271456305,-0.012830591794061319
2010-05-24,80.92325592041016,3.2269999980926514,38.31999969482422,19.413276750142728,-0.012830591794061319,0.014599111541536924,-0.04197069569569345,0.2980053833005798,0.24577786797318188,0.3073233769354179,0.1980871229338019,0.0010208571447696269
2010-05-25,81.00586700439453,3.1579999923706055,34.61000061035156,19.798199716229313,0.0010208571447696269,-0.012830591794061319,-0.05476020454403885,0.3080516533323727,0.2485392272723882,0.3006871060786515,0.19685198732528292,-0.006028574628110461
2010-05-26,80.51751708984375,3.2179999351501465,35.02000045776367,19.672641393533116,-0.006028574628110461,0.0010208571447696269,-0.040747536729962675,0.307893998954811,0.21980161139247775,0.29726756403097393,0.19705857046861927,0.03349845247002148
2010-05-27,83.21472930908203,3.3380000591278076,29.68000030517578,19.52219050090212,0.03349845247002148,-0.006028574628110461,-0.041070117711967,0.2920829451976264,0.3045097100856743,0.3222357790509854,0.20908975046586878,-0.012549691160481324
2010-05-28,82.17041015625,3.3010001182556152,32.06999969482422,19.512380868561078,-0.012549691160481324,0.03349845247002148,0.0299426026069054,0.3053229600695928,0.29875098105786113,0.3202852597178617,0.2105341759224606,-0.016823766229907555
2010-06-01,80.78799438476562,3.2960000038146973,35.540000915527344,19.44280572285592,-0.016823766229907555,-0.012549691160481324,0.00238323635623483,0.31748124742253525,0.3042283556415679,0.31687258738081975,0.21095659728832492,0.02603936672659013
2010-06-02,82.89166259765625,3.3340001106262207,30.170000076293945,19.29716438694859,0.02603936672659013,-0.016823766229907555,-0.0016714791577042698,0.36893849296002357,0.3382736751137211,0.3279845509472561,0.21803626237536275,0.0034439734422504475
2010-06-03,83.17713928222656,3.378999948501587,29.459999084472656,19.238777666756828,0.0034439734422504475,0.02603936672659013,0.023279740875551846,0.3573250616473188,0.3383272409749615,0.3285385549034666,0.2181396003151558,-0.035137055899023606
2010-06-04,80.2545394897461,3.194999933242798,35.47999954223633,19.80315682721846,-0.035137055899023606,0.0034439734422504475,0.0330315972040609,0.36543065016815446,0.3304573317412181,0.33098687973408597,0.2291911065982501,-0.012450752786140051
2010-06-07,79.25531005859375,3.184000015258789,36.56999969482422,19.393764204367304,-0.012450752786140051,-0.035137055899023606,-0.03557290691099879,0.3653367452530996,0.32373430809591713,0.32990232849952195,0.23010195659315918,0.010712107408517024
2010-06-08,80.10430145263672,3.1679999828338623,33.70000076293945,19.695412901417427,0.010712107408517024,-0.012450752786140051,-0.03547627536619424,0.3708798884277061,0.32565366681681335,0.2858775190765777,0.23140819031722376,-0.005346099231472667
2010-06-09,79.67605590820312,3.187000036239624,33.72999954223633,19.40658447872557,-0.005346099231472667,0.010712107408517024,-0.008462803629864957,0.27995910310055394,0.32620980637694885,0.2858669977243309,0.23154708083706996,0.02923166049045789
2010-06-10,82.00511932373047,3.319000005722046,30.56999969482422,19.577217859542724,0.02923166049045789,-0.005346099231472667,-0.0387928844552341,0.3850758718539467,0.3587909075506216,0.3033514269216989,0.23913813031886202,0.0048556203961920286
2010-06-11,82.40330505371094,3.2160000801086426,28.790000915527344,19.182085463708727,0.0048556203961920286,0.02923166049045789,-0.014090650010447403,0.2548082153344285,0.31461242556992913,0.30279514830179455,0.23901762272819316,-0.0015501678306890643
2010-06-14,82.27556610107422,3.2750000953674316,28.579999923706055,19.14917625060498,-0.0015501678306890643,0.0048556203961920286,0.02677438033569901,0.21540115381315006,0.30788623793930525,0.29721730316588496,0.2390197027159498,0.02273798933848714
2010-06-15,84.14634704589844,3.309999942779541,25.8700008392334,19.28890959059759,0.02273798933848714,-0.0015501678306890643,0.038107932960549595,0.24172631693989202,0.3103286132066483,0.30971039064102784,0.24371004280943578,-0.0003574138901809576
2010-06-16,84.11627197265625,3.2820000648498535,25.920000076293945,19.192518954465587,-0.0003574138901809576,0.02273798933848714,0.05045978205866586,0.22371561663920655,0.28576021747552566,0.3059273054759994,0.24340935043664286,0.0016077584549265556
2010-06-17,84.25151062011719,3.190000057220459,25.049999237060547,19.388370808391826,0.0016077584549265556,-0.0003574138901809576,0.05572836172474216,0.1580926260356235,0.2855795762303846,0.3052280468584698,0.2429399783793626,0.0010842148710488164
2010-06-18,84.34285736083984,3.2230000495910645,23.950000762939453,18.97460379324083,0.0010842148710488164,0.0016077584549265556,0.02739330562423392,0.16123508207197826,0.20110835180613945,0.27002353757495623,0.24280578233635153,-0.0028638658733836087
2010-06-21,84.10131072998047,3.243000030517578,24.8799991607666,19.177463073669756,-0.0028638658733836087,0.0010842148710488164,0.023537312075828654,0.16467859014913686,0.18265752057793053,0.2665562313715951,0.24284243522436544,-0.01651588490480238
2010-06-22,82.7123031616211,3.1659998893737793,27.049999237060547,19.29346003882917,-0.01651588490480238,-0.0028638658733836087,0.022190605491104742,0.11952266500123115,0.21184501562024646,0.2694734320434154,0.24503108184727238,-0.003102681633060045
2010-06-23,82.45567321777344,3.115000009536743,26.90999984741211,19.35536095215387,-0.003102681633060045,-0.01651588490480238,-0.017042259523103565,0.11666164118459704,0.20957189351902109,0.2699131338895071,0.244612612865137,-0.016570515459911173
2010-06-24,81.08934020996094,3.122999906539917,29.739999771118164,19.408449367491606,-0.016570515459911173,-0.003102681633060045,-0.01974170652050089,0.13234889158808014,0.17555302475977203,0.2760898693959825,0.2466544128826654,0.004188909447786937
2010-06-25,81.42901611328125,3.11299991607666,28.530000686645508,19.290829107350152,0.004188909447786937,-0.016570515459911173,-0.0375325069768091,0.14627640303946474,0.1749540558938435,0.24777406230344778,0.24686602914486896,-0.0031518596721615832
2010-06-28,81.17236328125,3.0320000648498535,29.0,18.946701934082167,-0.0031518596721615832,0.004188909447786937,-0.03454757567783662,0.1457801914315927,0.17524520928082546,0.2441673376695746,0.24633286413412653,-0.03087526166830079
2010-06-29,78.66614532470703,2.9670000076293945,34.130001068115234,19.738828752865306,-0.03087526166830079,-0.0031518596721615832,-0.03482641855766411,0.22092040734020774,0.17604550187460385,0.26113312090818935,0.25282164423807657,-0.009499822954847192
2010-06-30,77.91883087158203,2.9509999752044678,34.540000915527344,19.4648428341349,-0.009499822954847192,-0.03087526166830079,-0.048918452059155126,0.2130437002117512,0.17284033834605556,0.24171180374513998,0.25312197143745735,-0.004456584989861456
2010-07-01,77.57157897949219,2.927000045776367,32.86000061035156,19.763349185830744,-0.004456584989861456,-0.009499822954847192,-0.05502159122767891,0.21108872860267047,0.1663844390154075,0.2405518900577414,0.25305998201280244,-0.005449442545248706
2010-07-02,77.14885711669922,2.9790000915527344,30.1200008392334,19.268200869636807,-0.005449442545248706,-0.004456584989861456,-0.04338130291059672,0.18307439513867071,0.15928352576482957,0.20965680525680513,0.2528748116274987,0.006555344091779602
2010-07-06,77.65459442138672,2.931999921798706,29.649999618530273,19.364334864084167,0.006555344091779602,-0.005449442545248706,-0.05256306904933761,0.2179018314533256,0.1753677770051825,0.2078039094728294,0.2528729779642007,0.03149608929469161
2010-07-07,80.10041046142578,2.9800000190734863,26.84000015258789,19.35193654254043,0.03149608929469161,0.006555344091779602,-0.04333702651572113,0.26387625241147716,0.2562137726225812,0.2346240976905912,0.2620960019742819,0.009895493070192662
2010-07-08,80.8930435180664,3.0199999809265137,25.709999084472656,19.166620074803927,0.009895493070192662,0.03149608929469161,0.018232304770986252,0.23719411829808237,0.2643697845576059,0.23616368286633632,0.2631439500614041,0.007465848921413665
2010-07-09,81.49697875976562,3.055999994277954,24.979999542236328,18.792243617625996,0.007465848921413665,0.009895493070192662,0.03817065288602928,0.21284059199485342,0.2540691569754132,0.21298687147226747,0.262444124763263,0.000648194921312184
2010-07-12,81.5498046875,3.0460000038146973,24.43000030517578,18.692870434290697,0.000648194921312184,0.007465848921413665,0.05060358229025108,0.18791179031402308,0.2532958676524839,0.21217772719214864,0.2624370611877436,0.01508846189540991
2010-07-13,82.78026580810547,3.114000082015991,24.559999465942383,19.17692431721987,0.01508846189540991,0.000648194921312184,0.05704488355729875,0.18431970304476333,0.2627834477257166,0.21912492221494861,0.26296339412410075,-9.142709679799133e-05
2010-07-14,82.77269744873047,3.049999952316284,24.889999389648438,19.032763200174283,-9.142709679799133e-05,0.01508846189540991,0.0660060286826647,0.10160402026268402,0.19003315841500337,0.20261517621443925,0.26277083035516197,0.0002736611595546279
2010-07-15,82.79534912109375,2.9779999256134033,25.139999389648438,19.263703339834738,0.0002736611595546279,-9.142709679799133e-05,0.03336171402756527,0.10486034033263636,0.17462340384184566,0.20264357775231237,0.26193413002235855,-0.027534630919286762
2010-07-16,80.51560974121094,2.938999891281128,26.25,19.459873479625188,-0.027534630919286762,0.0002736611595546279,0.023516306474517634,0.2458417417943355,0.24002663516004435,0.2235414430991021,0.2673528417898764,0.005906564953547466
2010-07-19,80.99118041992188,2.9639999866485596,25.969999313354492,19.04506181838358,0.005906564953547466,-0.027534630919286762,-0.012041784045118242,0.25258745407856226,0.23443205402652822,0.22512256183017648,0.2676447896061111,0.011091144831473665
2010-07-20,81.88946533203125,2.931999921798706,23.93000030517578,19.36909940609857,0.011091144831473665,0.005906564953547466,-0.006850099392865294,0.23741496023675482,0.23638831080872055,0.22975662195470595,0.26841256723800444,-0.012997632813262827
2010-07-21,80.8250961303711,2.8919999599456787,25.639999389648438,19.393453887228297,-0.012997632813262827,0.011091144831473665,-0.010761024591769308,0.2480765099985929,0.20200253615811678,0.2269750514621481,0.2693792651608098,0.02232235944680272
2010-07-22,82.62930297851562,2.931999921798706,24.6299991607666,19.431486070145716,0.02232235944680272,-0.012997632813262827,-0.023529513697022164,0.31579791042727423,0.22562069351531763,0.24141744383651648,0.26997390230839846,0.00867872877684528
2010-07-23,83.34642028808594,2.99399995803833,23.469999313354492,19.21828163364535,0.00867872877684528,0.02232235944680272,-0.002005500844440844,0.20320474021384763,0.22649119122651812,0.23467552036380954,0.27013181474680925,0.010415783702913295
2010-07-26,84.21453857421875,2.99399995803833,22.729999542236328,19.03286567460604,0.010415783702913295,0.00867872877684528,0.035158530823695466,0.2041949367273951,0.2297343920604173,0.23666215893462741,0.26973977992113296,-8.950760669701463e-05
2010-07-27,84.20700073242188,3.046999931335449,23.190000534057617,19.1378159035409,-8.950760669701463e-05,0.010415783702913295,0.0397988785641159,0.20857441332368662,0.2204006452441819,0.2360630757094485,0.26771405577783064,-0.006454819075162321
2010-07-28,83.66345977783203,3.000999927520752,24.25,18.90960549075518,-0.006454819075162321,-8.950760669701463e-05,0.0283007758201117,0.17399619906072075,0.224209684388821,0.20489331006470077,0.26639521173406094,-0.004872269464980539
2010-07-29,83.25582885742188,2.999000072479248,24.1299991607666,19.20981560657832,-0.004872269464980539,-0.006454819075162321,0.03511735566491181,0.12230340301939838,0.2262588068418358,0.20173417796681503,0.26242213537630105,-0.00018135152798970378
2010-07-30,83.24073028564453,2.9070000648498535,23.5,19.20945896647123,-0.00018135152798970378,-0.004872269464980539,0.00758236916350552,0.10459531419059843,0.16395191171218634,0.20009149710322782,0.262208413279583,0.022581306552597047
2010-08-02,85.12041473388672,2.9630000591278076,22.010000228881836,19.053351547019645,0.022581306552597047,-0.00018135152798970378,-0.0012680808854907966,0.1863536683897688,0.1903799081488517,0.20785039444330597,0.25759360788545294,-0.004789501172502764
2010-08-03,84.71273040771484,2.9140000343322754,22.6299991607666,18.803609137351355,-0.004789501172502764,0.022581306552597047,0.010756766883780022,0.19285978391257697,0.19294241904104287,0.2106143034912064,0.25589941888754614,0.006683768232030651
2010-08-04,85.2789306640625,2.9519999027252197,22.209999084472656,18.8791917161336,0.006683768232030651,-0.004789501172502764,0.006005791334380728,0.1820136996501822,0.16984647350743598,0.18522838934735703,0.2395900944004174,-0.0010621166467460474
2010-08-05,85.1883544921875,2.9149999618530273,22.100000381469727,18.76053155959954,-0.0010621166467460474,0.006683768232030651,0.019309157074311134,0.1722113996995842,0.14320003911919107,0.18405669391914536,0.23953639264983273,-0.004076731392837818
2010-08-06,84.841064453125,2.8239998817443848,21.739999771118164,19.295016760853944,-0.004076731392837818,-0.0010621166467460474,0.023211895927132353,0.18108310808248454,0.14357921267170443,0.18461396572794708,0.23780762201773348,0.005338890503555405
2010-08-09,85.29402160644531,2.822000026702881,22.139999389648438,18.6096501629959,0.005338890503555405,-0.004076731392837818,0.019225373948412505,0.08436910227394331,0.1371837873331446,0.1848831191664492,0.23680024873117836,-0.005398912918445298
2010-08-10,84.83352661132812,2.7809998989105225,22.3700008392334,19.30822750164241,-0.005398912918445298,0.005338890503555405,0.002039544486494238,0.08681469833830069,0.14122755071106086,0.18035165024730127,0.23412447123600957,-0.027407120951858488
2010-08-11,82.50848388671875,2.684999942779541,25.389999389648438,19.4264717233401,-0.027407120951858488,-0.005398912918445298,0.0014259510115173235,0.19666458545856882,0.1987286926427957,0.20718850990709964,0.24074298927279267,-0.006129703754718663
2010-08-12,82.00273132324219,2.734999895095825,25.729999542236328,19.294241833736447,-0.006129703754718663,-0.027407120951858488,-0.032486884577121566,0.19101189090814036,0.19945723393674814,0.20828797355883844,0.23949008491908394,-0.0029459646592164823
2010-08-13,81.76115417480469,2.687999963760376,26.239999771118164,18.882516739957385,-0.0029459646592164823,-0.006129703754718663,-0.03739505461673709,0.19246471746394686,0.19944996863997425,0.18249001766476225,0.2392956335052462,-0.00046152706297275525
2010-08-16,81.72341918945312,2.575000047683716,26.100000381469727,18.812015155709098,-0.00046152706297275525,-0.0029459646592164823,-0.03630211735523392,0.17174092007503974,0.14765374912697102,0.18153824592053666,0.22623029466420588,0.012285033158283998
2010-08-17,82.7273941040039,2.6449999809265137,24.329999923706055,18.96457531867824,0.012285033158283998,-0.00046152706297275525,-0.041862282370355164,0.22824556696438106,0.16857440871193208,0.1825078698017433,0.22565411874271188,0.0018252838518357795
2010-08-18,82.8783950805664,2.6410000324249268,24.59000015258789,19.02457094258364,0.0018252838518357795,0.012285033158283998,-0.0248266527569182,0.11127339187195745,0.16298211418953018,0.1753341426513666,0.22401804613476897,-0.017396976554530763
2010-08-19,81.43656158447266,2.5789999961853027,26.440000534057617,19.398433773988256,-0.017396976554530763,0.0018252838518357795,0.004483311005393453,0.16964900896055116,0.17802945531438072,0.1687738390085345,0.22699381534928298,-0.003244222227489435
2010-08-20,81.17236328125,2.611999988555908,25.489999771118164,19.161256214132386,-0.003244222227489435,-0.017396976554530763,-0.006904279035996663,0.16984012053444023,0.178125623325495,0.1652819728230314,0.22673965546438718,-0.003812988372302817
2010-08-23,80.86285400390625,2.6070001125335693,25.65999984741211,18.9122642254411,-0.003812988372302817,-0.003244222227489435,-0.007201352518775073,0.17034116651118714,0.16991762483934886,0.15955820185623884,0.21599991143334263,-0.014843111369755357
2010-08-24,79.66259765625,2.499000072479248,27.459999084472656,19.452717953772996,-0.014843111369755357,-0.003812988372302817,-0.010530215133949472,0.1305522390919604,0.17660272089567453,0.1657148203101234,0.21660180836440257,0.003885347902837344
2010-08-25,79.97211456298828,2.5380001068115234,26.700000762939453,19.422175490854386,0.003885347902837344,-0.014843111369755357,-0.03704693567285444,0.1402742705854708,0.13683910502925317,0.16668432501708796,0.2140479576717462,-0.006702470543845873
2010-08-26,79.43610382080078,2.499000072479248,27.3700008392334,19.229116745533222,-0.006702470543845873,0.003885347902837344,-0.035066804982805455,0.10743489974777785,0.1372257349912899,0.167199129070598,0.20739754003306535,0.015490236172268634
2010-08-27,80.66658782958984,2.6519999504089355,24.450000762939453,19.423695815291488,0.015490236172268634,-0.006702470543845873,-0.024564614771914628,0.18232618085262067,0.16612568475152867,0.17868346348590183,0.20986176389794403,-0.014505069501172363
2010-08-30,79.49651336669922,2.5450000762939453,27.209999084472656,18.934932099194018,-0.014505069501172363,0.015490236172268634,-0.006230882423710171,0.20622658012956785,0.1786343813184091,0.15987038418249808,0.19927837648077448,0.0
2010-08-31,79.49651336669922,2.4769999980926514,26.049999237060547,19.42839447760688,0.0,-0.014505069501172363,-0.016897012281325452,0.17919434689905708,0.15938332260954155,0.16020733827449996,0.197603885407805,0.029911513376450705
2010-09-01,81.87437438964844,2.5820000171661377,23.889999389648438,19.363917551363414,0.029911513376450705,0.0,-0.0020848465206652067,0.28318251634788677,0.23309744533601803,0.19623306885122807,0.20574636705519572,0.009312172329561053
2010-09-02,82.63680267333984,2.628000020980835,23.190000534057617,18.86608554386619,0.009312172329561053,0.029911513376450705,0.023786539058709977,0.26425325875834965,0.21901721282286207,0.2002780309882307,0.20617622332921973,0.012971488096936268
2010-09-03,83.70872497558594,2.7060000896453857,21.309999465942383,19.173027064930373,0.012971488096936268,0.009312172329561053,0.040292747234425,0.2603568034565285,0.22414750697837482,0.20635576627912033,0.19913510304563886,-0.011272189699659263
2010-09-07,82.76514434814453,2.6089999675750732,23.799999237060547,18.771152394187762,-0.011272189699659263,0.012971488096936268,0.03771248081575829,0.24358433024457032,0.23358386752874397,0.20843781861570979,0.20034009617254617,0.007023197319590446
2010-09-08,83.34642028808594,2.6540000438690186,23.25,18.825641731679866,0.007023197319590446,-0.011272189699659263,0.04111665836673706,0.233616318448386,0.2132267805448457,0.20995275217196788,0.20079904135307391,0.004618934050456991
2010-09-09,83.73139190673828,2.760999917984009,22.809999465942383,18.80606491283918,0.004618934050456991,0.007023197319590446,0.04842862609115928,0.14850537039693826,0.21318863370816724,0.18547417270205668,0.19551283864334146,0.005049093649739378
2010-09-10,84.15415954589844,2.7950000762939453,21.989999771118164,18.66612576647757,0.005049093649739378,0.004618934050456991,0.02268130328852469,0.14283367826381962,0.20355757375687136,0.1841744280304445,0.19578531765558355,0.011122953288292381
2010-09-13,85.09020233154297,2.740999937057495,21.209999084472656,19.000118772437006,0.011122953288292381,0.005049093649739378,0.01836175678960683,0.1356801700386235,0.19889964333949614,0.18656755040285963,0.19706888661535493,-0.000621360657899861
2010-09-14,85.0373306274414,2.6659998893737793,21.559999465942383,19.16177774044996,-0.000621360657899861,0.011122953288292381,0.016503385475766574,0.06752243502097878,0.17007222679802522,0.186597094118568,0.19706871129746403,0.0038171496839274344
2010-09-15,85.36193084716797,2.7230000495910645,22.100000381469727,18.943089430285912,0.0038171496839274344,-0.000621360657899861,0.02745342012259555,0.06661228086195997,0.16684033164906417,0.18282241654309284,0.19709889946365633,-0.00026509222501303054
2010-09-16,85.33930206298828,2.759000062942505,21.719999313354492,19.113642412305985,-0.00026509222501303054,0.0038171496839274344,0.024182329032434113,0.0758236140947086,0.11132035780695235,0.18294355884804792,0.1939573490610223,0.0003736949842534365
2010-09-17,85.3711929321289,2.746000051498413,22.010000228881836,19.092792733020875,0.0003736949842534365,-0.00026509222501303054,0.019203193923265083,0.0782764060426288,0.10878645364932334,0.16889889325804083,0.1938050894722016,0.015289854405446723
2010-09-20,86.67650604248047,2.7060000896453857,21.5,19.18407761054355,0.015289854405446723,0.0003736949842534365,0.01446195164680697,0.10642939819482759,0.11501277115034274,0.173414402229599,0.19270771233627773,-0.002013667447622547
2010-09-21,86.50196838378906,2.5940001010894775,22.350000381469727,19.407948354934767,-0.002013667447622547,0.015289854405446723,0.018642612985648732,0.11039168439841643,0.08787479577742467,0.1725451741475408,0.19271380300228128,-0.004913130074424177
2010-09-22,86.07697296142578,2.5480000972747803,22.510000228881836,19.069470526352653,-0.004913130074424177,-0.002013667447622547,0.01722346815852438,0.12495301757695426,0.09790467031711902,0.16186552528888817,0.19291270640575223,-0.008111391659186618
2010-09-23,85.37876892089844,2.555000066757202,23.8700008392334,19.125530684311062,-0.008111391659186618,-0.004913130074424177,0.0083765925531607,0.1437124069629281,0.11265164139045637,0.16741456616137776,0.18216324809888393,0.020622091463622816
2010-09-24,87.13945770263672,2.611999988555908,21.709999084472656,19.16105401377309,0.020622091463622816,-0.008111391659186618,0.00046246989319209675,0.20482051690108408,0.14657640266289915,0.17367882479799573,0.1848831525597691,-0.0047902459413758924
2010-09-27,86.72203826904297,2.5169999599456787,22.540000915527344,18.673474751560185,-0.0047902459413758924,0.020622091463622816,0.020712663250630703,0.18479991695485326,0.14525754966084894,0.17186979411996223,0.18493365751232624,0.0035007998271461283
2010-09-28,87.025634765625,2.4560000896453857,22.600000381469727,19.15883714515278,0.0035007998271461283,-0.0047902459413758924,0.0005253122055957071,0.18486267386245941,0.14469613535924714,0.1579179786337079,0.18431752444556182,-0.0017443373253996919
2010-09-29,86.87383270263672,2.50600004196167,23.25,19.006609022011737,-0.0017443373253996919,0.0035007998271461283,0.006053808851060438,0.17948511293129374,0.14580737486962217,0.1587085582279903,0.18424081853566923,-0.0029702125992833173
2010-09-30,86.61579895019531,2.5169999599456787,23.700000762939453,19.475364485118458,-0.0029702125992833173,-0.0017443373253996919,0.0092575251405278,0.1645137994822325,0.14750000370591207,0.1290029005325873,0.17387132575539666,0.0042058834980225335
2010-10-01,86.98009490966797,2.5260000228881836,22.5,18.978229832019803,0.0042058834980225335,-0.0029702125992833173,0.014488731155668955,0.06355245049316462,0.1479168597250306,0.12686596802043726,0.17306791643493133,-0.007503516245338515
2010-10-04,86.32743835449219,2.4790000915527344,23.530000686645508,18.92842081830304,-0.007503516245338515,0.0042058834980225335,-0.0018288247043328765,0.07697179248112762,0.13375428520003674,0.1254643289473656,0.17349682029569924,0.020131222763190015
2010-10-05,88.06531524658203,2.4739999771118164,21.760000228881836,19.251997734900325,0.020131222763190015,-0.007503516245338515,-0.0045501688201399215,0.17055845459763608,0.16796444749357858,0.13216869176693058,0.1778587386261476,-8.568039721745802e-05
2010-10-06,88.05776977539062,2.3989999294281006,21.489999771118164,18.816947684994577,-8.568039721745802e-05,0.020131222763190015,0.011946830192702151,0.1683975656444818,0.16423448707889227,0.1318076688712063,0.1755538148233385,-0.0012067328902638508
2010-10-07,87.95150756835938,2.3959999084472656,21.559999465942383,18.92060719291511,-0.0012067328902638508,-8.568039721745802e-05,0.013628235752029427,0.16505218541853695,0.15536678070481733,0.13235400228465571,0.1756007643043724,0.005608961847608951
2010-10-08,88.44482421875,2.38100004196167,20.709999084472656,18.99594545203725,0.005608961847608951,-0.0012067328902638508,0.015421073688093534,0.1659382225011502,0.12254241645239132,0.13251215889258355,0.17583741079255763,0.0009440472575703573
2010-10-11,88.5283203125,2.38100004196167,18.959999084472656,18.451193469704947,0.0009440472575703573,0.005608961847608951,0.01683982192251232,0.13977963082805409,0.11756127707500318,0.12861852098488152,0.1653608231328706,0.003085943101717614
2010-10-12,88.801513671875,2.421999931335449,18.93000030517578,19.020670431514233,0.003085943101717614,0.0009440472575703573,0.02549458202350663,0.04304109132584778,0.1174400690609228,0.12828403120963733,0.16515056573008707,0.007777124440864203
2010-10-13,89.49213409423828,2.430999994277954,19.06999969482422,19.08515681330647,0.007777124440864203,0.003085943101717614,0.008359686480785555,0.05683097477497488,0.11855566178105362,0.12970881760979439,0.164474387780174,-0.0039009666994119785
2010-10-14,89.14302825927734,2.494999885559082,19.8799991607666,19.19892384777451,-0.0039009666994119785,0.007777124440864203,0.0162889012804468,0.07145481253491265,0.11995161118717222,0.13133039277752986,0.16208086781886802,0.002043279980452173
2010-10-15,89.3251724243164,2.5759999752044678,19.030000686645508,19.31146903951742,0.002043279980452173,-0.0039009666994119785,0.013547473191313664,0.06664091415030216,0.1197863821518833,0.13115352725315205,0.15627661447960028,0.004927900332327484
2010-10-18,89.7653579711914,2.490999937057495,19.09000015258789,18.76572188386181,0.004927900332327484,0.002043279980452173,0.009953643001076484,0.06867269746783132,0.10558085364185871,0.12240604534648332,0.15571304881259296,-0.013104674807544847
2010-10-19,88.5890121459961,2.4749999046325684,20.6299991607666,19.4524574788779,-0.013104674807544847,0.004927900332327484,0.01397335512889808,0.13159425775806363,0.09399283648093455,0.13285100857347354,0.15727486045110617,0.009766147278151394
2010-10-20,89.45418548583984,2.4700000286102295,19.790000915527344,19.114086895976307,0.009766147278151394,-0.013104674807544847,-0.0023929944107046186,0.139923785444065,0.10439020516424999,0.13406724359068692,0.15830561869811746,0.0022059816260024956
2010-10-21,89.65151977539062,2.5309998989105225,19.270000457763672,19.21631908199649,0.0022059816260024956,0.009766147278151394,-0.0004240440657999889,0.13600705309040836,0.10322565759419844,0.12868168094807103,0.1575435622727305,0.00186217045233672
2010-10-22,89.81846618652344,2.562999963760376,18.780000686645508,18.499606529639166,0.00186217045233672,0.0022059816260024956,0.005704220801589832,0.1359396619702523,0.10118553226351036,0.10937599984209448,0.15703842149303704,0.0029570142276791334
2010-10-25,90.08406066894531,2.553999900817871,19.850000381469727,18.833754836840175,0.0029570142276791334,0.00186217045233672,0.0055224495942058915,0.13316380865513644,0.10134648927179012,0.10685943372256662,0.15704254736988116,0.00016870635929810973
2010-10-26,90.09925842285156,2.635999917984009,20.219999313354492,18.88430721352107,0.00016870635929810973,0.0029570142276791334,0.003550397446821174,0.05884048931045731,0.10133746633497127,0.10686231311902555,0.15069918157542664,-0.002863967876682194
2010-10-27,89.84121704101562,2.7119998931884766,20.709999084472656,19.06266094319956,-0.002863967876682194,0.00016870635929810973,0.017047783243892223,0.03685410307380471,0.09677027877626981,0.10742150401144344,0.15043508939998318,0.00016950206136923107
2010-10-28,89.8564453125,2.6610000133514404,20.8799991607666,18.94289725057708,0.00016950206136923107,-0.002863967876682194,0.004326589673515624,0.03497723377670272,0.09380951615899678,0.1061811021024711,0.149980018966631,0.0007595733755012546
2010-10-29,89.92469787597656,2.611999988555908,21.200000762939453,18.7874431449856,0.0007595733755012546,0.00016950206136923107,0.0022858010396564765,0.03301055655565129,0.09355920818842497,0.1058752486729376,0.14992387158973478,0.0003376713066776116
2010-11-01,89.95506286621094,2.628000020980835,21.829999923706055,18.974995655606822,0.0003376713066776116,0.0007595733755012546,0.0011827377371655956,0.023198445927983903,0.09051852123021832,0.10036254773462351,0.14956472978281618,0.007930646388348617
2010-11-02,90.66846466064453,2.5940001010894775,21.56999969482422,18.88029244491764,0.007930646388348617,0.0003376713066776116,-0.0014319714472955658,0.06339611153536766,0.06034233664871199,0.0781402522608879,0.14997816339326328,0.0040175538789357645
2010-11-03,91.03273010253906,2.61899995803833,19.559999465942383,19.23915047093738,0.0040175538789357645,0.007930646388348617,0.006317546312330169,0.053143238062412015,0.04560592412522808,0.07841433392440482,0.14948609574717653,0.019258216795026373
2010-11-04,92.78585815429688,2.4839999675750732,18.520000457763672,19.186331829766907,0.019258216795026373,0.0040175538789357645,0.01326243233080282,0.12344929889638352,0.09919006748119098,0.09930696230372024,0.1417062178039088,0.0037623252413245822
2010-11-05,93.13494873046875,2.5360000133514404,18.260000228881836,19.012094716656467,0.0037623252413245822,0.019258216795026373,0.03260103191940278,0.11634924606573945,0.09879101372670496,0.09880397378654489,0.14072979578871744,-0.001874275438537909
2010-11-08,92.96038818359375,2.562999963760376,18.290000915527344,18.866052874521486,-0.001874275438537909,0.0037623252413245822,0.035699323215071965,0.12513051439313924,0.10264151633847983,0.09993244895277834,0.14058070290345934,-0.007184371230868347
2010-11-09,92.29252624511719,2.6589999198913574,19.079999923706055,19.0445936006638,-0.007184371230868347,-0.001874275438537909,0.03340918478210164,0.15707958366548289,0.11459596807627191,0.10557545185001956,0.14179023485067563,0.004029357443841697
2010-11-10,92.6644058227539,2.6480000019073486,18.469999313354492,19.215424670567206,0.004029357443841697,-0.007184371230868347,0.01791208873505501,0.15708160218797118,0.11084033764212269,0.10365292824574801,0.14025048910318652,-0.0037670094022506095
2010-11-11,92.31533813476562,2.6480000019073486,18.639999389648438,18.87821698352104,-0.0037670094022506095,0.004029357443841697,0.017924055648742332,0.07721650649542515,0.11544107098056369,0.10355688267005617,0.14073584350739793,-0.011838555445986776
2010-11-12,91.22245788574219,2.75600004196167,20.610000610351562,19.292261938761968,-0.011838555445986776,-0.0037670094022506095,-0.005071031608597121,0.09409785572774305,0.13679982735903895,0.11424323452907259,0.13792409298784705,-0.0014141850057415306
2010-11-15,91.09345245361328,2.9110000133514404,20.200000762939453,18.9150159511111,-0.0014141850057415306,-0.011838555445986776,-0.020534620685316307,0.09484549108194551,0.13748577558545952,0.11362350187470943,0.13768163955986978,-0.01557965664586869
2010-11-16,89.67424774169922,2.8469998836517334,22.579999923706055,19.51784598949172,-0.01557965664586869,-0.0014141850057415306,-0.02008313182054844,0.12601338831762676,0.15521248679779648,0.11788831512768608,0.14183816131319804,0.000508091735231142
2010-11-17,89.71981048583984,2.864000082015991,21.760000228881836,18.964799360059363,0.000508091735231142,-0.01557965664586869,-0.028369344842334887,0.11036923148911482,0.1529822902278994,0.11285038537012317,0.13758633876409646,0.014718418878624684
2010-11-18,91.04034423828125,2.9019999504089355,18.75,19.102381164617487,0.014718418878624684,0.000508091735231142,-0.03177698395375683,0.1886234578396741,0.13663269040407905,0.12402780413565928,0.13998390179303757,0.0027507282423966384
2010-11-19,91.290771484375,2.875,18.040000915527344,18.870818987807674,0.0027507282423966384,0.014718418878624684,-0.013811289892293854,0.17189034178311394,0.1355564555082391,0.12416895859908116,0.13875105812313038,-0.0008312117070978786
2010-11-22,91.21488952636719,2.812999963760376,18.3700008392334,19.016000083557227,-0.0008312117070978786,0.0027507282423966384,0.0007488682087297693,0.17159572539498485,0.1356771080500411,0.12404130255623927,0.13616089816049404,-0.014477424107862014
2010-11-23,89.89433288574219,2.76200008392334,20.6299991607666,19.219578868443097,-0.014477424107862014,-0.0008312117070978786,0.001333104295456744,0.16522437438017026,0.148063566302826,0.13519306325636213,0.13614652116679804,0.01477429062951141
2010-11-24,91.22245788574219,2.9140000343322754,19.559999465942383,18.75748221922573,0.01477429062951141,-0.014477424107862014,0.002454273658106576,0.193676679687121,0.16975073524558676,0.14454861634391508,0.13852539530627891,-0.011647351152616392
2010-11-26,90.15995788574219,2.864000082015991,22.219999313354492,18.146346537719836,-0.011647351152616392,0.01477429062951141,0.0167482230709739,0.18682162090202215,0.1771263648462438,0.1511692913051296,0.1290448937315573,0.0030306040746874707
2010-11-29,90.43319702148438,2.822000026702881,21.530000686645508,19.22555846292688,0.0030306040746874707,-0.011647351152616392,-0.009670288045427577,0.18726928191977907,0.17031100071831048,0.15149306482582253,0.12808841658501743,-0.005622925676143087
2010-11-30,89.92469787597656,2.796999931335449,23.540000915527344,19.27053547988838,-0.005622925676143087,0.0030306040746874707,-0.009393879019166884,0.18874278269933667,0.17202622376569648,0.15295697948694875,0.1266583183853881,0.021267947272370913
2010-12-01,91.83721160888672,2.9639999866485596,21.360000610351562,19.21384157563281,0.021267947272370913,-0.005622925676143087,-0.014144529002775075,0.21765992663696893,0.18497017313917782,0.1686218841590734,0.13044344247294104,0.012808783241605948
2010-12-02,93.01353454589844,3.0,19.389999389648438,19.068901690988845,0.012808783241605948,0.021267947272370913,0.021612916640851854,0.21211208583677216,0.19154953948438955,0.17373019996162106,0.1319689348166365,0.0026922102092692413
2010-12-03,93.26394653320312,3.0169999599456787,18.010000228881836,18.83470181850004,0.0026922102092692413,0.012808783241605948,0.0196341635784425,0.16474957458647616,0.1813835185938368,0.16023556152101343,0.13185619744850968,-0.0010576481648180147
2010-12-06,93.1653060913086,2.940999984741211,18.020000457763672,18.450729727006536,-0.0010576481648180147,0.0026922102092692413,0.03442757428297116,0.17304532520805924,0.18222672080874094,0.15976907385018796,0.13181381639893364,0.000570288509153416
2010-12-07,93.21843719482422,3.1649999618530273,17.989999771118164,19.146203150111425,0.000570288509153416,-0.0010576481648180147,0.03021135113884288,0.1509772794627455,0.18173198597803783,0.15961123501315863,0.130368397166546,0.003663676704674934
2010-12-08,93.5599594116211,3.2360000610351562,17.739999771118164,18.742903371123887,0.003663676704674934,0.000570288509153416,0.03662774962436188,0.08563811993374575,0.1560217430916711,0.15759910535416696,0.1303586687640374,0.003893390336906055
2010-12-09,93.92422485351562,3.2230000495910645,17.25,18.63341107337588,0.003893390336906055,0.003663676704674934,0.01875871199216239,0.033874366729985506,0.14418893918161316,0.157562074249349,0.13036423540939573,0.005817639029550792
2010-12-10,94.47064208984375,3.2960000038146973,17.610000610351562,18.582558926715787,0.005817639029550792,0.003893390336906055,0.009790943996089041,0.043944761259243605,0.11912445984944782,0.15761335925271416,0.1305829044951727,0.0006429257652924569
2010-12-13,94.53137969970703,3.2829999923706055,17.549999237060547,18.71195162641487,0.0006429257652924569,0.005817639029550792,0.012938499832955586,0.03602764738130141,0.12065808102433612,0.14995845298028193,0.130572136370085,0.0008828597132768401
2010-12-14,94.61483764648438,3.4549999237060547,17.610000610351562,18.80763967081488,0.0008828597132768401,0.0006429257652924569,0.014662900447722338,0.03479180466813751,0.10931028174992667,0.14952131557646178,0.12748504484341502,-0.004572161302360822
2010-12-15,94.18224334716797,3.5199999809265137,17.940000534057617,18.895815567325933,-0.004572161302360822,0.0008828597132768401,0.014979874085871092,0.0626074493219585,0.0735230728337731,0.1369952014347473,0.1278928211381422,0.005802025248984322
2010-12-16,94.72869110107422,3.4769999980926514,17.389999389648438,19.036056640618153,0.005802025248984322,-0.004572161302360822,0.006651177912648576,0.0686953713085567,0.05110089213289038,0.1372676244597184,0.12750023544017397,0.0010710938438158735
2010-12-17,94.83015441894531,3.3299999237060547,16.110000610351562,18.764804355434073,0.0010710938438158735,0.005802025248984322,0.008565056020565898,0.05831553994780547,0.050986010179764125,0.12983973152786918,0.1258824752876173,0.0024134367232742093
2010-12-20,95.05902099609375,3.3489999771118164,16.40999984741211,18.59535228887959,0.0024134367232742093,0.0010710938438158735,0.003805545523440479,0.059425423022258804,0.048710548088423296,0.12982189919320417,0.11961801979999727,0.006340263906251753
2010-12-21,95.6617202758789,3.3259999752044678,16.489999771118164,18.36902423624242,0.006340263906251753,0.0024134367232742093,0.005581652336640541,0.06978373291008268,0.05238073766160213,0.13020168415522643,0.11930106847135569,0.0031102422899320636
2010-12-22,95.9592514038086,3.3459999561309814,15.449999809265137,18.183414193425246,0.0031102422899320636,0.006340263906251753,0.011064677120792288,0.0357550787723015,0.052137849591388605,0.11388241363812848,0.11927807070497715,-0.001430959920639685
2010-12-23,95.82193756103516,3.3929998874664307,16.469999313354492,18.06477266304186,-0.001430959920639685,0.0031102422899320636,0.018867760986434945,0.045195926760213855,0.05503873308681939,0.10650419814583041,0.11924161789127659,0.0003980230856575062
2010-12-27,95.86007690429688,3.3510000705718994,17.670000076293945,17.878123643228882,0.0003980230856575062,-0.001430959920639685,0.011540816697176437,0.04658103806439134,0.05111890887970222,0.09303821226612968,0.11888189472958297,0.001432599534628043
2010-12-28,95.99740600585938,3.4809999465942383,17.520000457763672,17.828448027996785,0.001432599534628043,0.0003980230856575062,0.010860706614496562,0.04677312565104873,0.050916297624760534,0.09322358262268782,0.11876991767833388,0.0007156724396251146
2010-12-29,96.06610870361328,3.3410000801086426,17.280000686645508,17.876524112616,0.0007156724396251146,0.001432599534628043,0.00987160397753506,0.026172609901911618,0.0509840230972935,0.08801125600763607,0.1172422319239457,-0.0015889193228140197
2010-12-30,95.91346740722656,3.36899995803833,17.520000457763672,18.154328250060146,-0.0015889193228140197,0.0007156724396251146,0.0042272753047736256,0.021372307725387535,0.04247984848927542,0.05872457590289913,0.11103048858341759,0.0002389518572460947
2010-12-31,95.93638610839844,3.305000066757202,17.75,18.328772681378716,0.0002389518572460947,-0.0015889193228140197,-0.00047711915122561344,0.017780996341101626,0.03668610819346135,0.04353740549324223,0.11101333003817315,0.01033816334453963
2011-01-03,96.92819213867188,3.3420000076293945,17.610000610351562,18.748005563084902,0.01033816334453963,0.0002389518572460947,0.0011943877391373814,0.07412720780625964,0.05836750952267548,0.053510840022515146,0.11234512911516906,-0.0005513763076788747
2011-01-04,96.87474822998047,3.3459999561309814,17.3799991607666,18.738477539335864,-0.0005513763076788747,0.01033816334453963,0.011142440824884359,0.07675860722620799,0.05993580124915518,0.053164481101012,0.11212605135083062,0.005197688659567712
2011-01-05,97.3782730102539,3.4830000400543213,17.020000457763672,18.713166020030478,0.005197688659567712,-0.0005513763076788747,0.009139228450272263,0.07921339827949184,0.057802323070172065,0.05409024180228627,0.112367618054918,-0.0019583086700306618
2011-01-06,97.18757629394531,3.4189999103546143,17.399999618530273,18.623776686124792,-0.0019583086700306618,0.005197688659567712,0.013658972184341867,0.08051404210116606,0.06010518141235517,0.05571662497082427,0.1125607232709431,-0.0019625436764094673
2011-01-07,96.99684143066406,3.328000068664551,17.139999389648438,18.865588341901596,-0.0019625436764094673,-0.0019583086700306618,0.013283941464749427,0.08600240912247291,0.060831163126901684,0.05681791957457455,0.11202033524946207,-0.0012587337781598817
2011-01-10,96.87474822998047,3.303999900817871,17.540000915527344,18.62281882500476,-0.0012587337781598817,-0.0019625436764094673,0.011053734305432439,0.04797547605989935,0.06201949986866182,0.0554138437736835,0.11161972962791947,0.0035440647802842395
2011-01-11,97.21807861328125,3.3410000801086426,16.889999389648438,18.518596625964122,0.0035440647802842395,-0.0012587337781598817,-0.0005513763076788747,0.05401388291361813,0.06326757720100608,0.055937652309790066,0.11169835970704262,0.009024633025305429
2011-01-12,98.0954360961914,3.3550000190734863,16.239999771118164,18.496986023827773,0.009024633025305429,0.0035440647802842395,0.0035440647802842395,0.07627844054911054,0.07405371720402176,0.06205495959163159,0.11255752817578264,-0.0016331241568680044
2011-01-13,97.93523406982422,3.3010001182556152,16.389999389648438,18.675698093505833,-0.0016331241568680044,0.009024633025305429,0.007364713542023615,0.07538528098262885,0.07411571987773398,0.058836096473605305,0.10858295783752134,0.007244771908252456
2011-01-14,98.6447525024414,3.3329999446868896,15.460000038146973,18.583461797592605,0.007244771908252456,-0.0016331241568680044,0.007692935706284043,0.07673909860250533,0.07746395465223316,0.06028987060928928,0.10790338285356386,0.0017011399842143948
2011-01-18,98.81256103515625,3.364000082015991,15.869999885559082,18.555223009222928,0.0017011399842143948,0.007244771908252456,0.016989327152011624,0.06781471718092365,0.06506777757221908,0.060197779005597536,0.10789731154505224,-0.009805305306851086
2011-01-19,97.84367370605469,3.3369998931884766,17.309999465942383,18.839117363722416,-0.009805305306851086,0.0017011399842143948,0.020003280943506674,0.11961365272483318,0.08763686488344959,0.07343189080433851,0.11041732251697037,-0.0013258148462880204
2011-01-20,97.71395111083984,3.4590001106262207,17.989999771118164,18.98454862747394,-0.0013258148462880204,-0.009805305306851086,0.006434966640947115,0.0981891748389216,0.08498584825578337,0.07168867212082931,0.11051664569380908,0.002264599440190196
2011-01-21,97.93523406982422,3.4159998893737793,18.469999313354492,18.835851275038422,0.002264599440190196,-0.0013258148462880204,-0.0038889167583442408,0.09989895545121959,0.0844063717156317,0.07143209679232222,0.11050202254640593,0.0056865671327854805
2011-01-24,98.49214935302734,3.4079999923706055,17.649999618530273,18.549210281882164,0.0056865671327854805,0.002264599440190196,0.0,0.09318206066817182,0.08616473190533673,0.07263853095027485,0.11047736706874958,0.0005420787674996763
2011-01-25,98.54553985595703,3.319000005722046,17.59000015258789,18.936805508438514,0.0005420787674996763,0.0056865671327854805,-0.0015469971340876798,0.09197267992519549,0.08499065501742552,0.07261436240322727,0.11046001634316949,0.003870999409208098
2011-01-26,98.92700958251953,3.427999973297119,16.639999389648438,18.766264919055672,0.003870999409208098,0.0005420787674996763,-0.0027022999546000293,0.043569914346588696,0.08520223428165583,0.07314620067498528,0.11054732736859456,0.0024679635564124336
2011-01-27,99.17115783691406,3.384999990463257,16.149999618530273,18.63015287381516,0.0024679635564124336,0.003870999409208098,0.011072109574702171,0.030572243242917903,0.07532797895113671,0.07315692351001611,0.11052838283662106,-0.0174633932584235
2011-01-28,97.43929290771484,3.3289999961853027,20.040000915527344,19.504643926492786,-0.0174633932584235,0.0024679635564124336,0.01491298539776853,0.1493138056102496,0.12005619756224757,0.09935158555528535,0.11645878297485913,0.007516699404763516
2011-01-31,98.17171478271484,3.378000020980835,19.530000686645508,18.82112795678882,0.007516699404763516,-0.0174633932584235,-0.005063970764145886,0.15492099677380525,0.12055293982815773,0.10211865293075141,0.11703619530942665,0.016008936579521738
2011-02-01,99.74333953857422,3.443000078201294,17.6299991607666,18.93466717310574,0.016008936579521738,0.007516699404763516,-0.0032534021484693643,0.1957260553465288,0.14635202375903086,0.11050890321217419,0.11507806665117601,-0.0019119506784648355
2011-02-02,99.5526351928711,3.489000082015991,17.299999237060547,18.588933810318846,-0.0019119506784648355,0.016008936579521738,0.012154783304936911,0.19743559187307802,0.134993398030711,0.11094131487304637,0.1151326370591185,0.0022221604018772823
2011-02-03,99.77385711669922,3.5409998893737793,16.690000534057617,18.798340857864854,0.0022221604018772823,-0.0019119506784648355,0.0063241132324909355,0.1973535338905143,0.13388876718574613,0.11008541779813369,0.1149809823954288,0.0028289683112880937
2011-02-04,100.05611419677734,3.6519999504089355,15.930000305175781,18.718076493019286,0.0028289683112880937,0.0022221604018772823,0.006077364557710352,0.10859282341443185,0.13393574493782717,0.10955168994633928,0.11368425664320062,0.006252289917576315
2011-02-07,100.68169403076172,3.6440000534057617,16.280000686645508,18.53792230859533,0.006252289917576315,0.0028289683112880937,0.026855914189986008,0.10735489770138432,0.13438019448030267,0.11000958500173652,0.11399701981755966,0.004546566750660785
2011-02-08,101.13945007324219,3.7249999046325684,15.8100004196167,18.411365501487868,0.004546566750660785,0.006252289917576315,0.025567234448356624,0.048608957579397566,0.13447246576811636,0.10973621564222877,0.11365736757765255,-0.0022631831057100538
2011-02-09,100.91055297851562,3.6419999599456787,15.869999885559082,18.802103817964735,-0.0022631831057100538,0.004546566750660785,0.01399703018894849,0.05076444207572475,0.13640425794373426,0.1107099893449424,0.11049038925843135,0.00037848121822858793
2011-02-10,100.94874572753906,3.7079999446868896,16.09000015258789,18.907470820363336,0.00037848121822858793,-0.0022631831057100538,0.013640199307770606,0.05351058428774483,0.13661546653900025,0.10752680966380761,0.11033503568367375,0.0059701226326098755
2011-02-11,101.55142211914062,3.6459999084472656,15.6899995803833,18.74066276845359,0.0059701226326098755,0.00037848121822858793,0.011775515598897224,0.05958846311589577,0.08489865017313376,0.1080152024547691,0.10457750300979785,0.0024040332524251085
2011-02-14,101.7955551147461,3.614000082015991,15.949999809265137,18.43744642124341,0.0024040332524251085,0.0059701226326098755,0.01494469312912261,0.05204775474969808,0.08309019629373704,0.10615127967858357,0.10452667683899372,-0.0031479746708030776
2011-02-15,101.47510528564453,3.615999937057495,16.3700008392334,18.59945770106881,-0.0031479746708030776,0.0024040332524251085,0.011063193708719776,0.0585227213933844,0.0537283193981595,0.10747402045655315,0.1017100998538609,0.006316056973605155
2011-02-16,102.11602783203125,3.621000051498413,16.719999313354492,18.684455559278923,0.006316056973605155,-0.0031479746708030776,0.0033187367754052843,0.06297329341431748,0.05399651019634697,0.10026968229105192,0.10210957724411401,0.0029877727696825396
2011-02-17,102.42112731933594,3.5739998817443848,16.59000015258789,18.514266719989497,0.0029877727696825396,0.006316056973605155,0.011945974112066216,0.06041006518445205,0.05400283570104333,0.09944748968591807,0.10197477911313159,0.0020857322357812347
2011-02-18,102.63475036621094,3.5889999866485596,16.43000030517578,18.683063477480072,0.0020857322357812347,0.0029877727696825396,0.01458543720563732,0.053945839198259946,0.054053987984777487,0.09945212351180942,0.09605365109649695,-0.020069515486366818
2011-02-22,100.57492065429688,3.4609999656677246,20.799999237060547,19.26704846189117,-0.020069515486366818,0.0020857322357812347,0.010667780169531627,0.16609258318894957,0.12218220269752893,0.12641155845374755,0.10291512299814559,-0.006144559522447746
2011-02-23,99.9569320678711,3.486999988555908,22.1299991607666,19.243029963369587,-0.006144559522447746,-0.020069515486366818,-0.011991038892349426,0.16832920252837552,0.12263523147283907,0.12898894365081884,0.10046738514878951,-0.0006868650324332037
2011-02-24,99.88827514648438,3.437999963760376,21.31999969482422,19.377850048586197,-0.0006868650324332037,-0.006144559522447746,-0.014961041070121528,0.15039002385777547,0.12248919028449937,0.12853673816101,0.1005523065605822,0.010692870055319936
2011-02-25,100.95636749267578,3.424999952316284,19.219999313354492,18.7691302586095,0.010692870055319936,-0.0006868650324332037,-0.021815896415509517,0.18096460488174923,0.13592415179116304,0.13341731643787708,0.10105045205497148,0.006196536677389508
2011-02-28,101.58194732666016,3.4140000343322754,18.350000381469727,18.768414339913466,0.006196536677389508,0.010692870055319936,-0.014301344507693492,0.1901135900463279,0.1362051624486837,0.11537798683025821,0.09315665081138916,-0.016672964288914294
2011-03-01,99.88827514648438,3.4140000343322754,21.010000228881836,19.370659608596675,-0.016672964288914294,0.006196536677389508,-0.010257763922981944,0.1702717785641331,0.15881565280813406,0.1312060399016439,0.09762584570423266,0.0021384670800721484
2011-03-02,100.10188293457031,3.4639999866485596,20.700000762939453,19.115213968509384,0.0021384670800721484,-0.016672964288914294,-0.0068272040718051485,0.1655846291436279,0.15981463969943396,0.11865896735647154,0.0975964757283983,0.017224348910876763
2011-03-03,101.8260726928711,3.572000026702881,18.600000381469727,18.988718685772113,0.017224348910876763,0.0021384670800721484,0.0014501332093785901,0.20318502528426957,0.18221202989915483,0.1327360648446624,0.1028420228510974,-0.007492274968199597
2011-03-04,101.06316375732422,3.492000102996826,19.059999465942383,19.44025812611137,-0.007492274968199597,0.017224348910876763,0.019399649694070487,0.20596853031970744,0.18461733795902135,0.1361432575010447,0.10446895345441164,-0.007850873785938739
2011-03-07,100.26972961425781,3.496999979019165,20.65999984741211,19.194441550719304,-0.007850873785938739,-0.007492274968199597,0.0010578457535745933,0.2046808642016148,0.1862869953824377,0.13914939445481517,0.10604198899577108,0.008749821381749623
2011-03-08,101.1470718383789,3.5439999103546143,19.81999969482422,18.978094114059473,0.008749821381749623,-0.007850873785938739,-0.012917823953331076,0.17078363485106612,0.164014636274784,0.14087538496923124,0.1070357419306826,-0.0014329948921931734
2011-03-09,101.00212860107422,3.4690001010894775,20.219999313354492,18.85120263248009,-0.0014329948921931734,0.008749821381749623,0.012602046536978717,0.1731960295103123,0.1602391934628568,0.14006342011251904,0.10674753092765768,-0.018505877267081527
2011-03-10,99.13299560546875,3.3929998874664307,21.8799991607666,19.523589791649293,-0.018505877267081527,-0.0014329948921931734,0.008993294033163624,0.1583594993965722,0.18827564290495274,0.15460847108757517,0.11408731191687069,0.006926277325074892
2011-03-11,99.81961822509766,3.3929998874664307,20.079999923706055,19.234370708557552,0.006926277325074892,-0.018505877267081527,-0.026447814554581006,0.17772037784333264,0.18276525763791537,0.15702274317920278,0.11477221350249828,-0.00603780760843553
2011-03-14,99.21692657470703,3.3469998836517334,21.1299991607666,19.274985857524392,-0.00603780760843553,0.006926277325074892,-0.012304636882460973,0.1746716013963581,0.17943032906229825,0.15622762475118435,0.11511050818459785,-0.01145713415470162
2011-03-15,98.08018493652344,3.322999954223633,24.31999969482422,19.700462261851083,-0.01145713415470162,-0.00603780760843553,-0.01049970956938806,0.15351424165349056,0.16935557342936314,0.1597925886768956,0.11737950125463253,-0.01851283716329566
2011-03-16,96.26444244384766,3.2119998931884766,29.399999618530273,19.965410096259752,-0.01851283716329566,-0.01145713415470162,-0.030321064625143057,0.16799536288934094,0.18682633046779248,0.1704522732158109,0.12373790812248492,0.013235191902594812
2011-03-17,97.53852081298828,3.247999906539917,26.3700008392334,19.354039783963206,0.013235191902594812,-0.01851283716329566,-0.046906795162098947,0.20749030839653348,0.17492772482015764,0.17688830613190215,0.12649164490677375,0.003637197311852969
2011-03-18,97.8932876586914,3.2769999504089355,24.440000534057617,19.255481125156642,0.003637197311852969,0.013235191902594812,-0.01608419863378474,0.1985286454780315,0.17802468797647295,0.17715726247945887,0.12607560527977815,0.015497461669016
2011-03-21,99.41038513183594,3.322999954223633,20.610000610351562,18.852415113769137,0.015497461669016,0.003637197311852969,-0.019298115948132466,0.2383040712120099,0.1981191553937537,0.18755110758311835,0.12970992541984644,-0.003468325740806688
2011-03-22,99.06559753417969,3.3320000171661377,20.209999084472656,18.679489471907754,-0.003468325740806688,0.015497461669016,0.0019498543626348397,0.21906537339369322,0.1910125274236327,0.17459380267145952,0.1299146933553057,0.0028620550021618563
2011-03-23,99.34912872314453,3.3480000495910645,19.170000076293945,18.816789558132484,0.0028620550021618563,-0.003468325740806688,0.01004700998773611,0.1247453697639566,0.19258737678340807,0.17379268815883267,0.12999741709364723,0.009563128667430698
2011-03-24,100.2992172241211,3.4040000438690186,18.0,18.88523078563572,0.009563128667430698,0.0028620550021618563,0.03204388038809047,0.1142655661283361,0.17419172464802146,0.1772239498999388,0.13127367848364876,0.003055813145769859
2011-03-25,100.605712890625,3.444000005722046,17.90999984741211,18.863074202577646,0.003055813145769859,0.009563128667430698,0.028303652629979137,0.11497295303390695,0.1717103155189451,0.17329348371233427,0.1313575309277773,-0.0024375517192007923
2011-03-28,100.36048126220703,3.447999954223633,19.440000534057617,18.513828596702595,-0.0024375517192007923,0.003055813145769859,0.027707979748218925,0.08272170194420261,0.16859690249537804,0.1718251497960998,0.13143504038716497,0.006718867510148163
2011-03-29,101.0347900390625,3.490999937057495,18.15999984741211,18.681496124903465,0.006718867510148163,-0.0024375517192007923,0.009557312640033455,0.0718564038527773,0.15449779441539263,0.16252194294433428,0.13198883452462498,0.006901167363597249
2011-03-30,101.73204803466797,3.4549999237060547,17.709999084472656,18.72695147920233,0.006901167363597249,0.006718867510148163,0.019877662416596165,0.07369295006899536,0.09750544698703743,0.16398459771018792,0.13112393606486075,-0.0013556845419488983
2011-03-31,101.59413146972656,3.4539999961853027,17.739999771118164,18.702373171742924,-0.0013556845419488983,0.006901167363597249,0.023985306586471467,0.06951080999476693,0.09272571337716236,0.1522325862085069,0.1311707457534917,0.004223744617999792
2011-04-01,102.02323913574219,3.4509999752044678,17.399999618530273,18.851489316215698,0.004223744617999792,-0.0013556845419488983,0.012910511980486872,0.07050555763228251,0.09269094418305766,0.15032515811707511,0.13104725615843577,0.0008263294743870997
2011-04-04,102.1075439453125,3.430999994277954,17.5,18.428340344173495,0.0008263294743870997,0.004223744617999792,0.0140899180015579,0.05787785077597097,0.06854058228059144,0.14703949542375003,0.1309201567026652,-0.0001503350409162163
2011-04-05,102.09219360351562,3.486999988555908,17.25,18.609576485029628,-0.0001503350409162163,0.0008263294743870997,0.017407874704596038,0.05394349496130817,0.061896454594556755,0.144142691628207,0.13080609084252506,0.0031524288738091766
2011-04-06,102.41403198242188,3.5450000762939453,16.899999618530273,18.606426440017863,0.0031524288738091766,-0.0001503350409162163,0.0104657372380772,0.03667711349092689,0.06189277255065758,0.1442441905783484,0.13080939509272113,-0.0025438011766132362
2011-04-07,102.15351104736328,3.555000066757202,17.110000610351562,18.955602710868114,-0.0025438011766132362,0.0031524288738091766,0.00670372769376959,0.04265914102942859,0.05575400654507798,0.12597771398480656,0.13089083068097299,-0.0034504739360384784
2011-04-08,101.80103302001953,3.569999933242798,17.8700008392334,18.812353851501395,-0.0034504739360384784,-0.0025438011766132362,0.005506022538352973,0.042061260945114344,0.06108974664830187,0.12546812031786653,0.13006107333784112,-0.0030106574365419414
2011-04-11,101.49454498291016,3.569999933242798,16.59000015258789,18.614481174004215,-0.0030106574365419414,-0.0034504739360384784,-0.002177995107830344,0.043614720624934274,0.06210158865715506,0.12365896461817806,0.13019498553123038,-0.0074739009943025625
2011-04-12,100.7359848022461,3.5,17.09000015258789,18.898078227414103,-0.0074739009943025625,-0.0030106574365419414,-0.006003463982354296,0.06030179192997597,0.06701998109385839,0.11898681790251388,0.13049412912906527,-7.611521859796078e-05
2011-04-13,100.72831726074219,3.4660000801086426,16.920000076293945,18.903471030594293,-7.611521859796078e-05,-0.0074739009943025625,-0.013284157714707256,0.042367747698645285,0.05393906030164845,0.09338136688743139,0.1304682806102105,0.0007603769603432564
2011-04-14,100.8049087524414,3.484999895095825,16.270000457763672,18.89828293710109,0.0007603769603432564,-7.611521859796078e-05,-0.01645980232444144,0.05162047687656496,0.05457504080271581,0.08400877894071705,0.12873985441320535,0.0036487618996297044
2011-04-15,101.17272186279297,3.4100000858306885,15.319999694824219,18.95134841188474,0.0036487618996297044,0.0007603769603432564,-0.013201722398915816,0.06699926656981466,0.05315859335543481,0.0840123959565105,0.12883727937948874,-0.0112087321904204
2011-04-18,100.03870391845703,3.371000051498413,16.959999084472656,19.16622728673125,-0.0112087321904204,0.0036487618996297044,-0.006171952666757297,0.09856588056518178,0.07320105870876066,0.07901585815787444,0.13103936203199967,0.005744541773954781
2011-04-19,100.6133804321289,3.3559999465942383,15.829999923706055,18.63787705343046,0.005744541773954781,-0.0112087321904204,-0.014344032624593384,0.10417988516935577,0.08280288426509609,0.07990917273772892,0.1310494283252904,0.013631899731239905
2011-04-20,101.98493194580078,3.4000000953674316,15.069999694824219,18.8662238963184,0.013631899731239905,0.005744541773954781,-0.0012170861322086113,0.1434690962041635,0.11100545661291167,0.09186736424406948,0.1338309884725141,0.00510878393496883
2011-04-21,102.50595092773438,3.4000000953674316,14.6899995803833,18.727690338208525,0.00510878393496883,0.013631899731239905,0.012475287180721661,0.1434392483355025,0.11348269480359717,0.087842661033138,0.13398388306507217,-0.0010463200170293119
2011-04-25,102.39869689941406,3.36299991607666,15.770000457763672,18.001478223190567,-0.0010463200170293119,0.00510878393496883,0.01687459664757407,0.14673042980183085,0.11184793257224726,0.08784016694861532,0.13397127843945728,0.008605083059384455
2011-04-26,103.27984619140625,3.319999933242798,15.619999885559082,18.80321835423811,0.008605083059384455,-0.0010463200170293119,0.012117644104541636,0.08500903614716959,0.11643152388385024,0.09096832538156095,0.1295642642633162,0.006528505079671509
2011-04-27,103.95410919189453,3.368000030517578,15.350000381469727,18.77857195493837,0.006528505079671509,0.008605083059384455,0.03239888309219929,0.08480505411479246,0.10606212560775745,0.09082449327577306,0.129367765294271,0.0032433369469082596
2011-04-28,104.29126739501953,3.312000036239624,14.619999885559082,18.64215170526746,0.0032433369469082596,0.006528505079671509,0.0332036230709809,0.05815212217182093,0.10451549605860869,0.08881361642776522,0.12562777108860315,0.002350972024552256
2011-04-29,104.53645324707031,3.2960000038146973,14.75,18.561260621292718,0.002350972024552256,0.0032433369469082596,0.02261447260115279,0.05957543719113624,0.10364879532284703,0.08834023355708939,0.12554218909929374,-0.0015392136012475355
2011-05-02,104.37554931640625,3.2860000133514404,15.989999771118164,18.654001934936602,-0.0015392136012475355,0.002350972024552256,0.019808628679201412,0.062216731168570065,0.10688683968119654,0.08830291845211487,0.12560264062115373,-0.003597108103730262
2011-05-03,104.0000991821289,3.255000114440918,16.700000762939453,18.745477956219815,-0.003597108103730262,-0.0015392136012475355,0.019305445057899995,0.06360402080857781,0.08226688222343238,0.08990284250737118,0.12584565419958899,-0.006630744479276363
2011-05-04,103.31050109863281,3.2230000495910645,17.079999923706055,19.023238340641974,-0.006630744479276363,-0.003597108103730262,0.006973799993735819,0.06530814559719246,0.09670045269577884,0.0937979145833685,0.1261763921661503,-0.009048443133999218
2011-05-05,102.37570190429688,3.1679999828338623,18.200000762939453,19.240019954157297,-0.009048443133999218,-0.006630744479276363,-0.006191271304856749,0.07031918848475441,0.0915719123787246,0.0992512977202595,0.1273665998258152,0.004415814838342191
2011-05-06,102.82777404785156,3.1570000648498535,18.399999618530273,19.221727618227273,0.004415814838342191,-0.009048443133999218,-0.018367458163751627,0.08204943505415062,0.09063491823266928,0.09995763205721941,0.12754261986228496,0.0038751752691565944
2011-05-09,103.22624969482422,3.1419999599456787,17.15999984741211,18.552625261907018,0.0038751752691565944,0.004415814838342191,-0.016345295312251595,0.09693895913863333,0.09190343250275872,0.09964745520875344,0.12774762792966682,0.00853587538454148
2011-05-10,104.10737609863281,3.194999933242798,15.90999984741211,18.55876215328343,0.00853587538454148,0.0038751752691565944,-0.011011195908517069,0.12114528393406787,0.09173979951800056,0.10231633731973382,0.12833201219101545,-0.01052459400353023
2011-05-11,103.01168823242188,3.1570000648498535,16.950000762939453,19.081119803518302,-0.01052459400353023,0.00853587538454148,0.0010315078288150037,0.13713560087659069,0.10142385931793094,0.10627897247928858,0.13021117634830578,0.004760572326304224
2011-05-12,103.50208282470703,3.2300000190734863,16.030000686645508,18.960389413532607,0.004760572326304224,-0.01052459400353023,-0.0028923765060984152,0.11674251608103488,0.1034222426353638,0.10693032194966497,0.13034322544300025,-0.007699267850857505
2011-05-13,102.70519256591797,3.187000036239624,17.06999969482422,18.874586120102816,-0.007699267850857505,0.004760572326304224,0.011002424398155686,0.13290233453100875,0.1072464865955425,0.11169166831954996,0.13077318372106972,-0.006341437143318807
2011-05-16,102.05389404296875,3.1489999294281006,18.239999771118164,18.76904909043769,-0.006341437143318807,-0.007699267850857505,-0.0011921047894759562,0.13290728360648096,0.10967024177128473,0.11410272610723231,0.13129878011660182,-0.0001503393138128084
2011-05-17,102.0385513305664,3.121000051498413,17.549999237060547,19.076573522102354,-0.0001503393138128084,-0.006341437143318807,-0.011357146610686653,0.09827600905661221,0.10982795901200305,0.10553621101404284,0.13122511125593753,0.0089358795017076
2011-05-18,102.95035552978516,3.1710000038146973,16.229999542236328,18.722398116654677,0.0089358795017076,-0.0001503393138128084,-0.019872028722598634,0.11280377130914955,0.11843948738003665,0.10801351978473922,0.12568427291762968,0.002381963595574854
2011-05-19,103.1955795288086,3.1710000038146973,15.520000457763672,18.598739067735536,0.002381963595574854,0.0089358795017076,-0.0005953955681061718,0.10748688603108796,0.10833238941249614,0.09768793703943174,0.12499496784866777,-0.007944890936755988
2011-05-20,102.37570190429688,3.1519999504089355,17.43000030517578,19.022780601310277,-0.007944890936755988,0.002381963595574854,-0.002961324907997609,0.10852173946434404,0.11443951210543989,0.10065566568536075,0.12618411514547945,-0.011601071588158152
2011-05-23,101.18803405761719,3.134000062942505,18.270000457763672,18.94363255344388,-0.011601071588158152,-0.007944890936755988,-0.00320812077159216,0.13023210928980913,0.12414575815162797,0.10870021978942722,0.12671836013976942,-0.0008327729991243205
2011-05-24,101.10376739501953,3.122999906539917,17.81999969482422,18.80730005365755,-0.0008327729991243205,-0.011601071588158152,-0.008484340489614217,0.12981800501401403,0.11006784047890368,0.10315286225513887,0.12608395753850538,0.003334547501323115
2011-05-25,101.44090270996094,3.128999948501587,17.06999969482422,18.833122134449496,0.003334547501323115,-0.0008327729991243205,-0.009161085916621126,0.10415554146832073,0.1050663598738424,0.10063533298652187,0.12139586000036628,0.004607529658029463
2011-05-26,101.90829467773438,3.061000108718872,16.09000015258789,18.920546533548134,0.004607529658029463,0.003334547501323115,-0.014661948587321838,0.11219754343576728,0.10481288218517473,0.10154726600791161,0.12166196316159666,0.0038344506729042216
2011-05-27,102.29905700683594,3.063999891281128,15.979999542236328,18.610655448889897,0.0038344506729042216,0.004607529658029463,-0.012474224738617368,0.10715101971525004,0.10175456481043281,0.10235612419390641,0.11671293007826,0.010411422807938386
2011-05-31,103.3641357421875,3.049999952316284,15.449999809265137,18.919825618614734,0.010411422807938386,0.0038344506729042216,-0.0007486629740774964,0.0639597209107208,0.10877297402076383,0.11011271745120552,0.11750077359314245,-0.022461157779250063
2011-06-01,101.0424575805664,2.9660000801086426,18.299999237060547,19.26695365497266,-0.022461157779250063,0.010411422807938386,0.021505523897531464,0.20390216057942784,0.16181651201954478,0.13481988795055047,0.12543129715759296,-0.0010615503648980784
2011-06-02,100.93519592285156,3.0299999713897705,18.09000015258789,19.116159209953462,-0.0010615503648980784,-0.022461157779250063,-0.000606404845564068,0.2016749989422098,0.1522429201855478,0.1333998087728608,0.12416632891657318,-0.009944535728415138
2011-06-03,99.93144226074219,2.996999979019165,17.950000762939453,19.27377690877794,-0.009944535728415138,-0.0010615503648980784,-0.004985235477993455,0.2029412895695595,0.15501033566128142,0.1341412731180269,0.12579903229932438,-0.010581289937696803
2011-06-06,98.87403869628906,3.002000093460083,18.489999771118164,19.008196266543173,-0.010581289937696803,-0.009944535728415138,-0.019398346555043466,0.19419439687383946,0.1578256503914704,0.13639754127592402,0.12184550532956857,-0.0006200800054445565
2011-06-07,98.81272888183594,3.010999917984009,18.06999969482422,18.90100902136204,-0.0006200800054445565,-0.010581289937696803,-0.03348044850812271,0.14150044092523986,0.15140205373989307,0.13478679272190622,0.12098791130136671,-0.004187364910325231
2011-06-08,98.39896392822266,2.9619998931884766,18.790000915527344,19.107288594625246,-0.004187364910325231,-0.0006200800054445565,-0.044032747216150026,0.07553563356537507,0.15140887525281646,0.12884622701520065,0.12066164878855665,0.007631025569673211
2011-06-09,99.14984893798828,2.997999906539917,17.770000457763672,18.896693786698677,0.007631025569673211,-0.004187364910325231,-0.026162206617311834,0.11888264817491782,0.15758735375704683,0.1304870000143503,0.11932815575432272,-0.013909988704785325
2011-06-10,97.77067565917969,2.9709999561309814,18.860000610351562,19.290422283004073,-0.013909988704785325,0.007631025569673211,-0.017688051908353986,0.13463059841736774,0.16240999902202827,0.13465528330549134,0.11658505847307898,0.0007834570087330572
2011-06-13,97.84727478027344,2.990999937057495,19.610000610351562,19.151122750681367,0.0007834570087330572,-0.013909988704785325,-0.021622489905875675,0.12525341462773615,0.1589271317102376,0.13393478240204437,0.11342763916999557,0.012686278200501278
2011-06-14,99.08859252929688,3.0989999771118164,18.260000228881836,18.894243039875928,0.012686278200501278,0.0007834570087330572,-0.010384565347527963,0.16440000309740577,0.1651494296843051,0.14319169528511871,0.11612446112772548,-0.017785542365338358
2011-06-15,97.32624816894531,2.9730000495910645,21.31999969482422,19.522481281416255,-0.017785542365338358,0.012686278200501278,0.0027917825019367903,0.21106999639625507,0.15177310170318675,0.1543430444500923,0.11745770758455894,0.002204402282525608
2011-06-16,97.5407943725586,2.9089999198913574,22.729999542236328,19.54571683202072,0.002204402282525608,-0.017785542365338358,-0.010901697705474223,0.19841406681762683,0.1542278618666541,0.1496112742830044,0.11738483150360851,0.002984309496532056
2011-06-17,97.8318862915039,2.944000005722046,21.850000381469727,19.26777101565167,0.002984309496532056,0.002204402282525608,-0.01622851252588442,0.17596626619304995,0.15244732583131057,0.1498951293689639,0.11739885940024329,0.005115799155284817
2011-06-20,98.3323745727539,2.9630000591278076,19.989999771118164,18.887422816349456,0.005115799155284817,0.002984309496532056,0.0006260633048869035,0.17956186743499764,0.1482431314783671,0.1509104842216566,0.11616167420589378,0.0137041813860459
2011-06-21,99.67993927001953,2.984999895095825,18.860000610351562,19.079015445999765,0.0137041813860459,0.005115799155284817,0.00495772410187012,0.18381581322132487,0.16449373469134146,0.1561322752845146,0.11947946649686997,-0.006025449648912162
2011-06-22,99.0793228149414,2.993000030517578,18.520000457763672,18.989980920733707,-0.006025449648912162,0.0137041813860459,0.0059678589192577736,0.11207226075659804,0.16634096549845157,0.15727276483145716,0.12000105359687421,-0.0028755190476281722
2011-06-23,98.79441833496094,2.9089999198913574,19.290000915527344,19.627508970676743,-0.0028755190476281722,-0.006025449648912162,0.018012352052788394,0.12145751968380052,0.16246831833097858,0.1565648228711295,0.11925168256717877,-0.011613706564630899
2011-06-24,97.64704895019531,2.871000051498413,21.100000381469727,19.236617521952137,-0.011613706564630899,-0.0028755190476281722,0.01285230421247241,0.1573207828064213,0.1574173345092231,0.159050289699901,0.12047628059025219,0.008911308362334669
2011-06-27,98.5172119140625,2.927000045776367,20.559999465942383,18.944845214427996,0.008911308362334669,-0.011613706564630899,-0.001889336374010453,0.16758438966478736,0.16382607056777346,0.16253922801891768,0.12204817132801327,0.013052813755725978
2011-06-28,99.80313873291016,3.0450000762939453,19.170000076293945,18.924821882241986,0.013052813755725978,0.008911308362334669,0.001879720103492799,0.1643644156305634,0.16458362310292188,0.16542291663087672,0.12481252732580933,0.008564146474570045
2011-06-29,100.65786743164062,3.1080000400543213,17.270000457763672,19.31388912017628,0.008564146474570045,0.013052813755725978,0.0012359504208454553,0.1616607572885582,0.13117961482312002,0.14968850879152962,0.12612087703025354,0.00956241243746514
2011-06-30,101.62039947509766,3.1579999923706055,16.520000457763672,19.224128373085218,0.00956241243746514,0.008564146474570045,0.015932129649771642,0.15619706372945386,0.1344576685746933,0.15352994809024115,0.1277004672533666,0.014775831296296005
2011-07-01,103.1219253540039,3.197000026702881,15.869999885559082,19.12568584564875,0.014775831296296005,0.00956241243746514,0.028604663985725143,0.044071459090460875,0.1442942889562173,0.15652217112066732,0.13111960603944262,-0.0008209288318477004
2011-07-05,103.03726959228516,3.135999917984009,16.059999465942383,18.927112735838072,-0.0008209288318477004,0.014775831296296005,0.05606801703347997,0.09614856681945169,0.1475667993249727,0.15013603747589138,0.13101601166049054,0.001195530555001989
2011-07-06,103.16045379638672,3.0950000286102295,16.34000015258789,18.780671391864225,0.001195530555001989,-0.0008209288318477004,0.04588089320032274,0.1015661837362856,0.13938468646132557,0.14983668128554684,0.13081239053041874,0.010375664675533525
2011-07-07,104.2308120727539,3.1489999294281006,15.949999809265137,18.954035867832765,0.010375664675533525,0.001195530555001989,0.03363937353174129,0.1044832831003316,0.13222390899419362,0.15052145514561419,0.13225397051682375,-0.0070922878716556115
2011-07-08,103.4915771484375,3.0160000324249268,15.949999809265137,19.083886629279647,-0.0070922878716556115,0.010375664675533525,0.03549593024648323,0.13984493246415836,0.14077496358308253,0.15346151124057672,0.13215825042915708,-0.018080482730068237
2011-07-11,101.62039947509766,2.9170000553131104,18.389999389648438,19.09320982991303,-0.018080482730068237,-0.0070922878716556115,0.01841340599923913,0.16750432735507445,0.1636338601230258,0.15984571991692742,0.13752605200187842,-0.004319277419145617
2011-07-12,101.18147277832031,2.9079999923706055,19.8700008392334,19.18463907991868,-0.004319277419145617,-0.018080482730068237,-0.014560685070141077,0.16662806285196427,0.1660762046269401,0.16137175165117865,0.13782878952437486,0.003348801520850042
2011-07-13,101.52030944824219,2.8910000324249268,19.90999984741211,19.133937372381304,0.003348801520850042,-0.004319277419145617,-0.018010927709052882,0.17115894863668343,0.15601268855957198,0.15628394609854765,0.1377971628256634,-0.0069022813713930375
2011-07-14,100.81958770751953,2.944000005722046,20.799999237060547,19.236540129605746,-0.0069022813713930375,0.003348801520850042,-0.015898964067972865,0.12201579273498458,0.1564193325261779,0.1428951780058692,0.13656551904687378,0.005804553666865386
2011-07-15,101.40480041503906,2.9079999923706055,19.530000686645508,19.20919628898751,0.005804553666865386,-0.0069022813713930375,-0.032727600384167777,0.14995212220221235,0.15117389670268053,0.14359892024136495,0.1365760443284983,-0.008201361338556756
2011-07-18,100.5731430053711,2.9089999198913574,20.950000762939453,19.09806484235639,-0.008201361338556756,0.005804553666865386,-0.020163734971449743,0.09957205035897199,0.13009560312629004,0.14798692318458295,0.13469901355861139,0.016231737001134006
2011-07-19,102.20561981201172,2.8910000324249268,19.209999084472656,18.93083554876963,0.016231737001134006,-0.008201361338556756,-0.01030557324253778,0.15916891311579331,0.16070744200144518,0.15667042599987324,0.13844698292188798,-0.0006022560715481795
2011-07-20,102.1440658569336,2.933000087738037,19.09000015258789,18.736552242157146,-0.0006022560715481795,0.016231737001134006,0.01012188304409456,0.15961852893153786,0.16034667894854313,0.15058267589538368,0.13843579583584958,0.013870619313520738
2011-07-21,103.56086730957031,3.009999990463257,17.559999465942383,19.317773573727195,0.013870619313520738,-0.0006022560715481795,0.006144153934138696,0.16076879059562182,0.1680305600386172,0.1543227285495976,0.14024320823983555,0.0006693713611312102
2011-07-22,103.63018798828125,2.9639999866485596,17.520000457763672,18.651946429253112,0.0006693713611312102,0.013870619313520738,0.027189950528297313,0.16409528973500692,0.1640975289504976,0.15326774169262944,0.13960578232519844,-0.005573283577078869
2011-07-25,103.05262756347656,3.003999948501587,19.350000381469727,18.73296128553877,-0.005573283577078869,0.0006693713611312102,0.021945584076236146,0.15200227432781527,0.13445808138667162,0.14730738123423132,0.13989614865061972,-0.0037356797954056775
2011-07-26,102.66765594482422,2.9509999752044678,20.229999542236328,18.692829301117786,-0.0037356797954056775,-0.005573283577078869,0.024653545509391694,0.1214001728769674,0.13378929925106592,0.14711885412527548,0.13998546251444685,-0.020475512294663156
2011-07-27,100.56548309326172,2.9800000190734863,22.979999542236328,19.33304417807837,-0.020475512294663156,-0.0037356797954056775,0.00452065291186865,0.19613638177321263,0.1724078491395999,0.1614697573291173,0.14597442786099576,-0.0029100274411081317
2011-07-28,100.27283477783203,2.9509999752044678,23.739999771118164,19.15275965841511,-0.0029100274411081317,-0.020475512294663156,-0.015454473546049119,0.12995248298736412,0.16965340669499293,0.158919838120174,0.14592051178770074,-0.006834304689787962
2011-07-29,99.58753967285156,2.805000066757202,25.25,19.542483382419586,-0.006834304689787962,-0.0029100274411081317,-0.031749758544504014,0.11417900436179741,0.16837774465988575,0.156273249558211,0.14595723654588375,-0.004252847093166423
2011-08-01,99.16400909423828,2.740000009536743,23.65999984741211,19.601766325565425,-0.004252847093166423,-0.006834304689787962,-0.039010334670886104,0.11624450998107332,0.16528396756035216,0.1450480370043156,0.14509573896217615,-0.02554759042517385
2011-08-02,96.63060760498047,2.624000072479248,24.790000915527344,19.663837148242898,-0.02554759042517385,-0.004252847093166423,-0.037734297137091755,0.16357327001134947,0.1736216411470543,0.16740645920629688,0.1535183719381385,0.005419023088346631
2011-08-03,97.15425109863281,2.5989999771118164,23.3799991607666,19.7312564545492,0.005419023088346631,-0.02554759042517385,-0.058801852290152445,0.1814134982026441,0.18089444488395467,0.16951902256194643,0.15375973011818958,-0.04684164739965646
2011-08-04,92.60338592529297,2.4579999446868896,31.65999984741211,20.070726485895033,-0.04684164739965646,0.005419023088346631,-0.03392050522409784,0.3294093356594096,0.24832563574145472,0.22310588273767606,0.17896451231630828,-0.0014965754251358154
2011-08-05,92.46479797363281,2.558000087738037,32.0,20.301090692080486,-0.0014965754251358154,-0.04684164739965646,-0.07648580863931653,0.3403668513787681,0.2456978405030723,0.22356012762139482,0.1780574226710276,-0.06512314900244609
2011-08-08,86.44319915771484,2.3389999866485596,48.0,20.36981981869753,-0.06512314900244609,-0.0014965754251358154,-0.0715224185939044,0.47292947306482797,0.3617796914347112,0.3058351011084129,0.21985860720487252,0.04649883855504755
2011-08-09,90.46270751953125,2.181999921798706,35.060001373291016,20.39174152055381,0.04649883855504755,-0.06512314900244609,-0.12828051278598973,0.7042000072935415,0.4819720980155209,0.36175355718637897,0.24177146108983735,-0.044177477041657975
2011-08-10,86.46629333496094,2.13700008392334,42.9900016784668,20.31169321740246,-0.044177477041657975,0.04649883855504755,-0.06382967300240094,0.7135046204153325,0.507440742313396,0.385202717711773,0.2566515472231121,0.04488397476112449
2011-08-11,90.34724426269531,2.3359999656677246,39.0,20.005784366640796,0.04488397476112449,-0.044177477041657975,-0.11001019145133717,0.8053963768505202,0.5883459025690747,0.428112365333287,0.27448349454031734,0.006732818814128683
2011-08-12,90.95553588867188,2.236999988555908,36.36000061035156,19.56404840445967,0.006732818814128683,0.04488397476112449,-0.024363489952924366,0.8090432157910422,0.594140105519808,0.42843908182320317,0.2741497251470096,0.021165143564806588
2011-08-15,92.88062286376953,2.2850000858306885,31.8700008392334,19.371607081885017,0.021165143564806588,0.006732818814128683,-0.016322558617294702,0.5882975521775803,0.6125137138453066,0.4381659977024825,0.27808129210984006,-0.008539640344802257
2011-08-16,92.08745574951172,2.2139999866485596,32.849998474121094,19.499414085812035,-0.008539640344802257,0.021165143564806588,0.07446998455378395,0.5295951428522011,0.603075878237001,0.43207235270282984,0.2781419066888936,0.0006690921117635806
2011-08-17,92.1490707397461,2.1649999618530273,31.579999923706055,19.28862583704104,0.0006690921117635806,-0.008539640344802257,0.01796042009498411,0.330950253774475,0.6014352143492397,0.43226139835466376,0.2773952927568607,-0.043118477536691624
2011-08-18,88.17574310302734,2.0829999446868896,42.66999816894531,20.05570121627088,-0.043118477536691624,0.0006690921117635806,0.06572245884035643,0.38224540577710253,0.5943661561730035,0.4467408657802595,0.29025989559953985,-0.016330530533284815
2011-08-19,86.73578643798828,2.071000099182129,43.04999923706055,19.875290782982056,-0.016330530533284815,-0.043118477536691624,-0.024035056933823795,0.37407797078579286,0.5971001303850328,0.44662789070046366,0.29147928061485995,0.0007989526973031236
2011-08-22,86.80508422851562,2.0880000591278076,42.439998626708984,19.432611059553235,0.0007989526973031236,-0.016330530533284815,-0.046393541739433,0.2878174204162924,0.496787034384053,0.44774917756235666,0.29119037651096513,0.03291055955342892
2011-08-23,89.6618881225586,2.13700008392334,36.27000045776367,19.61804154005038,0.03291055955342892,0.0007989526973031236,-0.06541233734150409,0.44081247755618164,0.46553240374255206,0.4708524732667141,0.29986094986578005,0.014084556179147611
2011-08-24,90.92473602294922,2.259999990463257,35.900001525878906,19.3243712290855,0.014084556179147611,0.03291055955342892,-0.02633982671375934,0.4615115454658166,0.39969661487733554,0.47305618081347495,0.30060481790600235,-0.01524431712294505
2011-08-25,89.53865051269531,2.2219998836517334,39.7599983215332,19.559684217555606,-0.01524431712294505,0.014084556179147611,-0.013286457551533237,0.33000089319246334,0.3430241455216225,0.47449548411903886,0.2988610560472143,0.014534070778740027
2011-08-26,90.84001159667969,2.187999963760376,35.59000015258789,19.566481600633505,0.014534070778740027,-0.01524431712294505,0.015456715891529305,0.2842345080309521,0.349915421470311,0.4795650039001919,0.3007369451070483,0.028736290566008016
2011-08-29,93.4504165649414,2.2709999084472656,32.279998779296875,19.06766461239401,0.028736290566008016,0.014534070778740027,0.047318705775795555,0.2996507924619056,0.3644442412208558,0.4935624354847516,0.30653186225690054,0.0026365992303041264
2011-08-30,93.69680786132812,2.1760001182556152,32.88999938964844,19.301616596858015,0.0026365992303041264,0.028736290566008016,0.0765546441834195,0.26015151249695023,0.36068070555563525,0.4861905460708116,0.30595104335762374,0.004438064956777232
2011-08-31,94.11264038085938,2.2179999351501465,31.6200008392334,19.525369205238185,0.004438064956777232,0.0026365992303041264,0.04500150312755191,0.2571521989610215,0.3607969764365552,0.4860288023482613,0.30613306134974166,-0.010473078907338618
2011-09-01,93.12699127197266,2.1459999084472656,31.81999969482422,19.355148865492158,-0.010473078907338618,0.004438064956777232,0.0350609140850906,0.23214163003988866,0.2718781344471189,0.4569456908597428,0.30671575133024026,-0.025549589348683566
2011-09-02,90.74763488769531,1.996000051498413,33.91999816894531,19.358800288238232,-0.025549589348683566,-0.010473078907338618,0.04007588609757495,0.31896310993180094,0.29561159763643813,0.46634466269745795,0.31036771025234716,-0.0072976745335691096
2011-09-06,90.08538818359375,1.9789999723434448,37.0,19.468457531675128,-0.0072976745335691096,-0.025549589348683566,-0.0010169165256662671,0.19109195321643055,0.30133236061090873,0.4006490232305035,0.3095135435861278,0.028207592487325295
2011-09-07,92.62648010253906,2.0360000133514404,33.380001068115234,19.161680511198067,0.028207592487325295,-0.0072976745335691096,-0.03600870392064226,0.3183123708761565,0.2893306931629276,0.378580134899203,0.31530326886652216,-0.01039129581743714
2011-09-08,91.66397094726562,1.9859999418258667,34.31999969482422,19.339241700914346,-0.01039129581743714,0.028207592487325295,-0.011423310817302967,0.31642467627849413,0.29012742617967907,0.3417755185468261,0.314659377242554,-0.02621007142987941
2011-09-09,89.2614517211914,1.9149999618530273,38.52000045776367,19.75619510261207,-0.02621007142987941,-0.01039129581743714,-0.026018496810676695,0.3510822524160996,0.3116965600965798,0.3190251863683895,0.31703188840474134,0.006470264093615619
2011-09-12,89.83899688720703,1.9299999475479126,38.59000015258789,19.538420598780817,0.006470264093615619,-0.02621007142987941,-0.04150826197629576,0.3242375000029829,0.30359241431101786,0.3189485490172428,0.3173503850836635,0.009171171334896533
2011-09-13,90.66292572021484,1.99399995803833,36.90999984741211,19.423203119236252,0.009171171334896533,0.006470264093615619,-0.010012800902335028,0.32784645836187326,0.2632421440241303,0.31092067738352075,0.3179491779111846,0.01384405149010326
2011-09-14,91.9180679321289,2.010999917984009,34.599998474121094,19.581921922196784,0.01384405149010326,0.009171171334896533,0.0064110012540998795,0.263542193347747,0.2755657156664128,0.313883253122969,0.31917511674530835,0.017257219835680626
2011-09-15,93.50431823730469,2.0850000381469727,31.969999313354492,19.60478915413459,0.017257219835680626,0.01384405149010326,-0.007648052367162483,0.27701972784739043,0.29075883432947747,0.3197541305693222,0.31995270840524476,0.005918668045932218
2011-09-16,94.0577392578125,2.0759999752044678,30.979999542236328,19.466343282857387,0.005918668045932218,0.017257219835680626,0.020077106315826265,0.07770026411335444,0.2866258556080607,0.2743213633778282,0.320066054572326,-0.009957142634658855
2011-09-19,93.1211929321289,1.940000057220459,32.72999954223633,19.30245042609464,-0.009957142634658855,0.005918668045932218,0.05373302186034712,0.16746947750305569,0.2549011654607879,0.26913279218892655,0.3206035535259039,-0.0011635660768627432
2011-09-20,93.0128402709961,1.9470000267028809,32.86000061035156,19.204272655374723,-0.0011635660768627432,-0.009957142634658855,0.03653420183489664,0.17584995945795517,0.24997614037224508,0.26950271375295143,0.31981001277822585,-0.02945860349350138
2011-09-21,90.27281188964844,1.875,37.31999969482422,19.572047711831534,-0.02945860349350138,-0.0011635660768627432,0.02591924463184725,0.2795642728122172,0.25671204944637543,0.2704553424309246,0.32456357999995733,-0.03232423147675023
2011-09-22,87.35481262207031,1.715000033378601,41.349998474121094,20.057561242380327,-0.03232423147675023,-0.02945860349350138,-0.017899158233997126,0.2692589544118998,0.29626864454268387,0.28902048187570833,0.32931165488513114,0.006025186532131244
2011-09-23,87.88114166259766,1.8079999685287476,41.25,19.54314789927774,0.006025186532131244,-0.03232423147675023,-0.06576707612184862,0.2697409831408188,0.27392045753088023,0.2857827960709974,0.3290045897558344,0.023780170030498926
2011-09-26,89.9709701538086,1.9040000438690186,39.02000045776367,19.378779995410866,0.023780170030498926,0.006025186532131244,-0.06566814856441294,0.38033882606549707,0.3003885412975254,0.2941170157708855,0.3324199253507132,0.011183382905066042
2011-09-27,90.9771499633789,2.0160000324249268,37.709999084472656,19.557724655677887,0.011183382905066042,0.023780170030498926,-0.03382927858985163,0.4010516037365946,0.3022149914381016,0.27723513320713167,0.33173517874860436,-0.02041836858174273
2011-09-28,89.11954498291016,2.002000093460083,41.08000183105469,19.473935772786465,-0.02041836858174273,0.011183382905066042,-0.021886121332131525,0.36897582075425106,0.30876126673288873,0.2849799439320073,0.33389474774607314,0.007903552044045359
2011-09-29,89.82390594482422,1.9570000171661377,38.84000015258789,19.512969417310206,0.007903552044045359,-0.02041836858174273,-0.012775351543807711,0.2564716345672162,0.2949094715162307,0.2863366087002604,0.33446831678585515,-0.024989045219651507
2011-09-30,87.57929229736328,1.9240000247955322,42.959999084472656,19.479832267457017,-0.024989045219651507,0.007903552044045359,0.028265109255469767,0.33610331513554986,0.30681428225882845,0.29637678382796795,0.33668624485858656,-0.028458010942058354
2011-10-03,85.08695983886719,1.784999966621399,45.45000076293945,19.71578263858809,-0.028458010942058354,-0.024989045219651507,-0.003434745606665679,0.3010530567579875,0.3253989643808499,0.2994882235083795,0.3407070737952658,0.02192330019104216
2011-10-04,86.95234680175781,1.781000018119812,40.81999969482422,19.944947405689145,0.02192330019104216,-0.028458010942058354,-0.054284290883959696,0.35553569656740847,0.35941430527048085,0.3116982639556122,0.3430152168125871,0.018514843093166977
2011-10-05,88.562255859375,1.9049999713897705,37.810001373291016,19.464865009046655,0.018514843093166977,0.02192330019104216,-0.044239714733218194,0.38189612646954924,0.3541915889412058,0.3011306894719003,0.3456411182070534,0.018091180313768884
2011-10-06,90.1644515991211,1.9859999418258667,36.27000045776367,19.367697755524272,0.018091180313768884,0.018514843093166977,-0.006253276131986785,0.40315204327970966,0.3209405881209029,0.30759326653405744,0.34792532217887506,-0.006695529332922057
2011-10-07,89.56075286865234,2.068000078201294,36.20000076293945,19.560620182728158,-0.006695529332922057,0.018091180313768884,0.0037912585821646694,0.34562383423894794,0.3243130376528182,0.2935610375538054,0.34791246995908454,0.033445532876271944
2011-10-10,92.55615997314453,2.0759999752044678,33.02000045776367,19.25648263965246,0.033445532876271944,-0.006695529332922057,0.022624761165702223,0.23271757359985418,0.34536449163146105,0.315815920025224,0.3550097069514414,0.001004078548765719
2011-10-11,92.64909362792969,2.1600000858306885,32.86000061035156,19.158265778725553,0.001004078548765719,0.033445532876271944,0.08778313561116868,0.2517608290147079,0.34242005973203615,0.3145745643032809,0.3547435318216015,0.008771048564926831
2011-10-12,93.46172332763672,2.2260000705718994,31.260000228881836,19.455802499040953,0.008771048564926831,0.001004078548765719,0.06551573402797128,0.24746873231465846,0.31941300106384596,0.31239323860069707,0.35351226980658756,-0.0019874753218617203
2011-10-13,93.27597045898438,2.1689999103546143,30.700000762939453,19.17463512260186,-0.0019874753218617203,0.008771048564926831,0.0553222975264025,0.25184412429505787,0.3207096562750137,0.3065386027736548,0.3535129306229973,0.017094082808680744
2011-10-14,94.87043762207031,2.2320001125335693,28.239999771118164,19.169251283180863,0.017094082808680744,-0.0019874753218617203,0.03450937486646466,0.22621686631438306,0.28152444120443865,0.3118936286677926,0.3541636076324385,-0.019090849288347367
2011-10-17,93.05928039550781,2.1549999713897705,33.38999938964844,19.125319646020227,-0.019090849288347367,0.017094082808680744,0.0592858432220309,0.2147244825758225,0.24950624174027888,0.3176319458174794,0.3560253401852421,0.01954578106632976
2011-10-18,94.8781967163086,2.1510000228881836,31.559999465942383,19.580256110095508,0.01954578106632976,-0.019090849288347367,0.005435839413705734,0.25114506679247367,0.24635226203882843,0.3249125533724347,0.35852364362085626,-0.011829244021832053
2011-10-19,93.755859375,2.1589999198913574,34.439998626708984,19.238702647936226,-0.011829244021832053,0.01954578106632976,0.024059631898081912,0.27263061369540903,0.25981196470087037,0.3084642593444095,0.3591586029715576,0.004375540330812555
2011-10-20,94.16609191894531,2.180000066757202,34.779998779296875,19.38414357353695,0.004375540330812555,-0.011829244021832053,0.003147128438153901,0.27235297071035597,0.2506572704510341,0.2804163550621941,0.35708438023994227,0.01898726177711585
2011-10-21,95.95404815673828,2.203000068664551,31.31999969482422,19.44672019282993,0.01898726177711585,0.004375540330812555,0.00954288071816256,0.27920025850328933,0.25179774379929354,0.2854431468213991,0.3593560476537235,0.012261299276792537
2011-10-24,97.13056945800781,2.2339999675750732,29.260000228881836,19.129778047296234,0.012261299276792537,0.01898726177711585,0.011422004175680955,0.20641245194969704,0.2082686328118849,0.27798576171700984,0.360043999709036,-0.019443806025214783
2011-10-25,95.24198150634766,2.128000020980835,32.220001220703125,19.408721932079285,-0.019443806025214783,0.012261299276792537,0.0437494148374753,0.25648597157813263,0.24163723732005027,0.2885208665834628,0.36212129510212443,0.010158242558591324
2011-10-26,96.20947265625,2.203000068664551,29.860000610351562,19.48212339138035,0.010158242558591324,-0.019443806025214783,0.003834229597836858,0.2344526552899494,0.24268412483549218,0.2765429457395157,0.35891579968318177,0.03483538307525991
2011-10-27,99.56096649169922,2.3949999809265137,25.459999084472656,19.789880320807722,0.03483538307525991,0.010158242558591324,0.026170239360040037,0.3135365765414534,0.28769021831415065,0.297352858324338,0.36574753736549065,-0.00023341613245708714
2011-10-28,99.53772735595703,2.305999994277954,24.530000686645508,19.235631759244598,-0.00023341613245708714,0.03483538307525991,0.05729105310431293,0.31377086121642456,0.2832589917680916,0.2761042904749776,0.35210537427830896,-0.024105727396291243
2011-10-31,97.13829803466797,2.174999952316284,29.959999084472656,19.245499405447912,-0.024105727396291243,-0.00023341613245708714,0.03734786877740581,0.3786330388985016,0.2960113818750164,0.26912640592082354,0.3559406580871967,-0.027888383945128936
2011-11-01,94.42926788330078,2.000999927520752,34.77000045776367,19.847554992686998,-0.027888383945128936,-0.024105727396291243,7.956894212890475e-05,0.40975995396486486,0.32285793482065583,0.2892826662323231,0.3338595917477731,0.016311259734057337
2011-11-02,95.96952819824219,2.00600004196167,32.7400016784668,19.315615454718664,0.016311259734057337,-0.027888383945128936,-0.008533144840048412,0.42285752780165686,0.32558530694398125,0.2879482393737396,0.3220791574068457,0.018227561384850377
2011-11-03,97.71881866455078,2.065999984741211,30.5,19.48943433551496,0.018227561384850377,0.016311259734057337,-0.0024939795571390366,0.34548721596925047,0.33507614780414907,0.2880360187282244,0.3096894177152862,-0.0060991391374948245
2011-11-04,97.12281799316406,2.049999952316284,30.15999984741211,19.334575010596183,-0.0060991391374948245,0.018227561384850377,-0.01850271137436199,0.3444609559089208,0.3270402423265438,0.28774479246177054,0.29706439254115036,0.006216142205525355
2011-11-07,97.72654724121094,1.99399995803833,29.850000381469727,19.0967692542204,0.006216142205525355,-0.0060991391374948245,-0.02426124673468788,0.30148438674672984,0.32280048372100495,0.2665099167116122,0.2970265021035143,0.012830763854831284
2011-11-08,98.98045349121094,2.065000057220459,27.479999542236328,19.229057930627096,0.012830763854831284,0.006216142205525355,0.00605579074828988,0.15630031146758763,0.3063747153183834,0.26871748084438996,0.2951392214055513,-0.036909435694087556
2011-11-09,95.32714080810547,1.9550000429153442,36.15999984741211,19.638503200550094,-0.036909435694087556,0.012830763854831284,0.04819676896716696,0.3485568825467438,0.3654141028865962,0.3033974783054532,0.3047218436868743,0.009418619178230392
2011-11-10,96.22499084472656,2.055999994277954,32.810001373291016,19.26167233728495,0.009418619178230392,-0.036909435694087556,-0.0066936599793400164,0.32233316197950773,0.31504667957171395,0.3045260694856132,0.3052380464957347,0.01882202930100063
2011-11-11,98.03614044189453,2.055999994277954,30.040000915527344,19.062136661472056,0.01882202930100063,0.009418619178230392,-0.015287002444761777,0.35381047010816297,0.33405863172568084,0.30574145131925495,0.29324209160548664,-0.009474238223137088
2011-11-14,97.1073226928711,2.0429999828338623,31.1299991607666,18.88603797664675,-0.009474238223137088,0.01882202930100063,0.009403788600890417,0.35972763430656873,0.3135574356543434,0.29884608977842225,0.29175072121916357,0.004941840663586383
2011-11-15,97.58721160888672,2.056999921798706,31.219999313354492,19.034294342628908,0.004941840663586383,-0.009474238223137088,-0.00633629823032078,0.344573219303321,0.27191782024318617,0.2920882671110366,0.29179833897288315,-0.015862542198777918
2011-11-16,96.03923034667969,2.0239999294281006,33.5099983215332,19.27842033211783,-0.015862542198777918,0.004941840663586383,-0.014075929470740767,0.22400378626549738,0.2771532977226222,0.29487981524074425,0.2868948818193131,-0.015877275391414702
2011-11-17,94.51438903808594,1.9579999446868896,34.5099983215332,19.618292160487492,-0.015877275391414702,-0.015862542198777918,0.007469955906971526,0.23960229448948248,0.26779857348881675,0.3008435304686457,0.2877649609412153,-0.0010642394086626261
2011-11-18,94.41380310058594,2.01200008392334,32.0,19.188844488414365,-0.0010642394086626261,-0.015877275391414702,-0.017777105423693262,0.1464034041444905,0.2674645502977831,0.2926822468401724,0.28584752085587706,-0.019019869566123893
2011-11-21,92.6180648803711,1.9620000123977661,32.90999984741211,19.251899748136722,-0.019019869566123893,-0.0010642394086626261,-0.03694899987883071,0.1686422640892686,0.2738457805831601,0.2954342134046022,0.2873512419757573,-0.003927712818383777
2011-11-22,92.25428771972656,1.9390000104904175,31.969999313354492,19.193077553166418,-0.003927712818383777,-0.019019869566123893,-0.04622985875842267,0.12807639911066454,0.25520421186964065,0.2884821924169522,0.281369609996092,-0.022065581790999156
2011-11-23,90.21864318847656,1.878999948501587,33.97999954223633,19.22862473249249,-0.022065581790999156,-0.003927712818383777,-0.054647774039631614,0.14841100582924763,0.2138511589190329,0.29393167300828216,0.28489069336510436,-0.0018875043995257856
2011-11-25,90.04835510253906,1.9670000076293945,34.470001220703125,18.4162409124708,-0.0018875043995257856,-0.022065581790999156,-0.06060634948022947,0.1604505752152782,0.1989079973739621,0.2578497627507862,0.28471998673473947,0.02896698059734537
2011-11-28,92.65678405761719,1.9579999446868896,32.130001068115234,19.165879436130513,0.02896698059734537,-0.0018875043995257856,-0.04725242347752179,0.3216691478374968,0.23783910689260038,0.28430796076464177,0.29028351357095045,0.0028403313047409284
2011-11-29,92.91996002197266,1.996000051498413,30.639999389648438,19.110028219768765,0.0028403313047409284,0.02896698059734537,-0.018609768754859646,0.2916278710037561,0.24013937135253932,0.27421829715825086,0.285366341343013,0.04114931968055391
2011-11-30,96.7435531616211,2.068000078201294,27.799999237060547,19.597609639130468,0.04114931968055391,0.0028403313047409284,0.003259570819056812,0.400859066705012,0.33080745820830454,0.2966098892710262,0.2967196643950872,-0.00016008995320404562
2011-12-01,96.72806549072266,2.117000102996826,27.40999984741211,18.991404896345863,-0.00016008995320404562,0.04114931968055391,0.04866186225981339,0.311317469200338,0.319831084521771,0.2913257203529909,0.29140478490050864,-0.000880083600843351
2011-12-02,96.64293670654297,2.0420000553131104,27.520000457763672,19.214169520939322,-0.000880083600843351,-0.00016008995320404562,0.07215163154966997,0.3081070576773064,0.3063875977722083,0.2837475382664431,0.2904827904246631,0.010892240208418835
2011-12-05,97.69559478759766,2.053999900817871,27.84000015258789,19.23278316620001,0.010892240208418835,-0.000880083600843351,0.0732337819663067,0.2796109869908073,0.30847950443795846,0.2856266867600737,0.2855224490873646,0.0003168254789847058
2011-12-06,97.72654724121094,2.0929999351501465,28.1299991607666,19.00201385719216,0.0003168254789847058,0.010892240208418835,0.05438145497092983,0.2846472551690674,0.28301590510390084,0.28481289981371793,0.28535857950070914,0.0037223205108447566
2011-12-07,98.09031677246094,2.0169999599456787,28.670000076293945,19.28695105940703,0.0037223205108447566,0.0003168254789847058,0.051728253198792595,0.07728291977628077,0.2784303298357991,0.2812481050303096,0.2849562521284574,-0.021936324589749256
2011-12-08,95.9385757446289,1.972000002861023,30.59000015258789,19.29973803889116,-0.021936324589749256,0.0037223205108447566,0.013920964930757895,0.1947684887453186,0.27806226687190894,0.25958795275739627,0.2877420165747602,0.016942453678016722
2011-12-09,97.56401062011719,2.052000045776367,26.3799991607666,19.1583776870636,0.016942453678016722,-0.021936324589749256,-0.008161951157489744,0.23560347218129765,0.2785994400233919,0.26436710910470684,0.28766618848806186,-0.014597694228376645
2011-12-12,96.13980102539062,2.009000062942505,25.670000076293945,19.189983553428114,-0.014597694228376645,0.016942453678016722,0.009530690446328816,0.24424598615026133,0.273395397008853,0.26077867247320835,0.28919701195078135,-0.009338687093869202
2011-12-13,95.24198150634766,1.9620000123977661,25.40999984741211,19.31742080486668,-0.009338687093869202,-0.014597694228376645,-0.01592491212720004,0.24532670773536114,0.28134884038215635,0.26071964665960407,0.2891040005968975,-0.010646244495859603
2011-12-14,94.22801208496094,1.9010000228881836,26.040000915527344,19.2903778616738,-0.010646244495859603,-0.009338687093869202,-0.025423652067956715,0.23393169595834584,0.18703190758209848,0.262001321417479,0.2899942582781001,0.003614302530052349
2011-12-15,94.5685806274414,1.9129999876022339,25.110000610351562,19.10936398092495,0.003614302530052349,-0.010646244495859603,-0.03937498434691922,0.20612594459504865,0.18933831249668476,0.2570348977763439,0.2833028931492047,0.0014824175596332978
2011-12-16,94.70877075195312,1.8539999723434448,24.290000915527344,19.21132390008723,0.0014824175596332978,0.003614302530052349,-0.014279919277040087,0.12675356969906781,0.19016596508175715,0.25070116136218146,0.27469386137439944,-0.010691521635668
2011-12-19,93.6961898803711,1.812999963760376,24.920000076293945,19.029919008092843,-0.010691521635668,0.0014824175596332978,-0.029265298238727033,0.11204142536301785,0.17992940468749702,0.25366691249093953,0.275651063965528,0.03026028855918028
2011-12-20,96.53146362304688,1.9249999523162842,23.219999313354492,19.233467462468035,0.03026028855918028,-0.010691521635668,-0.025417268591747644,0.26554701160380384,0.2497951760525265,0.2653765461405197,0.27822454699114535,0.0019363651912038815
2011-12-21,96.7183837890625,1.9670000076293945,21.43000030517578,19.08455822062781,0.0019363651912038815,0.03026028855918028,0.013539009754992115,0.2391040598704976,0.24898559100368559,0.2643943578292923,0.2774693938558062,0.00885898573424515
2011-12-22,97.57521057128906,1.9509999752044678,21.15999984741211,18.598537356032786,0.00885898573424515,0.0019363651912038815,0.026429207716449632,0.2396448793998693,0.22427614107374833,0.24860789510923623,0.27420801742823664,0.00894070063454211
2011-12-23,98.44760131835938,2.0299999713897705,20.729999542236328,18.33933186110332,0.00894070063454211,0.00885898573424515,0.03179311695173315,0.23588301010579393,0.2124145772722263,0.2481532246246202,0.2743171251003608,0.0007911669530440424
2011-12-27,98.5254898071289,2.009000062942505,21.90999984741211,18.27073771121611,0.0007911669530440424,0.00894070063454211,0.03947713117508855,0.18826592444951157,0.19406603478787454,0.2309951254739239,0.268643021833482,-0.013123190278283126
2011-12-28,97.2325210571289,1.9079999923706055,23.520000457763672,18.595533654714444,-0.013123190278283126,0.0007911669530440424,0.05154211641822082,0.14288102281668585,0.20133542684439304,0.23814136826411594,0.2629697004006346,0.01033358727371847
2011-12-29,98.2372817993164,1.8969999551773071,22.649999618530273,18.631810020024787,0.01033358727371847,-0.013123190278283126,0.007262475961409276,0.15636771955731515,0.19131884854950393,0.1923084808186637,0.26034681776266716,-0.00491598541397098
2011-12-30,97.75434875488281,1.871000051498413,23.399999618530273,18.375672928176236,-0.00491598541397098,0.01033358727371847,0.01570433614323563,0.15531666139878,0.19681372346962547,0.1933732007439034,0.258484681761076,0.0159364132498776
2012-01-03,99.31220245361328,1.9600000381469727,22.969999313354492,19.081810291973646,0.0159364132498776,-0.00491598541397098,0.0018358985089033109,0.18469838232506963,0.2060546845705088,0.20074117742426542,0.2579409690042857,0.0015686351030868018
2012-01-04,99.46798706054688,1.9950000047683716,22.219999313354492,18.661165079024887,0.0015686351030868018,0.0159364132498776,0.008782348413527652,0.18451205896667255,0.18864768369095652,0.1976216842183008,0.2573417649746496,0.0026622500626656276
2012-01-05,99.73279571533203,1.9930000305175781,21.479999542236328,18.973962232505347,0.0026622500626656276,0.0015686351030868018,0.009566024541090679,0.12885514460294703,0.13182659123625048,0.197693790501428,0.24880505651858043,-0.00257715298683614
2012-01-06,99.47576904296875,1.9609999656677246,20.6299991607666,18.81306061926635,-0.00257715298683614,0.0026622500626656276,0.02571438682263616,0.128524515225915,0.13504076833690234,0.19784585328312118,0.24893552213385373,0.0024274287018555274
2012-01-09,99.71723937988281,1.9600000381469727,21.06999969482422,18.415971683711817,0.0024274287018555274,-0.00257715298683614,0.012607100084287559,0.11109630366575102,0.13081773609100544,0.17872977732022574,0.24846206546095134,0.00867091074325299
2012-01-10,100.58187866210938,1.972000002861023,20.690000534057617,18.56289186724258,0.00867091074325299,0.0024274287018555274,0.020079829184090014,0.06386602072316834,0.1304351964409965,0.17183230822934578,0.2488378112337754,0.0005415873880834088
2012-01-11,100.6363525390625,1.9040000438690186,21.049999237060547,18.529900113646832,0.0005415873880834088,0.00867091074325299,0.012784694902815641,0.06526164249890316,0.13051545843646742,0.16098939753075459,0.24667551568412813,0.002399510318250586
2012-01-12,100.8778305053711,1.9329999685287476,20.469999313354492,18.594497075308496,0.002399510318250586,0.0005415873880834088,0.0117461458007031,0.06520781189584125,0.09913454655950389,0.15497847999540398,0.2430668177650549,-0.00517324611475245
2012-01-13,100.35596466064453,1.8530000448226929,20.90999984741211,19.00755700011374,-0.00517324611475245,0.002399510318250586,0.011481025692966051,0.07864239710660283,0.10065238660631479,0.14975215455526,0.24047648216251838,0.0038807628819441664
2012-01-17,100.74542236328125,1.850000023841858,22.200000762939453,18.69989608205224,0.0038807628819441664,-0.00517324611475245,0.008848341924309056,0.08006794577027257,0.09272610369685443,0.14976498512680111,0.23903411469468,0.011055968297838392
2012-01-18,101.85926055908203,1.8969999551773071,20.889999389648438,18.911682370313837,0.011055968297838392,0.0038807628819441664,0.010310985239788684,0.09318312890590684,0.07531261757474897,0.1521365497052396,0.2397908773183251,0.005276574300588255
2012-01-19,102.396728515625,1.972000002861023,19.8700008392334,18.6543993893304,0.005276574300588255,0.011055968297838392,0.012699920840252288,0.09284531290970692,0.07625998549248515,0.14236214227058033,0.2371326316974287,0.003727421039204426
2012-01-20,102.77840423583984,2.0280001163482666,18.280000686645508,18.744430976537725,0.003727421039204426,0.005276574300588255,0.017492446140465967,0.09234184671719388,0.07634797678368796,0.10487117336663503,0.23607392808291053,-0.0025767236311731168
2012-01-23,102.5135726928711,2.066999912261963,18.670000076293945,18.67761336835011,-0.0025767236311731168,0.003727421039204426,0.018840350956670804,0.0771123890064251,0.07634709499751659,0.10677639966747121,0.23232047794289704,-0.0011397922653242354
2012-01-24,102.396728515625,2.063999891281128,18.90999984741211,18.45104796690663,-0.0011397922653242354,-0.0025767236311731168,0.021499549523763317,0.08639849959917613,0.07917403845287874,0.10530784769204299,0.23163999303824928,0.008367343836801933
2012-01-25,103.2535171508789,2.006999969482422,18.309999465942383,19.10686977765834,0.008367343836801933,-0.0011397922653242354,0.016390880236615057,0.07204829424552314,0.07854154129613489,0.1048567813343287,0.22131823749458177,-0.0051292907417033184
2012-01-26,102.7238998413086,1.930999994277954,18.56999969482422,19.035220233792586,-0.0051292907417033184,0.008367343836801933,0.013688069048843676,0.0855027649064113,0.08743156737620565,0.10812173449737429,0.2216338949488676,-0.0004552062290690273
2012-01-27,102.67713928222656,1.8980000019073486,18.530000686645508,18.72270276363031,-0.0004552062290690273,-0.0051292907417033184,0.0031951345558238753,0.08105858649610406,0.08829939831439461,0.09269966083388508,0.21558119033626064,-0.003413706751132284
2012-01-30,102.32662963867188,1.8370000123977661,19.399999618530273,18.808061993634517,-0.003413706751132284,-0.0004552062290690273,-0.0009852746242383636,0.08281213511253731,0.08478995622359607,0.0905915996635169,0.20723937493440014,-0.0003805503007868749
2012-01-31,102.28768920898438,1.7990000247955322,19.440000534057617,18.873105777284646,-0.0003805503007868749,-0.003413706751132284,-0.0018235932012563572,0.0825332828768843,0.08478455678437756,0.0873335638329726,0.2049280037049284,0.008757107826537824
2012-02-01,103.18343353271484,1.8459999561309814,18.549999237060547,18.928910006086657,0.008757107826537824,-0.0003805503007868749,-0.0010648709995064731,0.08508969341334531,0.07807478861056857,0.07534261601724251,0.20246035868813275,0.001585349920466328
2012-02-02,103.34701538085938,1.8250000476837158,17.979999542236328,18.54369806568966,0.001585349920466328,0.008757107826537824,-0.0006787528415294064,0.0726511471059812,0.0749514503528196,0.07534159228496475,0.2019233629994161,0.014018485298134431
2012-02-03,104.79578399658203,1.9490000009536743,17.100000381469727,18.89441802568493,0.014018485298134431,0.001585349920466328,0.006065925656185023,0.11306581304509233,0.09948007885670115,0.08673691746906241,0.20339298805117728,-0.0006689821257498396
2012-02-06,104.72567749023438,1.9010000228881836,17.760000228881836,18.494809082327265,-0.0006689821257498396,0.014018485298134431,0.020634045018842917,0.10276404830858102,0.09748319865491833,0.08551332787683306,0.20198536041547677,0.002528739082150233
2012-02-07,104.9905014038086,1.965999960899353,17.649999618530273,18.724689564236098,0.002528739082150233,-0.0006689821257498396,0.02344500019236273,0.09559539755362745,0.09573627227385591,0.08551155231202529,0.18588249464827575,0.002967739638254141
2012-02-08,105.30208587646484,1.975000023841858,18.15999984741211,18.75258112411782,0.002967739638254141,0.002528739082150233,0.026423631384438595,0.09091289821243612,0.09017944247103221,0.08247821892313228,0.1852039441892298,0.0012577746011401825
2012-02-09,105.43453216552734,2.046999931335449,18.6299991607666,18.816788212264644,0.0012577746011401825,0.002967739638254141,0.020532873070930213,0.09150840023945357,0.08134610730725138,0.0823137463407136,0.18168025344416167,-0.0073878858990348295
2012-02-10,104.65559387207031,1.968999981880188,20.790000915527344,18.938923796451878,-0.0073878858990348295,0.0012577746011401825,0.02019910083493892,0.0671029131399578,0.09498481002072534,0.08926479119757587,0.18120259023413265,0.007442872995486516
2012-02-13,105.43453216552734,1.9900000095367432,19.040000915527344,18.567736897033328,0.007442872995486516,-0.0073878858990348295,-0.0013377458440150258,0.08603341168624727,0.09351844444462612,0.08730216980469707,0.18148884248864575,-0.0012561945914889572
2012-02-14,105.30208587646484,1.9240000247955322,19.540000915527344,18.92345101631696,-0.0012561945914889572,0.007442872995486516,0.0067686807312281605,0.08699006912840164,0.09450599021412696,0.08811392752887318,0.17800597281489178,-0.004659996935261201
2012-02-15,104.8113784790039,1.930999994277954,21.139999389648438,19.089510134292258,-0.004659996935261201,-0.0012561945914889572,0.002967739638254141,0.09071225539210405,0.09531777465068995,0.08483071972373024,0.17475743600874802,0.011072994970023231
2012-02-16,105.97195434570312,1.9930000305175781,19.219999313354492,19.044305275217877,0.011072994970023231,-0.004659996935261201,-0.004659996935261201,0.12561177146236574,0.1065609049410583,0.09060367117166922,0.1756802571871392,0.0026463726738947813
2012-02-17,106.25239562988281,2.009999990463257,17.780000686645508,18.682039895771023,0.0026463726738947813,0.011072994970023231,0.0050972121669972115,0.10096737913956641,0.08543358623699815,0.09036899000187092,0.17013898845664263,0.0004398022390637024
2012-02-21,106.29912567138672,2.0450000762939453,18.190000534057617,18.7136659872035,0.0004398022390637024,0.0026463726738947813,0.01525768187569998,0.09375109576533847,0.08486320022188024,0.08911054796203134,0.16968579461980912,-0.0032246120119524546
2012-02-22,105.95635223388672,2.005000114440918,18.190000534057617,18.639457181290563,-0.0032246120119524546,0.0004398022390637024,0.008200287781445326,0.09851395327753533,0.0877846488145915,0.09033090887848294,0.16230610853721303,0.004411174581979926
2012-02-23,106.42374420166016,1.9839999675750732,16.799999237060547,18.740619197778997,0.004411174581979926,-0.0032246120119524546,0.006213232643742961,0.08421206289041162,0.08901333231443555,0.08752060997566072,0.16205314010412739,0.002195829100406277
2012-02-24,106.65743255615234,1.9769999980926514,17.309999465942383,18.474592067808114,0.002195829100406277,0.004411174581979926,0.015383498872493462,0.04594463027067119,0.0891918704381436,0.08391930774355921,0.1526309973681484,0.0016799235296807158
2012-02-27,106.83660888671875,1.9220000505447388,18.190000534057617,18.797258611137863,0.0016799235296807158,0.002195829100406277,0.006468487013205904,0.04464601909972564,0.07538295463047986,0.0834676388093183,0.1526350019082766,0.0029159580235726956
2012-02-28,107.14813995361328,1.9290000200271606,17.959999084472656,18.678078085965474,0.0029159580235726956,0.0016799235296807158,0.005498353739439077,0.04578401458978406,0.06955696428953213,0.08100976946896851,0.1295095726280157,-0.003925343565467698
2012-02-29,106.72754669189453,1.9769999980926514,18.43000030517578,19.04090610014554,-0.003925343565467698,0.0029159580235726956,0.007987029779070953,0.05046301089041749,0.07381012297848265,0.08351388639414298,0.12997414166833435,0.0051817167969130384
2012-03-01,107.28057861328125,2.0369999408721924,17.260000228881836,18.792406363114043,0.0051817167969130384,-0.003925343565467698,0.007278416458746051,0.053510750277652286,0.06762833949575889,0.08067246864946442,0.13005907323174787,-0.003049750097429249
2012-03-02,106.95339965820312,1.9859999418258667,17.290000915527344,18.608307378901937,-0.003049750097429249,0.0051817167969130384,0.008051158301642714,0.06215109791839295,0.05189022637613701,0.08261322566751228,0.12901896239533853,-0.004078439809521606
2012-03-05,106.51719665527344,2.005000114440918,18.049999237060547,18.762602398345784,-0.004078439809521606,-0.003049750097429249,0.002774931806978964,0.06871505362784977,0.05643368175417256,0.07107801775664432,0.12951080133239698,-0.014625157809856293
2012-03-06,104.95936584472656,1.944000005722046,20.8700008392334,19.124421122939257,-0.014625157809856293,-0.004078439809521606,-0.0029897264128253553,0.11170488798906467,0.09352943281195734,0.08977270096858948,0.13354310737888392,0.006975820866316651
2012-03-07,105.69154357910156,1.972000002861023,19.06999969482422,18.783184076785897,0.006975820866316651,-0.014625157809856293,-0.0204275511439983,0.13677117053252338,0.10120724951381449,0.09269132026840216,0.1250578112409078,0.009949179980195177
2012-03-08,106.74308776855469,2.0139999389648438,17.950000762939453,18.577418654011236,0.009949179980195177,0.006975820866316651,-0.009706988916214354,0.15529771503450945,0.111605129800278,0.09844173437361685,0.12219255802723807,0.003867763845835537
2012-03-09,107.15594482421875,2.0380001068115234,17.110000610351562,18.626367211191937,0.003867763845835537,0.009949179980195177,-0.0050101411800180795,0.15720248793213107,0.11270134957880827,0.09907247274997705,0.11755570748574401,7.233816897844747e-05
2012-03-12,107.1636962890625,2.0309998989105225,15.640000343322754,18.459935120000583,7.233816897844747e-05,0.003867763845835537,0.0018937702463213135,0.15241200631558313,0.11251454017731591,0.09429012617987996,0.1152949562071714,0.018026065486937304
2012-03-13,109.0954360961914,2.1070001125335693,14.800000190734863,19.030938047913963,0.018026065486937304,7.233816897844747e-05,0.006069439058571602,0.10797219291984098,0.14353593580656443,0.10979073838953247,0.11683297457786394,-0.0010708873133246088
2012-03-14,108.97860717773438,2.2739999294281006,15.3100004196167,18.79337194711085,-0.0010708873133246088,0.018026065486937304,0.03940639520996725,0.12543892683501626,0.14101913948100528,0.10972582381252656,0.11703157175015798,0.005789186871729024
2012-03-15,109.60950469970703,2.2809998989105225,15.420000076293945,18.92217396197014,0.005789186871729024,-0.0010708873133246088,0.031100535457434297,0.12093655885726817,0.1414202459914152,0.10789597751929385,0.1172211005045281,0.0013847960048269936
2012-03-16,109.76129150390625,2.2980000972747803,14.470000267028809,18.845252165090766,0.0013847960048269936,0.005789186871729024,0.02685341965530763,0.12408060593739405,0.13854648148927828,0.10276168328582351,0.11400035539585426,0.00391995847255977
2012-03-19,110.1915512084961,2.378999948501587,15.039999961853027,18.646150395795864,0.00391995847255977,0.0013847960048269936,0.02431359906313535,0.11760365201860869,0.13342758537256966,0.10300356683513645,0.09849454285501305,-0.0029108856474476807
2012-03-20,109.87079620361328,2.371999979019165,15.579999923706055,18.617313579127114,-0.0029108856474476807,0.00391995847255977,0.02825448378773987,0.056294038971519314,0.09704389327606631,0.10428712711479227,0.09905503041077875,-0.0016370407996397773
2012-03-21,109.69093322753906,2.2939999103546143,15.130000114440918,18.622710160480302,-0.0016370407996397773,-0.0029108856474476807,0.007107172721123156,0.05799168408447941,0.10070324010108625,0.10344689243977961,0.09835009162043346,-0.007204287837656476
2012-03-22,108.90068817138672,2.2750000953674316,15.569999694824219,18.722389242050678,-0.007204287837656476,-0.0016370407996397773,0.006536384234044679,0.06736138802718915,0.1076596957625655,0.10762156850275548,0.09902697089418157,0.003232979289162108
2012-03-23,109.25276184082031,2.236999988555908,14.819999694824219,18.607334577867288,0.003232979289162108,-0.007204287837656476,-0.006466743283460974,0.07302380670763167,0.10740210347820882,0.10781511908116011,0.09905744079057903,0.014034798098153445
2012-03-26,110.78610229492188,2.24399995803833,14.260000228881836,18.604368042696063,0.014034798098153445,0.003232979289162108,-0.004633051015692891,0.1290623718703527,0.12235941618406983,0.11703244244767544,0.09726888355394761,-0.003106957971637625
2012-03-27,110.44189453125,2.187000036239624,15.59000015258789,18.60190587489111,-0.003106957971637625,0.014034798098153445,0.005395614091145751,0.12945346541727187,0.09415699607747575,0.11824615180916397,0.0963618896996836,-0.00495860689258798
2012-03-28,109.89425659179688,2.196000099182129,15.470000267028809,18.816513617342753,-0.00495860689258798,-0.003106957971637625,0.005197908337519985,0.13581105495668094,0.09874320084946635,0.11893459471103472,0.0963749404169307,-0.0017081989383548324
2012-03-29,109.70653533935547,2.1589999198913574,15.479999542236328,18.921236013723245,-0.0017081989383548324,-0.00495860689258798,0.0018536022830260013,0.12124907608226794,0.09536687646233505,0.11861193323429622,0.09214531567046612,0.004136109470073812
2012-03-30,110.16029357910156,2.2160000801086426,15.5,18.72438478394531,0.004136109470073812,-0.0017081989383548324,0.007399835405085042,0.12222841937132636,0.09737984407486291,0.11798222921501725,0.09228255902881449,0.007314600181592468
2012-04-02,110.96607208251953,2.193000078201294,15.640000343322754,18.837686343680225,0.007314600181592468,0.004136109470073812,0.008306716672330072,0.08218307297879629,0.10220672668942922,0.11776279315586038,0.09297545992080301,-0.004089230704707458
2012-04-03,110.5123062133789,2.2839999198913574,15.65999984741211,18.864126700745583,-0.004089230704707458,0.007314600181592468,0.001624479820750091,0.0850219571923626,0.10354104548512644,0.10295463375042006,0.09333028299641447,-0.009910688033312076
2012-04-04,109.41705322265625,2.243000030517578,16.440000534057617,18.805235418173154,-0.009910688033312076,-0.004089230704707458,0.0006375450405642358,0.10791372094799061,0.1161158955476408,0.11060244021178824,0.09633705115434461,-0.000500365651822432
2012-04-05,109.3623046875,2.174999952316284,16.700000762939453,18.738693657925296,-0.000500365651822432,-0.009910688033312076,-0.004342386799277453,0.10764997231757482,0.10952464703949419,0.1064792619640671,0.09527591438466386,-0.011231353862501847
2012-04-09,108.13401794433594,2.0369999408721924,18.809999465942383,18.664065265692052,-0.011231353862501847,-0.000500365651822432,-0.003137740616734108,0.1195876151302579,0.12251201552710285,0.11469771981799769,0.09872851890956591,-0.01678460873942078
2012-04-10,106.31903076171875,1.9880000352859497,20.389999389648438,19.276628093708496,-0.01678460873942078,-0.011231353862501847,-0.018393883757314433,0.10087936229016692,0.11398800028299433,0.13006856971444727,0.10535328449258252,0.008094321761309642
2012-04-11,107.17961120605469,2.0280001163482666,20.020000457763672,18.85332643051014,0.008094321761309642,-0.01678460873942078,-0.04187803743602847,0.15631394954321393,0.12949093240860823,0.1153943318131371,0.10559633536590317,0.013065616874875285
2012-04-12,108.5799789428711,2.0490000247955322,17.200000762939453,18.854548653056696,0.013065616874875285,0.008094321761309642,-0.030156777299438442,0.199779571692803,0.15146360275972606,0.12551846103250427,0.108266411200248,-0.011888380910489493
2012-04-13,107.28913879394531,1.9980000257492065,19.549999237060547,18.946867977690765,-0.011888380910489493,0.013065616874875285,-0.007650309116639886,0.2122614999583905,0.16082471530741868,0.1300218939429815,0.10961289998335844,-0.0006564930160151139
2012-04-16,107.21870422363281,1.9739999771118164,19.549999237060547,18.811541735860537,-0.0006564930160151139,-0.011888380910489493,-0.018956859948029647,0.20179487041949082,0.15731629507336276,0.12971908161152898,0.10927250367934609,0.014812247880757523
2012-04-17,108.80685424804688,2.009000062942505,18.459999084472656,18.81189546928819,0.014812247880757523,-0.0006564930160151139,-0.008464623234237911,0.17527280308302642,0.17421963845673807,0.1406547240167817,0.1128478915958694,-0.0033793003444511083
2012-04-18,108.43916320800781,1.9819999933242798,18.639999389648438,18.63485782434446,-0.0033793003444511083,0.014812247880757523,0.023399606528616834,0.1800758340387067,0.17400718820044717,0.1407668065124401,0.11296771233801649,-0.006420799955647261
2012-04-19,107.7428970336914,1.9520000219345093,18.360000610351562,19.10713910918029,-0.006420799955647261,-0.0033793003444511083,0.011751787376160783,0.15923350433553532,0.1703165445933313,0.1422424607315134,0.1139019285826728,0.0016697968719474598
2012-04-20,107.92280578613281,1.9700000286102295,17.440000534057617,18.77975002617409,0.0016697968719474598,-0.006420799955647261,-0.00770935781466775,0.12994014920696956,0.1710162112726139,0.14046754056263377,0.11284203646104031,-0.008408728671370436
2012-04-23,107.01531219482422,1.9329999685287476,18.969999313354492,18.962102889595013,-0.008408728671370436,0.0016697968719474598,0.005906161605085503,0.14741675485404987,0.1669522579919901,0.14252247208925609,0.11376968539615014,0.0038014613689552057
2012-04-24,107.42212677001953,1.9609999656677246,18.100000381469727,18.739019566651,0.0038014613689552057,-0.008408728671370436,-0.0018969827166011033,0.0825410485990536,0.14263137032820725,0.13248412034510818,0.11391821963894767,0.013691516205963428
2012-04-25,108.89289855957031,1.9839999675750732,16.81999969482422,18.827825780190764,0.013691516205963428,0.0038014613689552057,-0.012726472864205585,0.1403962988475151,0.15275874246554275,0.1428106764250552,0.1165918852850601,0.006968985084226498
2012-04-26,109.65177154541016,1.9589999914169312,16.239999771118164,18.730307273344753,0.006968985084226498,0.013691516205963428,0.004184238776281823,0.12826692056356948,0.1427136798357749,0.14432529670879427,0.11717450875844804,0.0016406586096273656
2012-04-27,109.83167266845703,1.9329999685287476,16.31999969482422,18.688606445688116,0.0016406586096273656,0.006968985084226498,0.017716940645487123,0.12829391613294078,0.12329104169156824,0.14431104186296959,0.11611338422242273,-0.003703357153380993
2012-04-30,109.4249267578125,1.9149999618530273,17.149999618530273,18.561244112925507,-0.003703357153380993,0.0016406586096273656,0.017687335576754393,0.1024295426885868,0.1262986371684902,0.14408311575555188,0.11651780167585075,0.006219398734283121
2012-05-01,110.10548400878906,1.9559999704360962,16.600000381469727,18.748776574807376,0.006219398734283121,-0.003703357153380993,0.022516540049908995,0.10285811599123262,0.10807012229494256,0.14336654254905898,0.1138558906947674,-0.0029837692542538097
2012-05-02,109.7769546508789,1.9220000505447388,16.8799991607666,18.611970309344933,-0.0029837692542538097,0.006219398734283121,0.024979557931433805,0.07909385260988308,0.10761731759350439,0.14303750698427017,0.11408633540655796,-0.007625644734039261
2012-05-03,108.93983459472656,1.9240000247955322,17.559999465942383,18.7836537205821,-0.007625644734039261,-0.0029837692542538097,0.00811858351649053,0.08467728294385375,0.11016106375061543,0.14121857801521429,0.1153245017011335,-0.016157757125482952
2012-05-04,107.17961120605469,1.8799999952316284,19.15999984741211,19.082993909682703,-0.016157757125482952,-0.007625644734039261,-0.006492708149168025,0.12869585272939282,0.14000964439793293,0.15219820637226827,0.12023306276833011,0.0007300555528426678
2012-05-07,107.25785827636719,1.8769999742507935,18.940000534057617,18.6657102489697,0.0007300555528426678,-0.016157757125482952,-0.024146599955806702,0.13488474463619166,0.13318997038330188,0.14734053090425234,0.12022039817191676,-0.004011380444374546
2012-05-08,106.82760620117188,1.8370000123977661,19.049999237060547,19.178574397463905,-0.004011380444374546,0.0007300555528426678,-0.019804157477222972,0.10169855244520098,0.13314474927966005,0.13491418890625312,0.11949342793776828,-0.005932535301113262
2012-05-09,106.19384765625,1.8350000381469727,20.079999923706055,19.212552726942487,-0.005932535301113262,-0.004011380444374546,-0.029770341024571767,0.09826783310158987,0.10867837558568635,0.13330690069078008,0.11925588481968312,0.0020626422511897946
2012-05-10,106.41288757324219,1.8839999437332153,18.829999923706055,18.830137879970174,0.0020626422511897946,-0.005932535301113262,-0.032639883352787225,0.11460610654497648,0.09909556158059908,0.12392607325150298,0.11928300941704512,-0.0030143213063038576
2012-05-11,106.09212493896484,1.840999960899353,19.889999389648438,18.846160228178174,-0.0030143213063038576,0.0020626422511897946,-0.023195803728590314,0.05294339818042232,0.09572082137090315,0.11739583039112014,0.11904390740558037,-0.011060854367203388
2012-05-14,104.91865539550781,1.7879999876022339,21.8700008392334,18.914828060766453,-0.011060854367203388,-0.0030143213063038576,-0.010146391229196916,0.07553002656856156,0.1031234353319441,0.1232043341543467,0.11907532539326007,-0.00574117114597561
2012-05-15,104.31629943847656,1.7769999504089355,21.969999313354492,19.151264840914962,-0.00574117114597561,-0.011060854367203388,-0.021809151501347768,0.07597886513713101,0.08529790104686027,0.10886283935734664,0.11947740273612811,-0.003825437473387261
2012-05-16,103.91724395751953,1.7649999856948853,22.270000457763672,19.14951114291015,-0.003825437473387261,-0.00574117114597561,-0.02350803179064176,0.0753605662872724,0.08474047911236733,0.10894480013272043,0.11968743456925686,-0.014830652977345204
2012-05-17,102.37608337402344,1.7020000219345093,24.489999771118164,19.328910678719552,-0.014830652977345204,-0.003825437473387261,-0.021438188265857416,0.08053330132208762,0.09676715459969013,0.11714468667404059,0.12319030589620161,-0.008558841813900986
2012-05-18,101.49986267089844,1.7020000219345093,25.100000381469727,19.582630523434783,-0.008558841813900986,-0.014830652977345204,-0.037935294223082616,0.06903177357227064,0.08106972569160939,0.11791028984076339,0.12382839269996342,0.0171879592206432
2012-05-21,103.24443817138672,1.7350000143051147,22.010000228881836,18.996513472178613,0.0171879592206432,-0.008558841813900986,-0.0432856092825773,0.19222189259196495,0.13807453728029398,0.13605476551605367,0.1290578823256572,0.0017429948963436637
2012-05-22,103.42439270019531,1.7929999828338623,22.479999542236328,19.1014071095748,0.0017429948963436637,0.0171879592206432,-0.01595728822305109,0.19321550927667266,0.14079073181189047,0.13513241307305626,0.12906251691386897,0.000529505588725776
2012-05-23,103.47915649414062,1.7209999561309814,22.329999923706055,19.138317594560018,0.000529505588725776,0.0017429948963436637,-0.008550022796842804,0.19260870283977108,0.1410121238236185,0.12253120879382802,0.12888461759484193,0.0019657573938931527
2012-05-24,103.68257141113281,1.7589999437332153,21.540000915527344,18.93564340436907,0.0019657573938931527,0.000529505588725776,-0.004215734046584152,0.14694608772655934,0.14092418189401743,0.1186178506579938,0.12879072916305498,-0.0032443254474173733
2012-05-25,103.34619140625,1.7450000047683716,21.760000228881836,18.724228298895635,-0.0032443254474173733,0.0019657573938931527,0.012761652859254458,0.12474827307860557,0.14094964850730304,0.11747148023788011,0.12837400510522604,0.012111731820479754
2012-05-29,104.59789276123047,1.7309999465942383,21.030000686645508,18.845186757948056,0.012111731820479754,-0.0032443254474173733,0.018190455501778002,0.09051623564764857,0.14965847763091863,0.1290784028979664,0.13086946919635453,-0.014510000288113889
2012-05-30,103.0801773071289,1.625,24.139999389648438,18.90539070922829,-0.014510000288113889,0.012111731820479754,0.013109225192324603,0.15266029065993794,0.1643892721296833,0.1320376320764803,0.13385510571236223,-0.0022008855796328275
2012-05-31,102.85330963134766,1.5809999704360962,24.059999465942383,19.094573751887367,-0.0022008855796328275,-0.014510000288113889,-0.0033281838459927604,0.152584985898468,0.16384845821277152,0.1320884557510593,0.1306430140829761,-0.025176785222727704
2012-06-01,100.2637939453125,1.4670000076293945,26.65999984741211,19.34985177152362,-0.025176785222727704,-0.0022008855796328275,-0.006048047587519756,0.2228668172720276,0.19382526680945886,0.15290589017444536,0.13931944615908176,-0.00046812546492958074
2012-06-04,100.21685791015625,1.5269999504089355,26.1200008392334,19.12647659671431,-0.00046812546492958074,-0.025176785222727704,-0.03297350190384285,0.22634774612313213,0.1904023754505846,0.14649990448900582,0.13749744479427253,0.00757215645027598
2012-06-05,100.97571563720703,1.555999994277954,24.68000030517578,18.916287552803787,0.00757215645027598,-0.00046812546492958074,-0.03028010469967357,0.20465665423144097,0.16934627707674232,0.15094946491500166,0.13826663239275505,0.02246800153742834
2012-06-06,103.24443817138672,1.6510000228881836,22.15999984741211,19.031547887967367,0.02246800153742834,0.00757215645027598,-0.03462954203381441,0.27496819223951985,0.2098596708642866,0.1757525298297839,0.14635659849462235,0.0006065418285152724
2012-06-07,103.30706024169922,1.6540000438690186,21.719999313354492,19.034636984398436,0.0006065418285152724,0.02246800153742834,0.0015935252397596411,0.2739908115494862,0.2098664490173544,0.175169110364544,0.14116016892480213,0.007951235474954244
2012-06-08,104.12847900390625,1.6369999647140503,21.229999542236328,18.784736191843052,0.007951235474954244,0.0006065418285152724,0.004411628677559509,0.14531491615422135,0.2136234919203502,0.1779027335378877,0.14231139293840744,-0.012697086412343017
2012-06-11,102.80635070800781,1.600000023841858,23.559999465942383,18.949873264847053,-0.012697086412343017,0.007951235474954244,0.038545170759264114,0.20279394791038938,0.22332623951886893,0.1825971478074134,0.14373624368489424,0.011490805885907118
2012-06-12,103.98767852783203,1.6610000133514404,22.09000015258789,19.019142455035848,0.011490805885907118,-0.012697086412343017,0.02583889429234576,0.20755809142419698,0.2223692325309667,0.184487678933156,0.14593585170978898,-0.006394703751091413
2012-06-13,103.32270812988281,1.5989999771118164,24.270000457763672,18.964305938235775,-0.006394703751091413,0.011490805885907118,0.02982858672125288,0.15825893295915483,0.21151626733906337,0.18475389679376442,0.14602421690952996,0.010600017101446646
2012-06-14,104.41793060302734,1.6109999418258667,21.68000030517578,19.256262383834933,0.010600017101446646,-0.006394703751091413,0.000758103389222331,0.17493457238321908,0.2169444282928133,0.18828325921555986,0.14789434407150176,0.010227551457238082
2012-06-15,105.48587036132812,1.5870000123977661,21.110000610351562,18.948036003440002,0.010227551457238082,0.010600017101446646,0.010753092370735517,0.18032098057027363,0.15991547203138248,0.18248313669828992,0.1495983663425128,0.0019380534583361975
2012-06-18,105.6903076171875,1.5839999914169312,18.31999969482422,18.693459062658267,0.0019380534583361975,0.010227551457238082,0.01303573595241847,0.12255154618312161,0.15799928337604544,0.17852407295322953,0.14904876425392422,0.00967289490249068
2012-06-19,106.71263885498047,1.6200000047683716,18.3799991607666,18.738280299457667,0.00967289490249068,0.0019380534583361975,0.028052322539594332,0.11760008398853815,0.15916441897078923,0.17196429710235794,0.15030839992024733,-0.001621072194050499
2012-06-20,106.5396499633789,1.6419999599456787,17.239999771118164,19.145577533920225,-0.001621072194050499,0.00967289490249068,0.02620464622084162,0.08943739627830828,0.13108502141724493,0.17236967030956496,0.14730425743247316,-0.022439043952231286
2012-06-21,104.14900207519531,1.6180000305175781,20.079999923706055,19.139847466098974,-0.022439043952231286,-0.001621072194050499,0.03113489659458213,0.2110586130390228,0.1840783451372093,0.19228832484999475,0.15388552212298093,0.007701916443154655
2012-06-22,104.9511489868164,1.6720000505447388,18.110000610351562,18.683269606272795,0.007701916443154655,-0.022439043952231286,-0.0025755014132049503,0.20364459350384245,0.18381397205918107,0.19398131116465325,0.15465568577922353,-0.016034856246551987
2012-06-25,103.26827239990234,1.6080000400543213,20.3799991607666,18.80168716893986,-0.016034856246551987,0.007701916443154655,-0.005069127956949138,0.22630201613467474,0.19131150255631948,0.20253730149158033,0.1578017135839591,0.00502579165619732
2012-06-26,103.78727722167969,1.628000020980835,19.719999313354492,18.768756830456184,0.00502579165619732,-0.016034856246551987,-0.022916341828219666,0.2097057715424943,0.18351938741649668,0.1984564089119909,0.15793488073889753,0.009016285828919113
2012-06-27,104.72305297851562,1.621000051498413,19.450000762939453,18.498456277373652,0.009016285828919113,0.00502579165619732,-0.027413450409339624,0.23418542750703814,0.18509407938922193,0.19364883609833786,0.1583528933299804,-0.0028532899711939397
2012-06-28,104.42424774169922,1.5770000219345093,19.709999084472656,18.946840798061938,-0.0028532899711939397,0.009016285828919113,-0.017050900631715105,0.1644943387719874,0.17859518926542825,0.19379948269692038,0.1582673304240545,0.024926764956332947
2012-06-29,107.02720642089844,1.659000039100647,17.079999923706055,19.173279628140833,0.024926764956332947,-0.0028532899711939397,0.0026428065657813082,0.23976637878434287,0.2137938018380695,0.18607824574743204,0.16571920310553068,0.0030126309231288673
2012-07-02,107.34963989257812,1.5800000429153442,16.799999237060547,18.679380618119584,0.0030126309231288673,0.024926764956332947,0.01978117871146723,0.16628686501639572,0.21391877540251333,0.18554425080225959,0.1658586929087288,0.006592501264344408
2012-07-03,108.05734252929688,1.63100004196167,16.65999984741211,18.203146443832747,0.006592501264344408,0.0030126309231288673,0.039521988678873576,0.16499190192866833,0.21122217795053194,0.18529209782554074,0.16484020415850162,-0.004511945386708072
2012-07-05,107.56979370117188,1.597000002861023,17.5,18.653200211670395,-0.004511945386708072,0.006592501264344408,0.04114247354708733,0.18695123592699095,0.21284642747526517,0.17291899402952218,0.161371956417493,-0.00950353306115126
2012-07-06,106.54750061035156,1.5440000295639038,17.100000381469727,18.83406177828155,-0.00950353306115126,-0.004511945386708072,0.02718351539312236,0.2100556027063818,0.18030429470674839,0.1777420024308668,0.16174588294992923,-0.0012548160116355733
2012-07-09,106.41380310058594,1.5130000114440918,17.979999542236328,18.457788659411968,-0.0012548160116355733,-0.00950353306115126,0.02033294866441704,0.09988571619868962,0.17843893800635163,0.1763812084465333,0.15943308216509608,-0.00872004112455882
2012-07-10,105.48587036132812,1.4980000257492065,18.719999313354492,18.93878859382871,-0.00872004112455882,-0.0012548160116355733,-0.005731284042864826,0.10385757023149161,0.16133804076593153,0.17276967573348026,0.1585782275044434,0.00014891969214492207
2012-07-11,105.50157928466797,1.4980000257492065,17.950000762939453,18.769458393186234,0.00014891969214492207,-0.00872004112455882,-0.017361674739803767,0.06856796409332806,0.16078002217682671,0.16857440632251536,0.15857763954139117,-0.0048450630565441966
2012-07-12,104.99041748046875,1.4789999723434448,18.329999923706055,18.78242522305549,-0.0048450630565441966,0.00014891969214492207,-0.02365191651771359,0.06853027968952884,0.15811873090142622,0.16778798087507896,0.15570991546492297,0.01677798848132417
2012-07-13,106.75194549560547,1.4989999532699585,16.739999771118164,18.68029199928844,0.01677798848132417,-0.0048450630565441966,-0.023978629427036102,0.1550760497775313,0.17676984712742794,0.17387030626295044,0.15957603674096232,-0.002357457813433217
2012-07-16,106.50028228759766,1.4639999866485596,17.110000610351562,18.395621374364868,-0.002357457813433217,0.01677798848132417,0.0019188144638095928,0.15602159995209677,0.12400740965835579,0.17088126905099685,0.1591173561470552,0.006867224888523316
2012-07-17,107.23164367675781,1.5010000467300415,16.479999542236328,18.748978956937922,0.006867224888523316,-0.002357457813433217,0.0008126688877942989,0.13808490114196179,0.12846463310112768,0.1723083833573175,0.1597257480931248,0.007406724379664942
2012-07-18,108.02587890625,1.4789999723434448,16.15999984741211,18.54598829706696,0.007406724379664942,0.006867224888523316,0.0165498308868266,0.1372003297714162,0.1297079009518817,0.1709394983040677,0.15948217131818454,0.002621269837323803
2012-07-19,108.30904388427734,1.5149999856948853,15.449999809265137,18.681869710335253,0.002621269837323803,0.007406724379664942,0.023926652460536824,0.11219713918253846,0.12768603509502027,0.1708496985695235,0.15938684959758825,-0.009148803246596282
2012-07-20,107.31814575195312,1.4600000381469727,16.270000457763672,18.777687139954793,-0.009148803246596282,0.002621269837323803,0.031608850440336234,0.11007899128560855,0.12690123000953238,0.1522978337136885,0.15798822410093155,-0.010112108254533236
2012-07-23,106.2329330444336,1.434999942779541,18.6200008392334,18.7936977332945,-0.010112108254533236,-0.009148803246596282,0.005303887003829555,0.13603198999385577,0.13811266264460778,0.15582992161824766,0.15855758344176943,-0.008586799795434752
2012-07-24,105.32073211669922,1.4040000438690186,20.469999313354492,18.9705416848407,-0.008586799795434752,-0.010112108254533236,-0.002510314878247044,0.12746909138729845,0.1378822179343045,0.1472581990301586,0.15935704287540653,0.0002239108865096373
2012-07-25,105.34431457519531,1.406000018119812,19.34000015258789,18.6762705829591,0.0002239108865096373,-0.008586799795434752,-0.0178204072467536,0.09444476704560718,0.13788686983163076,0.14651251603869747,0.1592387629334934,0.016497618356147825
2012-07-26,107.08224487304688,1.4279999732971191,17.530000686645508,18.86873588907211,0.016497618356147825,0.0002239108865096373,-0.02482335120255652,0.17874717480812616,0.1576029487586613,0.15428757785573408,0.16247460295134358,0.018432495808480942
2012-07-27,109.05603790283203,1.5549999475479126,16.700000762939453,19.28259512211307,0.018432495808480942,0.016497618356147825,-0.011326838158974395,0.21501201061211342,0.16209605689401915,0.16506968980188827,0.16689498964092844,0.0
2012-07-30,109.05603790283203,1.503999948501587,18.030000686645508,18.48629994032505,0.0,0.018432495808480942,0.016193833192904128,0.18522021911709663,0.16067226592114317,0.14165134653624306,0.1661476489954611,-0.006994238849300505
2012-07-31,108.29327392578125,1.4919999837875366,18.93000030517578,18.607789996418862,-0.006994238849300505,0.0,0.0265746673606162,0.17789068614084438,0.16494091632177232,0.14417522819975648,0.1633625125805006,-0.0008713408334775075
2012-08-01,108.19891357421875,1.5390000343322754,18.959999084472656,18.744890972781533,-0.0008713408334775075,-0.006994238849300505,0.02822371008386404,0.18014403832384843,0.16117741491265045,0.14239933587925996,0.1633743036691876,-0.006904600867249422
2012-08-02,107.45184326171875,1.4780000448226929,17.56999969482422,19.11160846834062,-0.006904600867249422,-0.0008713408334775075,0.02709779840074633,0.16543539681584438,0.16424538665447552,0.14367546064245457,0.1637997128698565,0.019833174381465257
2012-08-03,109.58295440673828,1.5770000219345093,15.640000343322754,18.876997388554095,0.019833174381465257,-0.006904600867249422,0.003451537545837491,0.17490440085261094,0.18575890121702807,0.1552536210218313,0.16816648731608982,0.001937373953553756
2012-08-06,109.79525756835938,1.5579999685287476,15.949999809265137,18.273643713683374,0.001937373953553756,0.019833174381465257,0.004831612389730511,0.1747384820371993,0.17288672812696804,0.15492897237756897,0.1681619623214626,0.0050137293340792866
2012-08-07,110.34574127197266,1.628000020980835,15.989999771118164,18.51184690369956,0.0050137293340792866,0.001937373953553756,0.0067783469832820575,0.1584302699800623,0.1595449997437601,0.1503866369848521,0.1682345462359895,0.001211692790486607
2012-08-08,110.47944641113281,1.6399999856948853,15.319999694824219,18.312590962791024,0.001211692790486607,0.0050137293340792866,0.018952860799074767,0.15521710399620292,0.15884163982339305,0.1502325350322078,0.16643728930483223,0.0008535462429393181
2012-08-09,110.57374572753906,1.687999963760376,15.279999732971191,18.318556109401808,0.0008535462429393181,0.001211692790486607,0.021077224914552772,0.12748710516133535,0.1454777901896039,0.1479572223620818,0.16585853127864572,0.0016364314051864337
2012-08-10,110.75469207763672,1.6490000486373901,14.739999771118164,18.41860560233456,0.0016364314051864337,0.0008535462429393181,0.02905396846675168,0.02640760337160659,0.11829484534812668,0.13820130747962878,0.16555373061763828,-0.0004973534527730195
2012-08-13,110.6996078491211,1.6540000438690186,13.699999809265137,18.190347672362858,-0.0004973534527730195,0.0016364314051864337,0.010692700130618071,0.032486777549685514,0.11850601314067091,0.13760164560769383,0.16222940623162796,0.00014197478238409111
2012-08-14,110.71532440185547,1.7259999513626099,14.850000381469727,18.444196088224494,0.00014197478238409111,-0.0004973534527730195,0.008236697110516555,0.013522788596606366,0.10919585648855647,0.13649406652953344,0.16093318596402836,0.0011363950374039256
2012-08-15,110.84114074707031,1.8049999475479126,14.630000114440918,18.079399576938197,0.0011363950374039256,0.00014197478238409111,0.003349319381269922,0.013341859354292517,0.10805558041836076,0.13478121920844482,0.15757701624399867,0.007378699450791171
2012-08-16,111.65900421142578,1.8359999656677246,14.289999961853027,18.534136215864464,0.007378699450791171,0.0011363950374039256,0.0032738608645042078,0.04987799941903,0.09667326737500954,0.13643759478311504,0.1580774907532326,0.0013379232187449297
2012-08-17,111.80839538574219,1.815999984741211,13.449999809265137,18.324320724258943,0.0013379232187449297,0.007378699450791171,0.00981479352757808,0.0500444494004294,0.03777250469368396,0.13046914395540307,0.15806876696746083,7.062460124385161e-05
2012-08-20,111.81629180908203,1.8140000104904175,14.020000457763672,18.175492240960683,7.062460124385161e-05,0.0013379232187449297,0.009513848021597493,0.048468263211425854,0.039021751291274186,0.12261535957895174,0.1580844278258517,-0.0030244299513133566
2012-08-21,111.47811126708984,1.8049999475479126,15.020000457763672,18.474989945416755,-0.0030244299513133566,7.062460124385161e-05,0.010087515047776163,0.06000846177237817,0.04143754463652151,0.11736636699989178,0.15805802016333909,0.0004239764971245563
2012-08-22,111.52537536621094,1.718999981880188,15.109999656677246,18.707688846837673,0.0004239764971245563,-0.0030244299513133566,0.00688962317868258,0.06040238822962874,0.041526514219818095,0.11730866128885989,0.1564538447655366,-0.008179860053329269
2012-08-23,110.61311340332031,1.6660000085830688,15.960000038146973,18.529233767130666,-0.008179860053329269,0.0004239764971245563,0.006173110584471342,0.06172003301912056,0.06186671436636637,0.11189621988043118,0.1542759722198913,0.006042991852413859
2012-08-24,111.28154754638672,1.6779999732971191,15.180000305175781,18.41547924960505,0.006042991852413859,-0.008179860053329269,-0.009366829083708117,0.08264056303131391,0.06863063326494584,0.09454248532992415,0.15441963481876264,0.000212191298511355
2012-08-27,111.30516052246094,1.6490000486373901,16.350000381469727,18.046509354577516,0.000212191298511355,0.006042991852413859,-0.004712059747730257,0.08275494452062766,0.06843897466945752,0.09451490006287713,0.14421299732295131,-0.0009897189592973366
2012-08-28,111.19499969482422,1.6299999952316284,16.489999771118164,18.142151337769278,-0.0009897189592973366,0.000212191298511355,-0.004571170071475894,0.08070737347000967,0.06886423446837694,0.09004444176876056,0.1442517319432188,0.0007783430172223493
2012-08-29,111.28154754638672,1.6540000438690186,17.059999465942383,17.996358466761514,0.0007783430172223493,-0.0009897189592973366,-0.002539615795851824,0.08100110682647614,0.06878639207537728,0.08969728832552522,0.14375655194131687,-0.0072078538889797095
2012-08-30,110.47944641113281,1.6200000047683716,17.829999923706055,18.38598474920413,-0.0072078538889797095,0.0007783430172223493,-0.002186299028571481,0.07522837573337293,0.0663093118802765,0.09007625748679053,0.13816707752110555,0.00476915510385445
2012-08-31,111.00634002685547,1.562000036239624,17.469999313354492,18.839196329584993,0.00476915510385445,-0.0072078538889797095,-0.0012084190388902405,0.06880263776821305,0.07178536392485416,0.060078379479885737,0.13835823067579353,-0.0009213170496987777
2012-09-04,110.90406799316406,1.5809999704360962,17.979999542236328,18.604885534680932,-0.0009213170496987777,0.00476915510385445,-0.0024730741582879023,0.06854645621591751,0.0716557451871298,0.060124303175770936,0.13771226779309048,-0.0008508973806339304
2012-09-05,110.80970001220703,1.593999981880188,17.739999771118164,18.427262049572274,-0.0008508973806339304,-0.0009213170496987777,-0.0036035393814102257,0.06851839216834897,0.07059758378421614,0.057858127230399355,0.13475560911145482,0.020296612879783016
2012-09-06,113.05876159667969,1.6729999780654907,15.600000381469727,18.87982879529493,0.020296612879783016,-0.0008508973806339304,-0.0034650810169040147,0.16582467857257216,0.12675576970801597,0.0918744900399785,0.13875307022924707,0.0038948397978302296
2012-09-07,113.49910736083984,1.6610000133514404,14.380000114440918,18.49087916447298,0.0038948397978302296,0.020296612879783016,0.01597042896579204,0.13829926844437848,0.11518163348730392,0.09236831447551277,0.13787354313628883,-0.005681288443460164
2012-09-10,112.85428619384766,1.6829999685287476,16.280000686645508,18.275175099556357,-0.005681288443460164,0.0038948397978302296,0.02733233237311672,0.15972239423061071,0.1202989524986936,0.09563301195685134,0.13737268710494702,0.002787513308680989
2012-09-11,113.16886901855469,1.6950000524520874,16.40999984741211,18.301446667295004,0.002787513308680989,-0.005681288443460164,0.01664721282176429,0.1555943520104952,0.12026362951097044,0.0956814760918637,0.13615583318581057,0.003335205251438156
2012-09-12,113.54631042480469,1.7649999856948853,15.800000190734863,18.28875835333244,0.003335205251438156,0.002787513308680989,0.020421261964260973,0.14995683758073305,0.11952524978820749,0.09591930483984952,0.13621790253933735,0.015236909972638157
2012-09-13,115.27640533447266,1.75600004196167,14.050000190734863,19.233698561833446,0.015236909972638157,0.003335205251438156,0.024696487873319573,0.11823103674839286,0.1358970622519762,0.10794358934166233,0.13815407306066085,0.004433896561430339
2012-09-14,115.78752899169922,1.8700000047683716,14.510000228881836,18.949996375082275,0.004433896561430339,0.015236909972638157,0.019614965761822978,0.11828727240861203,0.12189981319119056,0.10648846859090373,0.13815996221390234,-0.0033957098021856202
2012-09-17,115.39434814453125,1.8380000591278076,14.59000015258789,18.598222571015917,-0.0033957098021856202,0.004433896561430339,0.020162463688669918,0.10705443378822087,0.1285365658302796,0.10809694029201251,0.12934118807431821,-0.0008179190858453866
2012-09-18,115.29996490478516,1.812000036239624,14.180000305175781,18.40380515888541,-0.0008179190858453866,-0.0033957098021856202,0.022507447757195376,0.11350982570672699,0.12842866796697716,0.10830964930890967,0.12884218471840617,0.0005459022033076355
2012-09-19,115.36290740966797,1.781999945640564,13.880000114440918,18.670024461658166,0.0005459022033076355,-0.0008179190858453866,0.018831114110374747,0.1158678679530363,0.12715974031651237,0.10704058244837418,0.12351956032946698,6.838241270479273e-05
2012-09-20,115.37079620361328,1.7769999504089355,14.069999694824219,18.852526801209926,6.838241270479273e-05,0.0005459022033076355,0.015998731954098178,0.04491578689371078,0.0899584195247504,0.10710579818609806,0.12339757567750256,-0.0004182019419409766
2012-09-21,115.32254791259766,1.7599999904632568,13.979999542236328,18.50444728799439,-0.0004182019419409766,6.838241270479273e-05,0.0008188221073233137,0.024398864785136212,0.09007487223806401,0.10095985586581757,0.12255112813146345,-0.0015087105291587966
2012-09-24,115.1485595703125,1.718000054359436,14.149999618530273,18.37654076140945,-0.0015087105291587966,-0.0004182019419409766,-0.004015813129019219,0.012587321802732193,0.08275647796869284,0.10061205014554567,0.12237154039868257,-0.010641465519343307
2012-09-25,113.92321014404297,1.6820000410079956,15.430000305175781,18.707101028184102,-0.010641465519343307,-0.0015087105291587966,-0.0021299879774951958,0.07420993045439608,0.10402408453984233,0.10974336641804279,0.11497308437100545,-0.00562116234756127
2012-09-26,113.28282928466797,1.6180000305175781,16.809999465942383,18.802551010199323,-0.00562116234756127,-0.010641465519343307,-0.011940634690384422,0.07170761298954563,0.1072970234400304,0.11216567767386612,0.11570818309298515,0.009420935470525249
2012-09-27,114.35005950927734,1.6399999856948853,14.84000015258789,18.53249311058619,0.009420935470525249,-0.00562116234756127,-0.018030735976628853,0.11790648288139119,0.08563580915127188,0.1161119833922076,0.11644298125270362,-0.004632077560778103
2012-09-28,113.82038116455078,1.6369999647140503,15.729999542236328,18.830775790667463,-0.004632077560778103,0.009420935470525249,-0.008847444309342256,0.11869198454117658,0.0821635850405879,0.11392273710588487,0.11646739578187908,0.0026398474662445715
2012-10-01,114.120849609375,1.625,16.31999969482422,18.727512296622674,0.0026398474662445715,-0.004632077560778103,-0.013025785288626857,0.12459455650531852,0.08423600765214072,0.11336540959543787,0.11444532917474089,0.0010391061721422012
2012-10-02,114.23943328857422,1.6150000095367432,15.710000038146973,18.546627706110414,0.0010391061721422012,0.0026398474662445715,-0.008925078739781878,0.09663765171257606,0.0849209828420324,0.11304415405965118,0.11433419585167622,0.00408318886231096
2012-10-03,114.70589447021484,1.6230000257492065,15.430000305175781,18.613638048462853,0.00408318886231096,0.0010391061721422012,0.0027757569693780404,0.08072058979877564,0.0884049208008245,0.11303616934362154,0.11258273377338568,0.007168202743367935
2012-10-04,115.52812957763672,1.6649999618530273,14.550000190734863,18.638301882777554,0.007168202743367935,0.00408318886231096,0.01256205547242173,0.0693542411413924,0.09661443860721423,0.09214753897737259,0.11316122756891175,6.802045870490936e-05
2012-10-05,115.5359878540039,1.7319999933242798,14.329999923706055,18.642560304767052,6.802045870490936e-05,0.007168202743367935,0.010302312682782588,0.04427716568016395,0.09656477260085294,0.09160602771952621,0.1124228806345322,-0.0034213284310866676
2012-10-08,115.14070129394531,1.746000051498413,15.109999656677246,18.177530907355095,-0.0034213284310866676,6.802045870490936e-05,0.015072930453227551,0.06392853048241931,0.0979802221393471,0.08978389921379662,0.10833844366700708,-0.009887340887938412
2012-10-09,114.00226593017578,1.7200000286102295,16.3700008392334,18.81860348646394,-0.009887340887938412,-0.0034213284310866676,0.008936593865723763,0.1055188454386613,0.0957320199911387,0.09741970638613615,0.11049709240581292,-0.006380121673039474
2012-10-10,113.27491760253906,1.690999984741211,16.290000915527344,18.63778611006269,-0.006380121673039474,-0.009887340887938412,-0.002076055102613661,0.10365501146319916,0.09706538250580796,0.09959680830560717,0.11090849532769495,0.0005582208595982241
2012-10-11,113.33815002441406,1.6749999523162842,15.59000015258789,18.632573246927073,0.0005582208595982241,-0.006380121673039474,-0.012475181631117938,0.0700149609689983,0.08203811682598007,0.08162248939676368,0.1100874671897103,-0.00327892953552833
2012-10-12,112.96652221679688,1.6629999876022339,16.139999389648438,18.637257992207104,-0.00327892953552833,0.0005582208595982241,-0.018956245212564893,0.061888599224432045,0.08057173748128292,0.07958526271014628,0.11033980787259623,0.00832877009860633
2012-10-15,113.90739440917969,1.6629999876022339,15.270000457763672,18.49475893923419,0.00832877009860633,-0.00327892953552833,-0.022239526271709553,0.11117038584627792,0.09156680104718787,0.08596141728484417,0.10946954853732224,0.010133174191413685
2012-10-16,115.06163787841797,1.7200000286102295,15.220000267028809,18.505164354664355,0.010133174191413685,0.00832877009860633,-0.01071130252730601,0.11400186992679877,0.10528751730397519,0.09405906888150303,0.1085373838180828,0.00453480352798441
2012-10-17,115.58341979980469,1.8109999895095825,15.069999694824219,18.674036095908736,0.00453480352798441,0.010133174191413685,0.009292551683937944,0.08747325964191104,0.10571292644098401,0.09547007816006597,0.10672024229337547,-0.0025989207742701526
2012-10-18,115.28302764892578,1.8259999752044678,15.029999732971191,18.81345567799582,-0.0025989207742701526,0.00453480352798441,0.02037964137273307,0.09769870117719363,0.10043116565498766,0.09595473834150745,0.1070290090319259,-0.016664772824662166
2012-10-19,113.36186218261719,1.7680000066757202,17.059999465942383,19.039347888536042,-0.016664772824662166,-0.0025989207742701526,0.017159955620351885,0.17286019371390368,0.1299854247629684,0.11271381266258243,0.10877903304467039,0.00013958278342607322
2012-10-22,113.377685546875,1.7979999780654907,16.6200008392334,18.648442423279217,0.00013958278342607322,-0.016664772824662166,0.0034996205784012524,0.15948998121903668,0.1300227948651047,0.11273461389579949,0.10251857881061162,-0.013876051098741349
2012-10-23,111.80445098876953,1.7640000581741333,18.829999923706055,19.07329912138226,-0.013876051098741349,0.00013958278342607322,-0.004650346582434017,0.14539316886925135,0.13848370069456942,0.11700244675179332,0.10676128109119601,-0.0028288368441139466
2012-10-24,111.48817443847656,1.774999976158142,18.329999923706055,18.604496192667252,-0.0028288368441139466,-0.013876051098741349,-0.028308191589365372,0.11992668205030041,0.13640619808363807,0.11592684326637674,0.10586037367234465,0.0029073471540161933
2012-10-25,111.81230926513672,1.8279999494552612,18.1200008392334,18.716757985649828,0.0029073471540161933,-0.0028288368441139466,-0.03543107972078752,0.13812653565498115,0.1379266102597061,0.11050943351794382,0.10593352851509247,-0.0005655911382670409
2012-10-26,111.74906921386719,1.75,17.809999465942383,18.799278132472438,-0.0005655911382670409,0.0029073471540161933,-0.030106065520403624,0.1031468323522479,0.13751975228206653,0.10972474253945276,0.10481391831500735,0.0
2012-10-31,111.74906921386719,1.6859999895095825,18.600000381469727,18.454487800830222,0.0,-0.0005655911382670409,-0.01422694491514187,0.10289686557799396,0.1276160132721068,0.10899445412326998,0.09691361747650863,0.010470210840671346
2012-11-01,112.91910552978516,1.715000033378601,16.690000534057617,18.430587519401566,0.010470210840671346,0.0,-0.014364522658512735,0.08189908337173919,0.12851257932345012,0.1162643910503577,0.09906637737279139,-0.008891233849483648
2012-11-02,111.91511535644531,1.7259999513626099,17.59000015258789,18.74060394759438,-0.008891233849483648,0.010470210840671346,0.009969679481969695,0.11066065968980496,0.1275102611569043,0.11849879044736362,0.10044149930295004,0.0020486827335421953
2012-11-05,112.14439392089844,1.684000015258789,18.420000076293945,18.40433285237863,0.0020486827335421953,-0.008891233849483648,0.00382947267832745,0.1097871988935222,0.13021998709031132,0.1150443757047621,0.1004901832024324,0.007824959401972587
2012-11-06,113.02191925048828,1.7419999837875366,17.579999923706055,18.488975647916646,0.007824959401972587,0.0020486827335421953,0.002970018756828008,0.11981677147093854,0.1138199379867268,0.11961524210074362,0.10167207125179904,-0.022663750238034797
2012-11-07,110.46041870117188,1.6319999694824219,19.079999923706055,19.39261240931979,-0.022663750238034797,0.007824959401972587,0.011390251798742979,0.2162976884865531,0.1597707332092528,0.14202886668711,0.11206057633983277,-0.012024090174321933
2012-11-08,109.13223266601562,1.6319999694824219,18.489999771118164,19.016861529440344,-0.012024090174321933,-0.022663750238034797,-0.011531644261207008,0.19041044025113404,0.15633062616381072,0.14378743698636698,0.11472850888368147,0.0008693263088133119
2012-11-09,109.22710418701172,1.6130000352859497,18.610000610351562,19.119090557535444,0.0008693263088133119,-0.012024090174321933,-0.03353615711001756,0.19599324694224557,0.15712844522994948,0.1432546288014473,0.11474777363945002,0.0007959982160588019
2012-11-12,109.31404876708984,1.6109999418258667,16.68000030517578,18.397181803901375,0.0007959982160588019,0.0008693263088133119,-0.02401830316550524,0.19342491470796236,0.15563154071742966,0.1433085546108284,0.11473296319437455,-0.003471312242850688
2012-11-13,108.93458557128906,1.5889999866485596,16.649999618530273,18.62784369088665,-0.003471312242850688,0.0007959982160588019,-0.025238400733655797,0.15979404738962488,0.15545349526205865,0.14333709925663987,0.113820697101326,-0.013498900497357025
2012-11-14,107.4640884399414,1.5889999866485596,17.920000076293945,19.070424481126494,-0.013498900497357025,-0.003471312242850688,-0.03616407955469714,0.10965591287352044,0.16390478913529374,0.14386688441818565,0.11688101497062262,-0.0016919487533769706
2012-11-15,107.28226470947266,1.5889999866485596,17.989999771118164,18.998015202138248,-0.0016919487533769706,-0.013498900497357025,-0.027125827481574438,0.0941640233871282,0.14434805947288254,0.13557811086424582,0.1168914741848653,0.004937382753338326
2012-11-16,107.81195831298828,1.5740000009536743,16.40999984741211,19.29399675334925,0.004937382753338326,-0.0016919487533769706,-0.016951618338136076,0.1090365225429655,0.150653167537789,0.13590008832543518,0.11734243213435643,0.020239076438973935
2012-11-19,109.99397277832031,1.6109999418258667,15.239999771118164,18.83606846635798,0.020239076438973935,0.004937382753338326,-0.01295599553386051,0.19805695403461807,0.19203622037384124,0.15984258705136906,0.12481926343552276,0.0004310844113912804
2012-11-20,110.04138946533203,1.656000018119812,15.079999923706055,18.601396019700715,0.0004310844113912804,0.020239076438973935,0.006219914264443238,0.19402735320771894,0.18504595612716465,0.15072053514015396,0.12371051116046465,0.001868498604172597
2012-11-21,110.24700164794922,1.687000036239624,15.3100004196167,18.218696754274536,0.001868498604172597,0.0004310844113912804,0.01016026166748163,0.13920184780747136,0.14783453751586426,0.1510857229324414,0.12312584341507618,0.0136245661420753
2012-11-23,111.74906921386719,1.6929999589920044,15.140000343322754,17.996173494605184,0.0136245661420753,0.001868498604172597,0.025896215641963982,0.13410245631984893,0.14623391452291742,0.1523902541358962,0.12631023088693877,-0.0021222523880716215
2012-11-26,111.51190948486328,1.6640000343322754,15.5,18.421923980813055,-0.0021222523880716215,0.0136245661420753,0.0416360012206205,0.15302081199256942,0.14787851782252573,0.1522356779276258,0.12637317567691456,-0.00510444346637462
2012-11-27,110.94270324707031,1.6449999809265137,15.920000076293945,18.672576566524185,-0.00510444346637462,-0.0021222523880716215,0.03431856010938694,0.11357100519447634,0.15224973216284732,0.15289919305182545,0.12680838031631494,0.008052342945512603
2012-11-28,111.83605194091797,1.6169999837875366,15.510000228881836,18.992148877374802,0.008052342945512603,-0.00510444346637462,0.008625295048320991,0.12070356766391502,0.15265854133401946,0.15576839760947142,0.12696994319188584,0.004665392099846066
2012-11-29,112.3578109741211,1.6200000047683716,15.0600004196167,18.833359113822564,0.004665392099846066,0.008052342945512603,0.01630897687048316,0.12029927297945398,0.12316064042182702,0.1566127724687033,0.1269542933459529,0.0002115167940599516
2012-11-30,112.38157653808594,1.6059999465942383,15.869999885559082,18.732335421070523,0.0002115167940599516,0.004665392099846066,0.01914618352082087,0.0835134605961216,0.12083414931683956,0.15195695123460354,0.12693151919493473,-0.0049247532837233265
2012-12-03,111.828125,1.628000020980835,16.639999389648438,18.641070916194966,-0.0049247532837233265,0.0002115167940599516,0.005660067942116376,0.09231723241250693,0.13003812778550816,0.14957995108512584,0.1273565765856847,-0.0014135390832401562
2012-12-04,111.67005157470703,1.6080000400543213,17.1200008392334,18.663722612102013,-0.0014135390832401562,-0.0049247532837233265,0.0028357107020899885,0.08102765727960304,0.09307538057948425,0.14945687037712604,0.12028841768314422,0.0017697836899921437
2012-12-05,111.86768341064453,1.590999960899353,16.459999084472656,18.80798528264907,0.0017697836899921437,-0.0014135390832401562,0.006556071795158047,0.0567805109590828,0.09287568074011875,0.14668066002453065,0.12005974022557685,0.003392139835437069
2012-12-06,112.24715423583984,1.5809999704360962,16.579999923706055,18.45237901318292,0.003392139835437069,0.0017697836899921437,0.00028283786111549247,0.05066715822774068,0.09328425386835115,0.12137388763623377,0.11973422415768989,0.003028589578397467
2012-12-07,112.58710479736328,1.6269999742507935,15.899999618530273,18.504345202085812,0.003028589578397467,0.003392139835437069,-0.0009848602186343092,0.05577368055456533,0.06725936384850066,0.11159710670259,0.11975974484730274,0.0004214943982241426
2012-12-10,112.63455963134766,1.6160000562667847,16.049999237060547,18.40902003132987,0.0004214943982241426,0.003028589578397467,0.0018288429973012388,0.03137300656977268,0.06539839614609566,0.11164639851280794,0.11955584287167051,0.006808601663713665
2012-12-11,113.40144348144531,1.6490000486373901,15.569999694824219,18.843136693387695,0.006808601663713665,0.0004214943982241426,0.007211375772844697,0.037888877630377606,0.06143547071218203,0.11313040328431245,0.11613468947744494,0.0004876964459987754
2012-12-12,113.45674896240234,1.6970000267028809,15.949999809265137,18.79829561625439,0.0004876964459987754,0.006808601663713665,0.015504532167068819,0.04160209188674795,0.052322825918681225,0.1115166877709644,0.11573625684063275,-0.0061320006458206455
2012-12-13,112.76103210449219,1.7280000448226929,16.559999465942383,18.726067664015975,-0.0061320006458206455,0.0004876964459987754,0.01420486688657574,0.07500089510688926,0.06105880816060025,0.10039667540465881,0.11618257993931107,-0.0037160819479866714
2012-12-14,112.34200286865234,1.7079999446868896,17.0,18.740600316563764,-0.0037160819479866714,-0.0061320006458206455,0.004578092622042229,0.0782838731855464,0.06442562884093833,0.10174624678338536,0.11638319682347874,0.011752412972021231
2012-12-17,113.66229248046875,1.7630000114440918,16.34000015258789,18.78001954367467,0.011752412972021231,-0.0037160819479866714,-0.002176998237516381,0.11751277992910346,0.08115492304100164,0.10681542363896517,0.11901130544160349,0.011128985315020712
2012-12-18,114.92723846435547,1.8270000219345093,15.569999694824219,18.99596064093217,0.011128985315020712,0.011752412972021231,0.009124489432771332,0.13211618557799934,0.09168299707532843,0.09060264696499738,0.12126308291846208,-0.007429760319198175
2012-12-19,114.07335662841797,1.7999999523162842,17.360000610351562,18.832097446136462,-0.007429760319198175,0.011128985315020712,0.013454810944798945,0.15108028460784104,0.10544069226411679,0.09674027703877473,0.12220531763328704,0.005752810209163073
2012-12-20,114.72959899902344,1.7999999523162842,17.670000076293945,18.942369159380238,0.005752810209163073,-0.007429760319198175,0.0054347376569017225,0.13814250924892013,0.10698420626892338,0.09774428015786463,0.12276590254767315,-0.009077435200459005
2012-12-21,113.68814849853516,1.753999948501587,17.84000015258789,19.320369628643967,-0.009077435200459005,0.005752810209163073,0.01745786516663883,0.159389986083423,0.12076448671410028,0.09515806367451583,0.12222922471344021,-0.0030812679644163232
2012-12-24,113.33784484863281,1.7740000486373901,17.84000015258789,17.802169700328278,-0.0030812679644163232,-0.009077435200459005,0.011982567477069939,0.13806700006711617,0.12250167766467457,0.09561881874295716,0.12184100513246598,-0.0042148931790407795
2012-12-26,112.86013793945312,1.7580000162124634,19.479999542236328,18.487850497235467,-0.0042148931790407795,-0.0030812679644163232,-0.0028544878407382734,0.0914649569243187,0.11944340119899803,0.09493632442287656,0.12055334902911626,-0.0013403138444881835
2012-12-27,112.70886993408203,1.715000033378601,19.469999313354492,18.939001812555524,-0.0013403138444881835,-0.0042148931790407795,-0.01798616718301682,0.08546364247589745,0.11939280533658526,0.0913018378336355,0.12022360690815762,-0.010808518824607982
2012-12-28,111.49065399169922,1.7109999656677246,22.719999313354492,18.818158712951433,-0.010808518824607982,-0.0013403138444881835,-0.011961484562785452,0.06427416295931548,0.12745644753697036,0.09800015465423574,0.12204306569961036,0.01699663655779937
2012-12-31,113.3856201171875,1.75600004196167,18.020000457763672,19.312413178315474,0.01699663655779937,-0.010808518824607982,-0.028231119393625548,0.1652716240310492,0.15500287926074863,0.11581248600764822,0.12710095458741377,0.025630009527859654
2013-01-02,116.29169464111328,1.8389999866485596,14.680000305175781,19.073313179661042,0.025630009527859654,0.01699663655779937,-0.0026610371031906555,0.24389732179027282,0.19302917849447268,0.14423352792136465,0.1373802376695283,-0.002259131243158574
2013-01-03,116.02897644042969,1.8990000486373901,14.5600004196167,18.790600197864546,-0.002259131243158574,0.025630009527859654,0.026062343045480052,0.23946952047329118,0.1876151985585027,0.144529709845914,0.1367140325066755,0.004391658419991895
2013-01-04,116.53853607177734,1.9149999618530273,13.829999923706055,18.576125166533444,0.004391658419991895,-0.002259131243158574,0.028077570689099884,0.23228751267755965,0.18201492570204658,0.14478444947875363,0.13699542105619597,-0.0027329732707934706
2013-01-07,116.22003936767578,1.902999997138977,13.789999961853027,18.51601365986186,-0.0027329732707934706,0.004391658419991895,0.033978391762202076,0.19833643196076645,0.1823601994954524,0.14568159927890892,0.13692536525598822,-0.002877203748419599
2013-01-08,115.88565063476562,1.871000051498413,13.619999885559082,18.613489624356763,-0.002877203748419599,-0.0027329732707934706,0.042419567978573935,0.19424225861844988,0.1749380778943606,0.14651636251658007,0.13546721492878933,0.0025419760827378735
2013-01-09,116.18022918701172,1.8519999980926514,13.8100004196167,18.32357055610514,0.0025419760827378735,-0.002877203748419599,0.022048920445064013,0.0540807971390483,0.17265398453145747,0.14650555264473825,0.13481800437701671,0.00794925129572377
2013-01-10,117.10377502441406,1.8940000534057617,13.489999771118164,18.68868599884359,0.00794925129572377,0.0025419760827378735,-0.0009584988373034786,0.07424185085794048,0.17012268523887283,0.14709907866288535,0.13568965776290579,-6.736583806687957e-05
2013-01-11,117.09588623046875,1.875,13.359999656677246,18.55098331328267,-6.736583806687957e-05,0.00794925129572377,0.0092631911179204,0.07133375278103173,0.16917375660951098,0.14717033099280613,0.13545890274287678,-0.0006800889653838516
2013-01-14,117.01625061035156,1.8569999933242798,13.520000457763672,18.310499750660888,-0.0006800889653838516,-6.736583806687957e-05,0.004782539557113719,0.06591632328650042,0.1512471998633529,0.1446114922646992,0.13452821291308267,0.0006805518011541167
2013-01-15,117.09588623046875,1.8309999704360962,13.550000190734863,18.349964255748333,0.0006805518011541167,-0.0006800889653838516,0.006850894622027148,0.055475182438195485,0.136094894698453,0.14318479864961628,0.13301872218912883,-0.0001359135449119364
2013-01-16,117.07997131347656,1.8240000009536743,13.420000076293945,18.4680365561211,-0.0001359135449119364,0.0006805518011541167,0.010443360235491195,0.05731215563097599,0.054505060126326665,0.1387183387481257,0.13273169471229657,0.006460094307888964
2013-01-17,117.83631896972656,1.875,13.569999694824219,18.71210705548419,0.006460094307888964,-0.0001359135449119364,0.007744365222559058,0.04685723146009347,0.058745164724149174,0.13537790322973495,0.13319913769132982,0.002230230257709964
2013-01-18,118.09912109375,1.843000054359436,12.460000038146973,18.950755906795322,0.002230230257709964,0.006460094307888964,0.006255510936003406,0.04560552742461306,0.05679024310820086,0.13141487856177078,0.1284022891923046,0.0053930078307500295
2013-01-22,118.73603057861328,1.8350000381469727,12.430000305175781,18.532197977070073,0.0053930078307500295,0.002230230257709964,0.008567635427487952,0.045924677646967865,0.05511017510368484,0.1312763064049703,0.12875268602019269,0.001609268771273653
2013-01-23,118.92710876464844,1.8329999446868896,12.460000038146973,18.465616833565747,0.001609268771273653,0.0053930078307500295,0.014696932770375204,0.04347224011874689,0.047764611671115925,0.12491250700687086,0.12507091183300287,0.0002677698390571859
2013-01-24,118.95895385742188,1.843999981880188,12.6899995803833,18.802033477932593,0.0002677698390571859,0.001609268771273653,0.01563865813847176,0.04162787929905613,0.04918272793383588,0.1235629260845481,0.12482039015230288,0.005622174386301637
2013-01-25,119.62776184082031,1.9470000267028809,12.890000343322754,18.80738157229492,0.005622174386301637,0.0002677698390571859,0.016048710320524684,0.03772579933579157,0.04276011253223795,0.12143921515538239,0.12511084329149588,-0.0011979068677314686
2013-01-28,119.48445892333984,1.9739999771118164,13.569999694824219,18.546058872618815,-0.0011979068677314686,0.005622174386301637,0.015202807476988323,0.04856562396901371,0.04472422805193949,0.12137362170223161,0.12515473522891613,0.003931596742418719
2013-01-29,119.9542236328125,1.9880000352859497,13.3100004196167,18.47606247876576,0.003931596742418719,-0.0011979068677314686,0.011730297539556789,0.04363343556653705,0.042867482767603354,0.1099514084063281,0.1252602079089149,-0.0039161998239480855
2013-01-30,119.48445892333984,2.00600004196167,14.319999694824219,18.738754046353435,-0.0039161998239480855,0.003931596742418719,0.010259674744581115,0.061213475741118566,0.053243570093915824,0.10107850852583357,0.1241838442282416,-0.0024660516425860646
2013-01-31,119.18980407714844,1.9850000143051147,14.279999732971191,18.50663640637142,-0.0024660516425860646,-0.0039161998239480855,0.004686485398332385,0.06599877042346032,0.05704260896968871,0.055050644643295045,0.12269327122529017,0.010287697585896538
2013-02-01,120.4159927368164,2.009999990463257,12.899999618530273,18.692027628236637,0.010287697585896538,-0.0024660516425860646,0.0019405871709601286,0.09233573737246124,0.06799514404793587,0.06205188821234838,0.12412475701146533,-0.011240521150225558
2013-02-04,119.06245422363281,1.9730000495910645,14.670000076293945,18.88487755245071,-0.011240521150225558,0.010287697585896538,0.006589029869545904,0.12963379851500484,0.09568370239203794,0.07669124451398147,0.12592611201489678,0.010097878000639993
2013-02-05,120.26473236083984,2.0160000324249268,13.720000267028809,18.550940298698027,0.010097878000639993,-0.011240521150225558,-0.00353187940515165,0.1493479473251552,0.10447804903438838,0.08159116546356004,0.11735000443878985,0.0007280817852106658
2013-02-06,120.352294921875,1.968000054359436,13.40999984741211,18.748276565794637,0.0007280817852106658,0.010097878000639993,0.0025885601909094724,0.14414186686824063,0.1044985539520212,0.07987996801779966,0.11395953061214452,-0.0013231216135896062
2013-02-07,120.19305419921875,1.9509999752044678,13.5,18.906127025533184,-0.0013231216135896062,0.0007280817852106658,0.007263170510668271,0.14238765054544505,0.10520361170052357,0.08064558518582166,0.1141127787269284,0.005564892194614979
2013-02-08,120.8619155883789,1.9539999961853027,13.020000457763672,18.451536772393222,0.005564892194614979,-0.0013231216135896062,0.008417247849664466,0.12764815280322905,0.1051343119444236,0.07861817836526842,0.11438371338202641,-0.00019827526401505757
2013-02-11,120.83795166015625,1.9459999799728394,12.9399995803833,18.116530492348005,-0.00019827526401505757,0.005564892194614979,0.0037031862747427535,0.07573117503653301,0.10465542017411888,0.07865619604304416,0.11394746880227748,0.0016475074110684496
2013-02-12,121.03703308105469,1.9819999933242798,12.640000343322754,17.995921204694483,0.0016475074110684496,-0.00019827526401505757,0.014912320160884285,0.04182069996479528,0.10357606158986683,0.07819949526047874,0.1094253564143819,0.0008549871455669766
2013-02-13,121.14051818847656,2.0190000534057617,12.979999542236328,18.22615624520083,0.0008549871455669766,0.0016475074110684496,0.006421672464190564,0.04172405049398789,0.10004986650812916,0.07817171763836296,0.10918179716573989,0.0009200705624654582
2013-02-14,121.2519760131836,2.0,12.65999984741211,18.20791195073607,0.0009200705624654582,0.0008549871455669766,0.00654929984603303,0.03536241046841318,0.0978095734207805,0.077930334794143,0.10903833737913769,-0.0011819233928147543
2013-02-15,121.1086654663086,2.006999969482422,12.460000038146973,19.18720152458085,-0.0011819233928147543,0.0009200705624654582,0.008810174772742707,0.017558772559934464,0.08595200492505448,0.07653069106215551,0.10235213384059058,0.007494414592960519
2013-02-19,122.01630401611328,2.0260000228881836,12.3100004196167,18.370496318752597,0.007494414592960519,-0.0011819233928147543,0.002041585033039306,0.05198794821648282,0.061838637877226946,0.07952748818047015,0.10302136820615988,-0.012463326743125891
2013-02-20,120.49557495117188,2.0209999084472656,14.680000305175781,18.894270441811084,-0.012463326743125891,0.007494414592960519,0.00975150885767273,0.11519844808380116,0.08367605902420752,0.09255653858224062,0.10705517235763688,-0.006078729631934343
2013-02-21,119.76311492919922,1.9759999513626099,15.220000267028809,19.026400102639727,-0.006078729631934343,-0.012463326743125891,-0.0044734914273734105,0.11908903461714061,0.08927274067195834,0.09558558105857075,0.10512577371897024,0.009772709710681005
2013-02-22,120.93352508544922,1.9670000076293945,14.170000076293945,18.48230816632562,0.009772709710681005,-0.006078729631934343,-0.011370293605103332,0.14724564214238248,0.10269385218119002,0.10124118907674702,0.10635083831354297,-0.019027002651378577
2013-02-25,118.63252258300781,1.8949999809265137,18.989999771118164,19.3201296491112,-0.019027002651378577,0.009772709710681005,-0.0026263566022194373,0.1982011442570549,0.1378201584835126,0.12157428329430686,0.113557013984048,0.0068454722567465875
2013-02-26,119.44461822509766,1.878999948501587,16.8700008392334,19.044457487113462,0.0068454722567465875,-0.019027002651378577,-0.020445629334340465,0.19585739698852234,0.14452237613884017,0.12418948028111619,0.11326993108413164,0.01259804245634788
2013-02-27,120.94938659667969,1.902999997138977,14.729999542236328,18.831344986441266,0.01259804245634788,0.0068454722567465875,-0.021076575067181302,0.2095007426205509,0.16002076157171372,0.13141664166774106,0.11547487307859501,-0.001974569228764267
2013-02-28,120.71056365966797,1.8880000114440918,15.510000228881836,18.658641977165992,-0.001974569228764267,0.01259804245634788,0.003766210051213248,0.2029061856571943,0.1602146199095032,0.13074085624798112,0.11564601130622028,0.003297986477496906
2013-03-01,121.1086654663086,1.8530000448226929,15.359999656677246,18.955036164012025,0.003297986477496906,-0.001974569228764267,0.007911022780501709,0.19144553843436396,0.16116745636724752,0.13058226924779232,0.11500641701018827,0.005325137938213986
2013-03-04,121.75358581542969,1.8769999742507935,14.010000228881836,18.410733443194605,0.005325137938213986,0.003297986477496906,0.001448236795674518,0.08420400514398904,0.1632096826597157,0.1269534536535449,0.11514254874180949,0.008959120558178268
2013-03-05,122.84439086914062,1.8940000534057617,13.479999542236328,18.614864178017402,0.008959120558178268,0.005325137938213986,0.026308664474685273,0.088027237786868,0.16510205725941404,0.12215975247132517,0.11616128119905345,0.0013610566992061646
2013-03-06,123.01158905029297,1.937999963760376,13.529999732971191,18.363791833793037,0.0013610566992061646,0.008959120558178268,0.028463171422558053,0.06529011250270053,0.14786625535645107,0.11795646491541237,0.11610107073703001,0.001812213633932025
2013-03-07,123.23451232910156,1.9910000562667847,13.0600004196167,18.27103624104258,0.001812213633932025,0.0013610566992061646,0.017050127426358364,0.04923526695125301,0.14076908292893425,0.11796705981308288,0.11606182474947657,0.004263897179610954
2013-03-08,123.75997161865234,2.055999994277954,12.59000015258789,18.631571948887665,0.004263897179610954,0.001812213633932025,0.02090909521845674,0.04865496418784801,0.13586601087764422,0.11804265227545718,0.11617168528650852,0.003795957541941286
2013-03-11,124.2297592163086,2.055999994277954,11.5600004196167,18.243308530925,0.003795957541941286,0.004263897179610954,0.021891960762141505,0.0479183997397837,0.06533937881422003,0.11739792375203435,0.11575780484838266,-0.0022434995719166073
2013-03-12,123.9510498046875,2.0230000019073486,12.270000457763672,18.476643230178098,-0.0022434995719166073,0.003795957541941286,0.02033758089583193,0.04093447665544136,0.07226725938715838,0.11799048589042739,0.11599964838731619,0.0014134726272321263
2013-03-13,124.12625122070312,2.0209999084472656,11.829999923706055,18.34326933221462,0.0014134726272321263,-0.0022434995719166073,0.009008624062662562,0.04090091188263064,0.053047264866613736,0.11798424124100856,0.11490432017479484,0.005324326364291032
2013-03-14,124.78713989257812,2.0329999923706055,11.300000190734863,18.654407305144076,0.005324326364291032,0.0014134726272321263,0.009061440300185186,0.04791919580476265,0.047814983637935675,0.1188306199282605,0.11460192887323431,-0.001320730491987665
2013-03-15,124.62232971191406,1.996000051498413,11.300000190734863,18.74711058841147,-0.001320730491987665,0.005324326364291032,0.012598967076124179,0.05132796299019608,0.053220138740504165,0.11924383760716187,0.1128606500486425,-0.005518810556651377
2013-03-18,123.93456268310547,1.9559999704360962,13.359999656677246,18.65736659104512,-0.005518810556651377,-0.001320730491987665,0.006967988776847456,0.06471720379547531,0.06560657483024902,0.12146176492817239,0.11198555624396885,-0.002322653579696743
2013-03-19,123.6467056274414,1.9079999923706055,14.390000343322754,18.936895625545514,-0.002322653579696743,-0.005518810556651377,-0.0023762143230844357,0.0648562222303342,0.05458011104255986,0.11968051606750675,0.11077098628822749,0.006984737904341731
2013-03-20,124.51034545898438,1.937000036239624,12.670000076293945,18.54959537948556,0.006984737904341731,-0.002322653579696743,-0.0024553578023394085,0.08428107066880616,0.06322843130601695,0.11091871150783246,0.11100779511647381,-0.008542312353935322
2013-03-21,123.44673919677734,1.9320000410079956,13.989999771118164,18.67225625703656,-0.008542312353935322,0.006984737904341731,0.003094383617517904,0.09268975911402055,0.07972228583956131,0.11351378701971197,0.11079752496801053,0.008032923267524028
2013-03-22,124.4383773803711,1.9149999618530273,13.569999694824219,18.52651355706019,0.008032923267524028,-0.008542312353935322,-0.010741497056144245,0.11819961125407671,0.08703371072724952,0.11199816144493403,0.11121911362514898,-0.004176970172442895
2013-03-25,123.9186019897461,1.9149999618530273,13.739999771118164,18.834922563799058,-0.004176970172442895,0.008032923267524028,-0.0014760784200408272,0.11478246256479609,0.08793246793573177,0.08517438514248914,0.11121069719340629,0.00800227357536909
2013-03-26,124.91023254394531,1.906000018119812,12.770000457763672,18.279769052368827,0.00800227357536909,-0.004176970172442895,-0.0001287832305519876,0.1246296216517711,0.09605325204935423,0.08610584912554614,0.1118082796225662,0.0
2013-03-27,124.91023254394531,1.8509999513626099,13.149999618530273,18.42018663189911,0.0,0.00800227357536909,0.010218848210246989,0.1168646728350568,0.09605746118136461,0.07718201136212492,0.10878070773380871,0.003073374103986115
2013-03-28,125.29412841796875,1.8519999980926514,12.699999809265137,18.449586915801287,0.003073374103986115,0.0,0.00321167757977725,0.08357382130330683,0.09362176749799642,0.07613353660602458,0.1041832563364727,-0.003957545696917308
2013-04-01,124.79827117919922,1.840000033378601,13.579999923706055,18.41258910476114,-0.003957545696917308,0.003073374103986115,0.014965071035587307,0.08127887829722466,0.09590338688995202,0.07865080628785742,0.09208357874107602,0.0049346604832665175
2013-04-02,125.41410827636719,1.8609999418258667,12.779999732971191,18.435611729932585,0.0049346604832665175,-0.003957545696917308,0.002892144741875269,0.07293694454153075,0.09288869572499502,0.07841165554294692,0.09211158095635812,-0.010139504880012362
2013-04-03,124.14247131347656,1.812000036239624,14.210000038146973,18.853549589480544,-0.010139504880012362,0.0049346604832665175,0.012068456733758559,0.09552873603348003,0.10821911047652126,0.08344020109613816,0.09481209903417073,0.004058727591788491
2013-04-04,124.64633178710938,1.7589999437332153,13.890000343322754,18.69744089628595,0.004058727591788491,-0.010139504880012362,-0.006146503891894084,0.1028531786615354,0.10417121373210846,0.08433741604529052,0.09466962498581853,-0.004490978013721003
2013-04-05,124.0865478515625,1.694000005722046,13.920000076293945,18.888594697596094,-0.004490978013721003,0.004058727591788491,-0.0021127232850446376,0.10072914043744374,0.09642642184000402,0.08615709532163765,0.09502248290064025,0.006767041279191588
2013-04-08,124.9262466430664,1.7319999933242798,13.1899995803833,18.276477766261948,0.006767041279191588,-0.004490978013721003,-0.009637966133399956,0.11484086788393638,0.09384466471668952,0.08809826345256776,0.09567759225932772,0.003456446134324942
2013-04-09,125.35804748535156,1.746999979019165,12.84000015258789,18.439720344923867,0.003456446134324942,0.006767041279191588,0.001025458627414988,0.11145196847184274,0.09119012652333885,0.08793705972313447,0.09476832514972008,0.012248911047640032
2013-04-10,126.89354705810547,1.8049999475479126,12.359999656677246,18.72603892691242,0.012248911047640032,0.003456446134324942,-0.0004470054588442407,0.09632053623593237,0.10195480324015048,0.09663023601408662,0.09741507112832504,0.0032775597634731035
2013-04-11,127.3094482421875,1.7910000085830688,12.239999771118164,18.51728554900403,0.0032775597634731035,0.012248911047640032,0.022160632985000595,0.09665806613784816,0.10184654101798057,0.09691319658555692,0.09739894138050556,-0.0024499745426058706
2013-04-12,126.99754333496094,1.7209999561309814,12.0600004196167,18.572198540783074,-0.0024499745426058706,0.0032775597634731035,0.02136538169150959,0.08546569328933744,0.10385395549015425,0.09654333958873555,0.09771189124541617,-0.02317368286168142
2013-04-15,124.0545425415039,1.7020000219345093,17.270000457763672,19.196600752782008,-0.02317368286168142,-0.0024499745426058706,0.02345939615372883,0.21103653771996375,0.16070022016567553,0.12892895088587447,0.10987977826502814,0.014762291716084786
2013-04-16,125.88587188720703,1.718999981880188,13.960000038146973,18.809391620481215,0.014762291716084786,-0.02317368286168142,-0.006977749872315364,0.24040483698634182,0.17685445434539693,0.13763062439800577,0.1129207829577369,-0.014611172662878147
2013-04-17,124.0465316772461,1.7039999961853027,16.510000228881836,19.239732561609223,-0.014611172662878147,0.014762291716084786,0.004210534644113251,0.2363453219738731,0.185549345834554,0.147879690166769,0.1174037013947279,-0.0062534492377680495
2013-04-18,123.27081298828125,1.684999942779541,17.559999465942383,18.93699050829173,-0.0062534492377680495,-0.014611172662878147,-0.02243625028115659,0.22620916730498222,0.18642845758281554,0.14729227503426845,0.11790234422112399,0.0086928848241965
2013-04-19,124.34239196777344,1.7029999494552612,14.970000267028809,18.82406102030832,0.0086928848241965,-0.0062534492377680495,-0.031722981362886316,0.25079336632139154,0.19129242377478167,0.1474527782326214,0.11903624713028095,0.004438388823624573
2013-04-22,124.89427185058594,1.6979999542236328,14.390000343322754,18.48415777378233,0.004438388823624573,0.0086928848241965,-0.020907108101960947,0.18714112255290108,0.18942654939102763,0.14552519213536416,0.11926770173766119,0.010308890417688454
2013-04-23,126.18179321289062,1.6979999542236328,13.479999542236328,18.928349195089694,0.010308890417688454,0.004438388823624573,0.0067690331355749755,0.16889836193287158,0.19590093849491858,0.1487644585910464,0.12045127602431659,0.0006338994733627867
2013-04-24,126.26177978515625,1.6979999542236328,13.609999656677246,18.387963328841206,0.0006338994733627867,0.010308890417688454,0.002350711173917386,0.10575668168711727,0.18515032605736592,0.14641042013938757,0.12037232600364269,0.004053927324424889
2013-04-25,126.77363586425781,1.7109999656677246,13.619999885559082,18.691170377251055,0.004053927324424889,0.0006338994733627867,0.017858202707947912,0.06155244207790358,0.18562690482534114,0.14690417903709577,0.12038553582545833,-0.0017665601017400334
2013-04-26,126.5496826171875,1.6629999876022339,13.609999656677246,18.379012568605408,-0.0017665601017400334,0.004053927324424889,0.028415671082736793,0.07252665673855233,0.18544304804952466,0.14690729434164154,0.12009463228154725,0.006698450363896713
2013-04-29,127.39736938476562,1.6679999828338623,13.710000038146973,18.29933538198934,0.006698450363896713,-0.0017665601017400334,0.017751714555934717,0.07599458260542566,0.13637416621656104,0.14744938522903722,0.12043756745349157,0.0023859417897516
2013-04-30,127.70133209228516,1.6749999523162842,13.520000457763672,18.569192994815868,0.0023859417897516,0.006698450363896713,0.02004173207538451,0.05125012799847978,0.11872184675452649,0.14684020576114362,0.1189533765968271,-0.008767917015995108
2013-05-01,126.58165740966797,1.6390000581741333,14.489999771118164,18.74907905253218,-0.008767917015995108,0.0023859417897516,0.012042457479034319,0.09578703126318663,0.09847367840969859,0.1455419662203679,0.11796986049454912,0.009287632544528801
2013-05-02,127.7573013305664,1.63100004196167,13.59000015258789,18.384095605020107,0.009287632544528801,-0.008767917015995108,0.002533447770624031,0.11351487147485605,0.09253960672773717,0.148153139479492,0.11771580293646654,0.010140513173613863
2013-05-03,129.05282592773438,1.7519999742507935,12.850000381469727,18.786727739691973,0.010140513173613863,0.009287632544528801,0.007759227378804967,0.12259356298745014,0.09502385939483554,0.14969604921920018,0.11918235097763867,0.0025407899114713306
2013-05-06,129.38072204589844,1.7710000276565552,12.65999984741211,18.01844194072098,0.0025407899114713306,0.010140513173613863,0.019779925629042294,0.12024983171878054,0.09511152045997288,0.14866159215543315,0.1190971369486182,0.005068465443540893
2013-05-07,130.03648376464844,1.7829999923706055,12.829999923706055,18.319303407116838,0.005068465443540893,0.0025407899114713306,0.015568238737667217,0.12072890431969863,0.08806368313730481,0.14901022899756713,0.11902475104868963,0.004552062520952971
2013-05-08,130.62841796875,1.7599999904632568,12.65999984741211,18.394533884707723,0.004552062520952971,0.005068465443540893,0.01828604004440426,0.051669945503020495,0.08727475370686726,0.1443350988116041,0.11917626333609144,-0.002817122197011912
2013-05-09,130.2604217529297,1.812999963760376,13.130000114440918,18.485893422169976,-0.002817122197011912,0.004552062520952971,0.031969565274257095,0.07433171038719617,0.09253339173615331,0.14495450635303753,0.11947585544863462,0.0032542840967408893
2013-05-10,130.684326171875,1.899999976158142,12.59000015258789,18.452208490046303,0.0032542840967408893,-0.002817122197011912,0.019592777839652076,0.04997850782105546,0.0890661604868309,0.14447004025640553,0.11954290748487188,0.0007953736621562069
2013-05-13,130.78826904296875,1.9229999780654907,12.550000190734863,18.220315791745982,0.0007953736621562069,0.0032542840967408893,0.01264211172759766,0.05144661985824757,0.08755432176649193,0.11153862369796459,0.11954484070190889,0.010333856783186768
2013-05-14,132.1398162841797,1.9520000219345093,12.770000457763672,18.594641622475713,0.010333856783186768,0.0007953736621562069,0.010879109150210065,0.07724384214207083,0.09561782522002177,0.10614832598735281,0.12084997868801384,0.005386427003036376
2013-05-15,132.85157775878906,1.9429999589920044,12.8100004196167,18.60897195518309,0.005386427003036376,0.010333856783186768,0.016174941513629637,0.07836676221331142,0.06720049676807617,0.08518662549418408,0.12047872490408838,-0.004695194807685876
2013-05-16,132.22781372070312,1.8650000095367432,13.069999694824219,18.51520516967825,-0.004695194807685876,0.005386427003036376,0.017018959768546615,0.08825014023440153,0.07727529818160479,0.08298394447460344,0.11766680056109519,0.009676560944654966
2013-05-17,133.50732421875,1.9490000009536743,12.449999809265137,18.681513074068935,0.009676560944654966,-0.004695194807685876,0.015103528311193992,0.1003022374093278,0.07617888243254227,0.08386502020597446,0.11771869435425512,-5.977459833295118e-05
2013-05-20,133.4993438720703,1.965000033378601,13.020000457763672,18.258999122637764,-5.977459833295118e-05,0.009676560944654966,0.021601657441017164,0.10234720314611422,0.07810356644625424,0.08476624219790042,0.11660789560217692,0.001438333672609593
2013-05-21,133.6913604736328,1.944000005722046,13.369999885559082,18.377817093754157,0.001438333672609593,-5.977459833295118e-05,0.020728730863552203,0.08664751545381821,0.07773124456099317,0.08086682700107618,0.10833840516559042,-0.0074182823062964864
2013-05-22,132.69960021972656,2.0260000228881836,13.819999694824219,19.312809106732217,-0.0074182823062964864,0.001438333672609593,0.011741685686291303,0.10426541576409366,0.09202985493491034,0.08855461362274379,0.10955978908429181,-0.0028927393587449
2013-05-23,132.31573486328125,2.0230000019073486,14.069999694824219,19.167673862880278,-0.0028927393587449,-0.0074182823062964864,-0.0011439648788998946,0.10008380737426682,0.09213196065886552,0.09035715088435961,0.10760820781298323,-0.0008458798788298916
2013-05-24,132.2038116455078,2.010999917984009,13.989999771118164,18.836583859359745,-0.0008458798788298916,-0.0028927393587449,0.0006649216991807538,0.05445184511431649,0.09234687735430723,0.08988476847760131,0.10747639792198774,0.005988844323172815
2013-05-28,132.9955596923828,2.134999990463257,14.479999542236328,18.783097777494934,0.005988844323172815,-0.0008458798788298916,-0.009763603464229442,0.0790812069743344,0.09538420257645691,0.0894483033971828,0.10780541120594596,-0.006494380390447585
2013-05-29,132.1318359375,2.124000072479248,14.829999923706055,18.892953054044487,-0.006494380390447585,0.005988844323172815,-0.0037736828142785894,0.0851009510047337,0.08994364624611292,0.09456852282145548,0.10877068709566087,0.0036918296342283163
2013-05-30,132.61964416503906,2.124000072479248,14.529999732971191,18.495730710147498,0.0036918296342283163,-0.006494380390447585,-0.011665110823974256,0.07964799209235579,0.08747493049365986,0.0862075108737359,0.1077353186854053,-0.014352182586823914
2013-05-31,130.7162628173828,2.1640000343322754,16.299999237060547,18.990813044721058,-0.014352182586823914,0.0036918296342283163,-0.0006025342544748735,0.13030567769146428,0.11159734102400848,0.10060096401791467,0.1124084475255067,0.005506371765483742
2013-06-03,131.43603515625,2.134000062942505,16.280000686645508,18.94179743853287,0.005506371765483742,-0.014352182586823914,-0.012088298096603056,0.14233425967627042,0.10182975478101114,0.09637303371580082,0.11277151849416833,-0.004806709983245505
2013-06-04,130.80426025390625,2.13700008392334,16.270000457763672,18.875770594856444,-0.004806709983245505,0.005506371765483742,-0.005807521581272845,0.12824559985596456,0.10267739860751647,0.09825781159664602,0.11321558316732656,-0.014000882834514727
2013-06-05,128.97288513183594,2.0999999046325684,17.5,19.170859279447285,-0.014000882834514727,-0.004806709983245505,-0.016476485707831223,0.14938760774714885,0.11645089069517524,0.10935578491074036,0.11711139157852571,0.009053203676555821
2013-06-06,130.1405029296875,2.075000047683716,16.6299991607666,19.11495479435593,0.009053203676555821,-0.014000882834514727,-0.023907567644471994,0.1717460110226138,0.12977342182127038,0.11315387474575524,0.1182019090193031,0.012720298355424431
2013-06-07,131.79592895507812,2.1610000133514404,15.140000343322754,19.053747722285134,0.012720298355424431,0.009053203676555821,-0.018693620021076107,0.17368987596461927,0.14875961121156858,0.12145635313958865,0.12068159075706197,0.0
2013-06-10,131.79592895507812,2.2149999141693115,15.4399995803833,18.47580415357509,0.0,0.012720298355424431,0.00825961601429559,0.1704452689524311,0.14874189198590512,0.12106676346231002,0.12036492068055181,-0.010315630507313656
2013-06-11,130.43637084960938,2.194999933242798,17.06999969482422,18.887588341684832,-0.010315630507313656,0.0,0.002738166883992532,0.1852817683850674,0.1520169635665692,0.12693014992070775,0.12247938919659557,-0.008276988651983452
2013-06-12,129.35675048828125,2.2300000190734863,18.59000015258789,18.9937005862496,-0.008276988651983452,-0.010315630507313656,-0.0028125185187605206,0.16201793246835847,0.15377871471181795,0.12378354488881071,0.12321439572971989,0.015208921850294876
2013-06-13,131.32412719726562,2.1740000247955322,16.40999984741211,18.912860413338066,0.015208921850294876,-0.008276988651983452,0.0029763260397945857,0.18624722705005675,0.1752479518915186,0.1349485903567138,0.12654435149064733,-0.006272615284940719
2013-06-14,130.50038146972656,2.125999927520752,17.149999618530273,18.765670184566517,-0.006272615284940719,0.015208921850294876,0.009094972287125858,0.16400158858469227,0.1621181507038009,0.13570624562958708,0.12679883136042133,0.007721392397263438
2013-06-17,131.50802612304688,2.1710000038146973,16.799999237060547,18.730336621751213,0.007721392397263438,-0.006272615284940719,-0.009829950709578816,0.17827024582944573,0.1646318242065141,0.1339037042128855,0.12605109697630182,0.007905774896124651
2013-06-18,132.54769897460938,2.181999921798706,16.610000610351562,18.557792229140944,0.007905774896124651,0.007721392397263438,-0.0021844592189897982,0.16037119035353228,0.16637563524538967,0.1373653804942797,0.1260214326111189,-0.013817185597294945
2013-06-19,130.7162628173828,2.311000108718872,16.639999389648438,19.144112196546704,-0.013817185597294945,0.007905774896124651,0.016186651861345602,0.18792967920970668,0.1659021900986932,0.14522145484154655,0.1292476303935549,-0.024778381114327286
2013-06-20,127.47732543945312,2.4189999103546143,20.489999771118164,19.587748562876595,-0.024778381114327286,-0.013817185597294945,0.010509790358600002,0.22384495447698882,0.20458136939316277,0.16674266695063691,0.13869324945777714,0.003210481624312367
2013-06-21,127.88658905029297,2.5139999389648438,18.899999618530273,19.421153791794122,0.003210481624312367,-0.024778381114327286,-0.029292422039357002,0.23266257537023058,0.19052122929851972,0.1676910655159767,0.13881200973827296,-0.012635817016360074
2013-06-24,126.27063751220703,2.5480000972747803,20.110000610351562,19.219668829264815,-0.012635817016360074,0.003210481624312367,-0.02002900213774428,0.21231381939303612,0.19555178474133453,0.17210742788769803,0.14124645350868695,0.009614245331498239
2013-06-25,127.48463439941406,2.5889999866485596,18.469999313354492,18.904724109488523,0.009614245331498239,-0.012635817016360074,-0.03982561950963681,0.22057474573396266,0.20354369201943837,0.17486469109942365,0.1422878110875093,0.009900856187071705
2013-06-26,128.74684143066406,2.5390000343322754,17.209999084472656,18.719658783561755,0.009900856187071705,0.009614245331498239,-0.03819805710972912,0.24221617534879977,0.2087656059787268,0.17898121432483174,0.14332482797770454,0.005869829795439596
2013-06-27,129.5025634765625,2.4830000400543213,16.860000610351562,18.679065570178846,0.005869829795439596,0.009900856187071705,-0.015066383816909834,0.14720233758045306,0.1939605820200837,0.1799409798592125,0.14200884180374188,-0.00409752235162153
2013-06-28,128.971923828125,2.4779999256134033,16.860000610351562,18.89319933926805,-0.00409752235162153,0.005869829795439596,0.015887045246107512,0.15602289771418426,0.19271135597528466,0.17351173899512062,0.14217940454858818,0.005859822363227796
2013-07-01,129.72767639160156,2.490000009536743,16.3700008392334,18.697970005246006,0.005859822363227796,-0.00409752235162153,0.008486697361247186,0.0900269157382621,0.19053680913309334,0.17368156360569625,0.14217624307637397,-0.0009294466263921608
2013-07-02,129.6071014404297,2.4690001010894775,16.440000534057617,18.858055939642828,-0.0009294466263921608,0.005859822363227796,0.027378010814749665,0.0902677022726132,0.18362527435463535,0.1729789610565303,0.14166617442170706,0.0004341923662907199
2013-07-03,129.6633758544922,2.500999927520752,16.200000762939453,18.135879863544325,0.0004341923662907199,-0.0009294466263921608,0.01664880674455138,0.06939879544390608,0.17189904820793303,0.1653494392972815,0.14154603349312703,0.010788433795396069
2013-07-05,131.06224060058594,2.7149999141693115,14.890000343322754,18.622942998575684,0.010788433795396069,0.0004341923662907199,0.007118888616166386,0.09374800392302014,0.1165299042480251,0.16667457945619313,0.14106358315371473,0.005705357657409538
2013-07-08,131.80999755859375,2.6449999809265137,14.779999732971191,18.49849790925034,0.005705357657409538,0.010788433795396069,0.012043600390240217,0.0747846639507494,0.11744450878943238,0.1615825353008844,0.1413494947122213,0.007196902168250752
2013-07-09,132.7586212158203,2.630000114440918,14.350000381469727,18.597135130850642,0.007196902168250752,0.005705357657409538,0.022005360905144933,0.07702961742659335,0.07926549613529546,0.16355757000712065,0.14183684717219988,0.0003636585567974304
2013-07-10,132.80690002441406,2.680000066757202,14.210000038146973,18.61468463741175,0.0003636585567974304,0.007196902168250752,0.023363902819544924,0.07148810080250392,0.07789023177012515,0.15858241246991556,0.13277220086245803,0.013620174471970392
2013-07-11,134.61575317382812,2.5739998817443848,14.010000228881836,18.72516241706727,0.013620174471970392,0.0003636585567974304,0.024688451083485274,0.08036022526102816,0.08730282383830523,0.16072091212073966,0.13229262188249344,0.00041837741201766754
2013-07-12,134.6720733642578,2.6010000705718994,13.84000015258789,18.461944570450495,0.00041837741201766754,0.013620174471970392,0.03819411060910127,0.08733004078735343,0.08914451210540565,0.1530433538864293,0.12816480157982443,0.0038202470487609386
2013-07-15,135.18655395507812,2.555999994277954,13.789999961853027,18.05612628083489,0.0038202470487609386,0.00041837741201766754,0.027542889142822657,0.08802030233666261,0.07723041465506379,0.1505899646601189,0.12725399833955525,-0.003746450454908401
2013-07-16,134.68008422851562,2.5320000648498535,14.420000076293945,18.300794133583278,-0.003746450454908401,0.0038202470487609386,0.02561684590718083,0.10425807754754211,0.08764141143288579,0.1501189625317386,0.12683322471793337,0.002566959961225468
2013-07-17,135.0258026123047,2.490999937057495,13.779999732971191,18.346753227823168,0.002566959961225468,-0.003746450454908401,0.014473357700602207,0.10203733954356502,0.08408029886644805,0.1481558506508166,0.12669735021350115,0.005477875537162058
2013-07-18,135.7654571533203,2.5339999198913574,13.770000457763672,18.456241894065748,0.005477875537162058,0.002566959961225468,0.016707735723691552,0.05658628361721431,0.0816726289025819,0.13810702968004704,0.12561763174621202,0.0017764490687017798
2013-07-19,136.0066375732422,2.490999937057495,12.539999961853027,18.45828188669384,0.0017764490687017798,0.005477875537162058,0.008540634750284992,0.055447174209214155,0.07486394229111529,0.09561912490312967,0.12561545380599598,0.0019506736594883112
2013-07-22,136.27194213867188,2.48799991607666,12.289999961853027,18.190369075461632,0.0019506736594883112,0.0017764490687017798,0.009909732401421234,0.05307372842691702,0.07444740006868933,0.09573240808929413,0.12549030673305422,-0.002124017352244212
2013-07-23,135.9824981689453,2.5160000324249268,12.65999984741211,18.20785504258157,-0.002124017352244212,0.0019506736594883112,0.00802881759937768,0.043075382726109744,0.07563682152924135,0.07837059020788266,0.12552896579192052,-0.0036651615749052624
2013-07-24,135.48410034179688,2.5880000591278076,13.180000305175781,18.54213703383134,-0.0036651615749052624,-0.002124017352244212,0.009670427130264114,0.057554294293476665,0.08119226113767725,0.07930176628013907,0.12539727437851195,0.002432570199230044
2013-07-25,135.8136749267578,2.6070001125335693,12.970000267028809,18.525838648085863,0.002432570199230044,-0.0036651615749052624,0.0033941492709217425,0.04404689642133241,0.04972052545312822,0.07507460797105733,0.12539942139486826,0.0010651989144656593
2013-07-26,135.95834350585938,2.561000108718872,12.720000267028809,18.495923652536305,0.0010651989144656593,0.002432570199230044,0.00035515494477400544,0.042580103620657,0.049654439996568774,0.07430530208118996,0.1237164982853327,-0.0030746901909571855
2013-07-29,135.54031372070312,2.5850000381469727,13.390000343322754,18.19371741908313,-0.0030746901909571855,0.0010651989144656593,-0.0003550861064174349,0.04251555043399136,0.0505709806046381,0.07319104419969176,0.12286517893329521,0.0
2013-07-30,135.54031372070312,2.6029999256134033,13.390000343322754,18.26062467324418,0.0,-0.0030746901909571855,-0.005368885234087517,0.041877538208637675,0.04548982232667542,0.07257302480137943,0.12139730238612553,0.0007121652367447773
2013-07-31,135.6368408203125,2.5929999351501465,13.449999809265137,18.774071206883903,0.0007121652367447773,0.0,-0.0032517747077481785,0.03248964378644106,0.04422588578754065,0.07186345807027268,0.12134613802351955,0.011558093196428532
2013-08-01,137.2045440673828,2.7230000495910645,12.9399995803833,18.51996846647158,0.011558093196428532,0.0007121652367447773,0.0011273682899344273,0.08825298323988152,0.06780680369771838,0.07859444728322769,0.12303456344345833,0.0016994302721458077
2013-08-02,137.43771362304688,2.6019999980926514,11.979999542236328,18.327651671443395,0.0016994302721458077,0.011558093196428532,0.010241009540276957,0.08792037179092477,0.0677852160921495,0.07281579079592541,0.12281400389591522,-0.0014625099837706212
2013-08-05,137.23670959472656,2.640000104904175,11.84000015258789,17.805840013874178,-0.0014625099837706212,0.0016994302721458077,0.010881054292366743,0.08242439520149529,0.0686825668816159,0.0729293813153539,0.12267127679770427,-0.00568204497581426
2013-08-06,136.45692443847656,2.6419999599456787,12.720000267028809,18.287092218267208,-0.00568204497581426,-0.0014625099837706212,0.012515803065935582,0.10105369367097311,0.07484524757651266,0.07512129037044207,0.123303998357537,-0.0032408045720593304
2013-08-07,136.0146942138672,2.5999999046325684,12.979999542236328,18.25645095176329,-0.0032408045720593304,-0.00568204497581426,0.006762642734192248,0.10641696942201577,0.0742343279182277,0.07684137246375414,0.12357486342397217,0.0036649671034734155
2013-08-08,136.51318359375,2.5869998931884766,12.729999542236328,18.44225925421883,0.0036649671034734155,-0.0032408045720593304,0.002785772591498592,0.059505810177000316,0.0754270136563729,0.062248137815217555,0.12209731671966415,-0.002885924014321528
2013-08-09,136.1192169189453,2.5799999237060547,13.40999984741211,18.334661975981547,-0.002885924014321528,0.0036649671034734155,-0.00503890361891568,0.05512345026473379,0.07721974764467605,0.06354315667922905,0.12188090051352951,-0.0011818567335847296
2013-08-12,135.95834350585938,2.6050000190734863,12.8100004196167,18.043705434866517,-0.0011818567335847296,-0.002885924014321528,-0.009593412676507596,0.055306303115341106,0.07558838211918564,0.06259421657851742,0.12146132928365434,0.0029571839626780783
2013-08-13,136.3603973388672,2.7149999141693115,12.3100004196167,18.20756179053544,0.0029571839626780783,-0.0011818567335847296,-0.009315044732873035,0.051629283240635426,0.07668956444002913,0.06136878101134269,0.12006387872193654,-0.005129852073207486
2013-08-14,135.660888671875,2.7119998931884766,13.039999961853027,18.19539992280326,-0.005129852073207486,0.0029571839626780783,-0.0007073814685959467,0.059867641953941265,0.0819096251261057,0.06416020160861712,0.12059177200208945,-0.013985556997266335
2013-08-15,133.7635955810547,2.755000114440918,14.729999542236328,18.84550263488479,-0.013985556997266335,-0.005129852073207486,-0.002601230286456202,0.09994739541940446,0.08161410941626081,0.07865546582224024,0.12406069017193887,-0.003305601853272444
2013-08-16,133.32142639160156,2.8289999961853027,14.369999885559082,18.689701275471222,-0.003305601853272444,-0.013985556997266335,-0.02014155659044492,0.09968478764546644,0.07815488247143072,0.07857550640079125,0.12328868709240458,-0.0063922105470615165
2013-08-19,132.46920776367188,2.884000062942505,15.100000381469727,18.38440673539754,-0.0063922105470615165,-0.003305601853272444,-0.020553971663014647,0.09680083947067321,0.07930443540670533,0.08000912405329566,0.12385971215474154,0.004915969609867066
2013-08-20,133.12042236328125,2.813999891281128,14.90999984741211,18.30744934511288,0.004915969609867066,-0.0063922105470615165,-0.02566327047105521,0.10756357730526124,0.08851762157469424,0.08301268888321382,0.1242441187636733,-0.006160349740605975
2013-08-21,132.30035400390625,2.8550000190734863,15.9399995803833,18.887745690747394,-0.006160349740605975,0.004915969609867066,-0.023760380864352615,0.10802287401327215,0.0904328019968978,0.08451416606021667,0.12429835291874623,0.009115458553641265
2013-08-22,133.50633239746094,2.9010000228881836,14.760000228881836,18.435287553196513,0.009115458553641265,-0.006160349740605975,-0.024771580820887373,0.11121455739066305,0.10433049798558851,0.09135019679508483,0.12496041210435149,0.003372203873811319
2013-08-23,133.95654296875,2.818000078201294,13.979999542236328,18.325148450482626,0.003372203873811319,0.009115458553641265,-0.0019232675562901314,0.11019178062680456,0.10785755626175286,0.09235014814790658,0.12492400903693668,-0.003721390740788033
2013-08-26,133.45803833007812,2.805000066757202,14.989999771118164,18.31200474927423,-0.003721390740788033,0.003372203873811319,0.004763799745758135,0.10012051868167192,0.1083477190849005,0.09259655676270587,0.12148809410983467,-0.016084047368111754
2013-08-27,131.31149291992188,2.7209999561309814,16.770000457763672,18.88201818629155,-0.016084047368111754,-0.003721390740788033,0.007464606930920548,0.1523925074457802,0.1255694869545039,0.10728679017857042,0.1255816731472802,0.003551163598713769
2013-08-28,131.77780151367188,2.7820000648498535,16.489999771118164,18.498687543647907,0.003551163598713769,-0.016084047368111754,-0.013588669651474428,0.15406902221068897,0.13034536255552165,0.10855072980115738,0.12537897774823858,0.00158588451620445
2013-08-29,131.98678588867188,2.750999927520752,16.809999465942383,18.596317515606824,0.00158588451620445,0.003551163598713769,-0.003949743703776876,0.1312703063130996,0.11578811183575849,0.09799620112435069,0.12188324262512941,-0.003166978154394151
2013-08-30,131.56878662109375,2.749000072479248,17.010000228881836,18.720258538409745,-0.003166978154394151,0.00158588451620445,-0.011381830970123796,0.12143759895173953,0.11572336488352879,0.0971319592835656,0.12075138288546736,0.004521894598452425
2013-09-03,132.16372680664062,2.8480000495910645,16.610000610351562,18.773975689125574,0.004521894598452425,-0.003166978154394151,-0.017824857933317007,0.13420721561157037,0.11524059880725986,0.0999843644952603,0.11826700053038582,0.008272949132723584
2013-09-04,133.25711059570312,2.8970000743865967,15.880000114440918,18.394227943389666,0.008272949132723584,0.004521894598452425,-0.009698265759281677,0.06661821254830724,0.1205299020465577,0.10505597148657071,0.11945426287419315,0.0012665550458494934
2013-09-05,133.42588806152344,2.9790000915527344,15.770000457763672,17.960080777352076,0.0012665550458494934,0.008272949132723584,0.014816811784843287,0.06729675387258607,0.11533348612269953,0.10509297361270761,0.1174358122686384,0.00048203386039125107
2013-09-06,133.49020385742188,2.937999963760376,15.850000381469727,18.889161345229585,0.00048203386039125107,0.0012665550458494934,0.012506556710771832,0.06867937722599853,0.10580329034327315,0.10384326858278736,0.11603363219936372,0.009576250049437629
2013-09-09,134.76853942871094,2.8970000743865967,15.630000114440918,18.287826847489768,0.009576250049437629,0.00048203386039125107,0.01139067035103114,0.0645208835999264,0.11546901554649994,0.11022449562479517,0.11354187818420812,0.007397258505845272
2013-09-10,135.7654571533203,2.9590001106262207,14.529999732971191,18.477507112115696,0.007397258505845272,0.009576250049437629,0.024319999369091905,0.06685962044352166,0.11721789625846443,0.11364889321789494,0.11353753371080179,0.00313840084742667
2013-09-11,136.19154357910156,2.9200000762939453,13.819999694824219,18.36459599940556,0.00313840084742667,0.007397258505845272,0.027252033774358697,0.06276646683800634,0.06216395427555318,0.11371421964748771,0.11270981834898902,-0.002656112874545591
2013-09-12,135.82980346679688,2.9070000648498535,14.289999961853027,18.236866085036006,-0.002656112874545591,0.00313840084742667,0.022020836038546543,0.07905747921440064,0.0698142964257037,0.11257829227333419,0.11186430895568755,0.0022489980051094705
2013-09-13,136.13528442382812,2.8980000019073486,14.15999984741211,18.10223427655745,0.0022489980051094705,-0.002656112874545591,0.018016858948429748,0.07560445836870121,0.0695057690450673,0.0996736667177233,0.1078985366560415,0.005787645982934686
2013-09-16,136.92318725585938,2.874000072479248,14.380000114440918,18.481768326821086,0.005787645982934686,0.0022489980051094705,0.01981479157250665,0.061232065274625415,0.06086883213133152,0.09981365551680524,0.09441133224799204,0.004462412120804116
2013-09-17,137.53419494628906,2.8529999256134033,14.529999732971191,18.228591247790906,0.004462412120804116,0.005787645982934686,0.015987765663129316,0.05123643223304782,0.06085538099064511,0.0960070410617019,0.0945594105752294,0.011574048135445825
2013-09-18,139.1260223388672,2.7079999446868896,13.59000015258789,19.130982937223084,0.011574048135445825,0.004462412120804116,0.013027892588107326,0.0823885359971077,0.0690530856114029,0.10153522405110733,0.09238787922054977,-0.0016756303053721
2013-09-19,138.8928985595703,2.747999906539917,13.15999984741211,18.803333627265708,-0.0016756303053721,0.011574048135445825,0.02154670314064866,0.07732405784047076,0.0741002083979934,0.09780026814218554,0.09111096841704446,-0.006991387516705583
2013-09-20,137.92184448242188,2.7320001125335693,13.119999885559082,18.70485994601081,-0.006991387516705583,-0.0016756303053721,0.022550979347637723,0.11348718853973906,0.09156775889846348,0.09993453332502349,0.09099224213976644,-0.004628024418161347
2013-09-23,137.28353881835938,2.7139999866485596,14.3100004196167,18.465811850499428,-0.004628024418161347,-0.006991387516705583,0.013123416652450537,0.11918427954373119,0.09200912629050254,0.10211397031242814,0.09121654627121159,-0.002353892080194653
2013-09-24,136.96038818359375,2.6530001163482666,14.079999923706055,18.482087187125643,-0.002353892080194653,-0.004628024418161347,0.0026317789537475544,0.1148255686538934,0.08855092106278648,0.10134394514514822,0.09087058031864495,-0.00289042714238541
2013-09-25,136.56451416015625,2.614000082015991,14.010000228881836,18.580300734082847,-0.00289042714238541,-0.002353892080194653,-0.004172102529988231,0.03391691664394295,0.08943338160755751,0.0798401310004188,0.0906484667301126,0.003845632997582449
2013-09-26,137.08969116210938,2.6429998874664307,14.0600004196167,18.161221967463753,0.003845632997582449,-0.00289042714238541,-0.018411423942473637,0.06403559032660089,0.08939654991111609,0.0799240240152016,0.09077120865342835,-0.004596791517656906
2013-09-27,136.4595184326172,2.61899995803833,15.460000038146973,18.412061716621274,-0.004596791517656906,0.003845632997582449,-0.012982718455454734,0.055368597646096245,0.09311349691837532,0.08328113047427003,0.09147661099783942,-0.0053279594534770824
2013-09-30,135.7324676513672,2.615000009536743,16.600000381469727,18.78488626875671,-0.0053279594534770824,-0.004596791517656906,-0.010602570283861468,0.057542555609572325,0.09131704271970174,0.08527878932858411,0.08996176953866682,0.007916259291498307
2013-10-01,136.8069610595703,2.6459999084472656,15.539999961853027,18.660956701870983,0.007916259291498307,-0.0053279594534770824,-0.011298304081776456,0.09225888726156938,0.09832854887453756,0.08765381671791053,0.0906094945545307,-0.0009453721878774912
2013-10-02,136.67762756347656,2.625999927520752,16.600000381469727,18.545990943740044,-0.0009453721878774912,0.007916259291498307,-0.0011202299150742112,0.08969742320281739,0.07172375596349602,0.0845990976080358,0.08962261395438238,-0.009220965457802266
2013-10-03,135.41732788085938,2.6059999465942383,17.670000076293945,18.989952624266113,-0.009220965457802266,-0.0009453721878774912,0.0008282781512893855,0.10301914859783165,0.08087845957144005,0.09245005890467901,0.09181102113416399,0.0075770363200600155
2013-10-04,136.44338989257812,2.6519999504089355,16.739999771118164,18.38896302322249,0.0075770363200600155,-0.009220965457802266,-0.012199044779176105,0.12151666826238347,0.09078144365052708,0.09554848704449272,0.0888658215318835,-0.008644866658898076
2013-10-07,135.26385498046875,2.634000062942505,19.40999984741211,18.382926964725204,-0.008644866658898076,0.0075770363200600155,-0.00011819285473313457,0.13246670189069618,0.09721072250311177,0.09602948329533087,0.09071018581339312,-0.01164614245432305
2013-10-08,133.6885528564453,2.635999917984009,20.34000015258789,18.997378379986298,-0.01164614245432305,-0.008644866658898076,-0.003452472934494022,0.12524675962856874,0.10994926668111973,0.10077585163023753,0.0934883156030052,0.0007249972122076453
2013-10-09,133.7854766845703,2.6500000953674316,19.600000381469727,18.945249502728327,0.0007249972122076453,-0.01164614245432305,-0.022794221719223295,0.1288080444099806,0.11098468215826546,0.09990067029208856,0.09320610412893854,0.021557603334487085
2013-10-10,136.66957092285156,2.684999942779541,16.479999542236328,19.09339560410103,0.021557603334487085,0.0007249972122076453,-0.021160382503442765,0.2121968078200516,0.16140897835278536,0.1273642629526497,0.10312019991484946,0.0064433891789423825
2013-10-11,137.55018615722656,2.681999921798706,15.720000267028809,18.469851797479,0.0064433891789423825,0.021557603334487085,0.009247288080399318,0.21043600547305147,0.16261468782533117,0.12905763797167338,0.10334910177618985,0.003993903592316661
2013-10-14,138.09954833984375,2.690999984741211,16.06999969482422,18.534955419169787,0.003993903592316661,0.0064433891789423825,0.008111761702196185,0.1894222701872951,0.1594106197564439,0.12824633715720138,0.10358967583807603,-0.00725419126385618
2013-10-15,137.09774780273438,2.7200000286102295,18.65999984741211,18.862059828339685,-0.00725419126385618,0.003993903592316661,0.020964161932132352,0.16755828941542955,0.1612282767731318,0.13012488636909633,0.104665948168698,0.01396586115409093
2013-10-16,139.01243591308594,2.6710000038146973,14.710000038146973,18.901104896711196,0.01396586115409093,-0.00725419126385618,0.025501023636255837,0.17211724413364937,0.17490668149225,0.13321772074981517,0.1083215693065699,0.006683190786184401
2013-10-17,139.9414825439453,2.5869998931884766,13.479999542236328,18.67833393641837,0.006683190786184401,0.01396586115409093,0.03906970590566705,0.121988086718338,0.16491115721456262,0.13512016892547776,0.10874208373217208,0.006754510448736095
2013-10-18,140.88671875,2.5889999866485596,13.039999961853027,18.745051487701012,0.006754510448736095,0.006683190786184401,0.023940307992484255,0.12227718822939143,0.16437024782686047,0.13393778358616001,0.1094181373586966,5.7293543959779925e-05
2013-10-21,140.89479064941406,2.6089999675750732,13.15999984741211,18.46090096704451,5.7293543959779925e-05,0.006754510448736095,0.02425683807479273,0.1270700667528313,0.15207064862509784,0.13230386228442853,0.10942069747289566,0.005791839679105237
2013-10-22,141.71083068847656,2.51200008392334,13.329999923706055,18.657040582124157,0.005791839679105237,5.7293543959779925e-05,0.020240778070407694,0.07846812135487777,0.1240341193443198,0.13245352164232355,0.10965122408742248,-0.004788869278781749
2013-10-23,141.03219604492188,2.484999895095825,13.420000076293945,18.47406985009138,-0.004788869278781749,0.005791839679105237,0.03364813032800362,0.08122886943964948,0.13319097397795884,0.13350090166324377,0.11023172813002229,0.003322086242029565
2013-10-24,141.50071716308594,2.5220000743865967,13.199999809265137,18.068993355739313,0.003322086242029565,-0.004788869278781749,0.01452934853324006,0.07459992433776017,0.09766522389803527,0.13339929936377504,0.1103640749082578,0.004567800494986063
2013-10-25,142.14706420898438,2.503000020980835,13.09000015258789,18.354808010482564,0.004567800494986063,0.003322086242029565,0.011142047310031877,0.06751892009107045,0.09652806326501932,0.1316919742806575,0.1083459094464832,0.0015909615436222602
2013-10-28,142.3732147216797,2.51200008392334,13.3100004196167,18.257914736874614,0.0015909615436222602,0.004567800494986063,0.008945807455568833,0.06589775812834434,0.09680422147773789,0.12879058259911405,0.1083414912474035,0.005334078696791478
2013-10-29,143.1326446533203,2.506999969482422,13.40999984741211,18.286017293649422,0.005334078696791478,0.0015909615436222602,0.010493106703599597,0.06434245440976481,0.0780196578466222,0.1276507538519032,0.10868073544675518,-0.004966983609657638
2013-10-30,142.4217071533203,2.5269999504089355,13.649999618530273,18.75716727332858,-0.004966983609657638,0.005334078696791478,0.010033206057265431,0.0655288171961307,0.07001072343736496,0.12978438343357326,0.10851044884613152,-0.0028363736800721684
2013-10-31,142.0177459716797,2.5420000553131104,13.75,18.711819343226505,-0.0028363736800721684,-0.004966983609657638,0.00985243899879329,0.07180554229536117,0.07014462585143756,0.12426430812202897,0.10845028594830716,0.0023894211785941977
2013-11-01,142.35708618164062,2.619999885559082,13.279999732971191,18.77699062826494,0.0023894211785941977,-0.0028363736800721684,0.003653895322649481,0.06590891422011338,0.06412289537248236,0.12275936116204689,0.10833494211587451,0.003518404066921388
2013-11-04,142.8579559326172,2.6019999980926514,12.930000305175781,18.266094981156904,0.003518404066921388,0.0023894211785941977,0.0014774977860074756,0.06960031180141965,0.06497665849041911,0.11597587488951899,0.10821901759112101,-0.0031670504560880053
2013-11-05,142.405517578125,2.6619999408721924,13.270000457763672,18.267820908959646,-0.0031670504560880053,0.003518404066921388,0.003404721961817847,0.05924228456001403,0.06353967165514578,0.10543259982418915,0.10845275354518628,0.005106031617043261
2013-11-06,143.1326446533203,2.640000104904175,12.670000076293945,18.285410709336855,0.005106031617043261,-0.0031670504560880053,-0.005080092504099798,0.060037546490458865,0.05979952574955682,0.10522401100341502,0.10872477108144239,-0.012643783418960997
2013-11-07,141.32290649414062,2.61299991607666,13.90999984741211,18.871756369682007,-0.012643783418960997,0.005106031617043261,0.004991777687615162,0.11487192768028369,0.09142166469058502,0.09664553576899033,0.1115384491634186,0.013491744206109102
2013-11-08,143.22959899902344,2.746000051498413,12.899999618530273,18.733394403243572,0.013491744206109102,-0.012643783418960997,-0.004892624318073802,0.1552178414481815,0.11270683156981298,0.10418478850096022,0.11028788801810924,0.0001690690919433635
2013-11-11,143.25381469726562,2.750999927520752,12.529999732971191,17.95249946920954,0.0001690690919433635,0.013491744206109102,0.00612904380656909,0.15396537228746981,0.11264695323070857,0.1041206839144426,0.10991570372545677,-0.002030403432704775
2013-11-12,142.96295166015625,2.7679998874664307,12.819999694824219,18.24620831400799,-0.002030403432704775,0.0001690690919433635,0.0027709955813393083,0.15242113806265511,0.110090685277219,0.0996132909743793,0.10898471224128937,0.008024467351604558
2013-11-13,144.1101531982422,2.7249999046325684,12.520000457763672,18.45840034060921,0.008024467351604558,-0.002030403432704775,0.003914413510877068,0.1588649915441207,0.11327019650898612,0.09219503590440506,0.10961028420432466,0.004989092481546997
2013-11-14,144.82913208007812,2.7019999027252197,12.369999885559082,18.454453963727193,0.004989092481546997,0.008024467351604558,0.006829389251414186,0.0984975655132937,0.11226551274830077,0.09120016507740121,0.1087269919063458,0.004351567641101228
2013-11-15,145.45936584472656,2.7090001106262207,12.1899995803833,18.448471002659787,0.004351567641101228,0.004989092481546997,0.02481003025566042,0.06364512847563249,0.11289391812705742,0.08983423347711592,0.10774170456455134,-0.0034991725957415065
2013-11-18,144.95037841796875,2.677999973297119,13.100000381469727,18.46752617072622,-0.0034991725957415065,0.004351567641101228,0.015567779713733021,0.0779994038315925,0.1160191060126703,0.09152253427536694,0.10813840556324922,-0.0021734901365002557
2013-11-19,144.6353302001953,2.7119998931884766,13.390000343322754,18.35764510359019,-0.0021734901365002557,-0.0034991725957415065,0.011843061382263542,0.07851255518392539,0.11500781449314196,0.09085915848578098,0.10787527809782449,-0.0031279206559550188
2013-11-20,144.18292236328125,2.7920000553131104,13.399999618530273,18.643096038151725,-0.0031279206559550188,-0.0021734901365002557,0.011697985531346156,0.06665450661758876,0.11536360947565999,0.08962949797256042,0.10203433887376868,0.008068114327900888
2013-11-21,145.34620666503906,2.7839999198913574,12.65999984741211,18.346398921302907,0.008068114327900888,-0.0031279206559550188,0.0005049551570384114,0.08254865846100827,0.09261853958997908,0.09270614827592127,0.10282391365302701,0.005002829799749309
2013-11-22,146.07334899902344,2.752000093460083,12.260000228881836,18.21360738511638,0.005002829799749309,0.008068114327900888,0.003570238787836244,0.08445914558920979,0.07296588753490808,0.09291855170977203,0.10305226464485857,-0.0009955016487408486
2013-11-25,145.9279327392578,2.740999937057495,12.789999961853027,18.191091476068927,-0.0009955016487408486,0.005002829799749309,0.004220994301269654,0.07794862019541922,0.07400088280789212,0.09329331414595114,0.10270864945421232,0.00027646686637661233
2013-11-26,145.96827697753906,2.696000099182129,12.8100004196167,18.281349720218433,0.00027646686637661233,-0.0009955016487408486,0.006744061877991481,0.07272782662410172,0.07146699733541947,0.09207633754906445,0.1025874387774673,0.0024355602034125123
2013-11-27,146.32379150390625,2.7360000610351562,12.979999542236328,17.889652429875657,0.0024355602034125123,0.00027646686637661233,0.00921591408889344,0.057995388461649866,0.06354390960543566,0.08942783266437028,0.10167803285866889,-0.0006626013767592198
2013-11-29,146.22683715820312,2.740999937057495,13.699999809265137,17.838554248028046,-0.0006626013767592198,0.0024355602034125123,0.014848285119585025,0.039789244277365715,0.0612278099556615,0.08839951386164437,0.10178027617504573,-0.0025968572663480627
2013-12-02,145.84710693359375,2.8010001182556152,14.229999542236328,18.41793699330878,-0.0025968572663480627,-0.0006626013767592198,0.006058847446865467,0.029384986122834304,0.06040503775606427,0.08948156401829896,0.10211307575900595,-0.004320985587717208
2013-12-03,145.21690368652344,2.7750000953674316,14.550000190734863,18.573942465916495,-0.004320985587717208,-0.0025968572663480627,-0.0015488250730200104,0.041336038088290596,0.06196270961277905,0.09113047139990373,0.10138587381321171,-0.00011064486623058034
2013-12-04,145.20083618164062,2.8410000801086426,14.699999809265137,18.627963178163473,-0.00011064486623058034,-0.004320985587717208,-0.004872467110219603,0.04068468179608889,0.06060955408279308,0.0899889529408681,0.10061096670248368,-0.004395809027476383
2013-12-05,144.56256103515625,2.861999988555908,15.079999923706055,18.48772238903462,-0.004395809027476383,-0.00011064486623058034,-0.005257586180979046,0.03171961715100522,0.06296262917491553,0.09054046850423826,0.10115517060933536,0.011177371625150423
2013-12-06,146.1783905029297,2.882999897003174,13.789999961853027,18.665413568696852,0.011177371625150423,-0.004395809027476383,-0.01203652837756719,0.10338906394372925,0.07460360916192542,0.08386935195874201,0.10296764291349293,0.0025418721001275735
2013-12-09,146.54995727539062,2.8570001125335693,13.489999771118164,18.065775675716356,0.0025418721001275735,0.011177371625150423,-0.0003313116539682692,0.1018368845812669,0.07147675706772005,0.07156001561185206,0.10298158703715031,-0.003583291563839408
2013-12-10,146.0248260498047,2.796999931335449,13.90999984741211,18.209663384785333,-0.003583291563839408,0.0025418721001275735,0.004819090049670294,0.09952691616378007,0.07396267624660639,0.07346085349017129,0.10300868852321983,-0.011230962802784572
2013-12-11,144.38482666015625,2.8440001010894775,15.420000076293945,18.687580867378944,-0.011230962802784572,-0.003583291563839408,0.005563555913747464,0.13368149450656513,0.09315777318405263,0.0848233575993198,0.10579974559031366,-0.0033010638734088937
2013-12-12,143.908203125,2.877000093460083,15.539999961853027,18.565343708846065,-0.0033010638734088937,-0.011230962802784572,-0.005619867921859423,0.13219786119165974,0.09154245124039383,0.08095180316617236,0.10372064081669354,-0.0001122872585876955
2013-12-13,143.8920440673828,2.868000030517578,15.760000228881836,18.495862434464165,-0.0001122872585876955,-0.0033010638734088937,-0.0045264687168700135,0.0821560621532,0.09174981668246715,0.07872834360643699,0.10362458699345896,0.0062320594597580214
2013-12-16,144.78878784179688,2.877000093460083,16.030000686645508,18.381887949628762,0.0062320594597580214,-0.0001122872585876955,-0.015640796342610286,0.10038165538059071,0.0994292113917437,0.08046975364867202,0.10302314994982448,-0.0031801441645682438
2013-12-17,144.32833862304688,2.8429999351501465,16.209999084472656,18.314052769852776,-0.0031801441645682438,0.0062320594597580214,-0.012017536315512056,0.10012250363768796,0.09842913591726908,0.08030506310841362,0.10273780999437364,0.017072215616899644
2013-12-18,146.79234313964844,2.884999990463257,13.800000190734863,19.274695996344114,0.017072215616899644,-0.0031801441645682438,-0.011617801387958426,0.13643583731388323,0.13264961212158652,0.10054784156261709,0.10773828967235545,-0.0011557992192040567
2013-12-19,146.6226806640625,2.924999952316284,14.149999618530273,18.732063725223725,-0.0011557992192040567,0.017072215616899644,0.01667430390839364,0.13057948551966714,0.12984339467500716,0.09977732308221209,0.10751688686028098,0.005816903706750143
2013-12-20,147.47557067871094,2.88700008392334,13.789999961853027,19.099155818654307,0.005816903706750143,-0.0011557992192040567,0.018862562940242356,0.12618064298162482,0.12108755124411955,0.09792247166163906,0.10779899979046428,0.005342495503602329
2013-12-23,148.26345825195312,2.928999900817871,13.039999961853027,18.26517248803555,0.005342495503602329,0.005816903706750143,0.02490427205030188,0.12577172797303526,0.12294630281580285,0.09812554884381194,0.10742405401130195,0.002192126170960762
2013-12-24,148.58847045898438,2.9830000400543213,12.479999542236328,17.630335224136434,0.002192126170960762,0.005342495503602329,0.023998200841026662,0.10902042315219718,0.12005229071708409,0.09802043760617322,0.10651221347389207,0.005083234629582156
2013-12-26,149.34378051757812,2.990000009536743,12.329999923706055,17.964422232279883,0.005083234629582156,0.002192126170960762,0.0295169464055427,0.046719820846913895,0.09614690886665339,0.09907997613782396,0.10594358774101058,-5.415128889263432e-05
2013-12-27,149.335693359375,3.00600004196167,12.460000038146973,17.939640450166632,-5.415128889263432e-05,0.005083234629582156,0.017381270189974485,0.04004727715076515,0.09105849278154526,0.09904971708706013,0.10587201140426802,-0.0001630757308980213
2013-12-30,149.31134033203125,2.9760000705718994,13.5600004196167,17.856049919215412,-0.0001630757308980213,-5.415128889263432e-05,0.01850336307469691,0.04234460208836719,0.09111873655755479,0.09895181009817336,0.10355674699860823,0.0047329311777664085
2013-12-31,150.0180206298828,3.0260000228881836,13.720000267028809,18.27125108090102,0.0047329311777664085,-0.0001630757308980213,0.01244795761678863,0.039899220361196176,0.09026765332088951,0.09877690736224487,0.10302414717282495,-0.009584216414430191
2014-01-02,148.58021545410156,2.984999895095825,14.229999542236328,18.599971888682415,-0.009584216414430191,0.0047329311777664085,0.011834085071373845,0.09395730799426814,0.10771290795886396,0.10444480681955962,0.10344036832115926,-0.00016400761069257364
2014-01-03,148.55584716796875,2.994999885559082,13.760000228881836,18.214770357475494,-0.00016400761069257364,-0.009584216414430191,-5.555616029506716e-05,0.08280591798024295,0.07373282793580198,0.10445362917065676,0.09977809034257523,-0.002897258312554274
2014-01-06,148.1254425048828,2.9609999656677246,13.550000190734863,18.497902871372872,-0.002897258312554274,-0.00016400761069257364,-0.005275970294033372,0.08311873589728597,0.07578355964190694,0.10352716931529958,0.1002166072858109,0.006141509046207139
2014-01-07,149.03515625,2.937000036239624,12.920000076293945,18.271533205846136,0.006141509046207139,-0.002897258312554274,-0.008104230323421224,0.10032690898384124,0.07637283546923841,0.09853787521852928,0.09180873961913869,0.00021787277540430416
2014-01-08,149.067626953125,2.993000030517578,12.869999885559082,18.385906062934314,0.00021787277540430416,0.006141509046207139,-0.0018497193945020696,0.09054761346377445,0.0725704461807603,0.09839653480461819,0.09125053726112332,0.0006540901207210403
2014-01-09,149.16513061523438,2.9630000591278076,12.890000343322754,18.322884888414183,0.0006540901207210403,0.00021787277540430416,-0.006335196750146266,0.05234404047251849,0.07200477791717881,0.09699241262629366,0.09109493241368773,0.0027223664917224166
2014-01-10,149.5712127685547,2.859999895095825,12.140000343322754,18.44074217109031,0.0027223664917224166,0.0006540901207210403,0.003936696143192142,0.05303462896307863,0.06859696814776824,0.08545900949530919,0.08937092650311465,-0.01330483797729487
2014-01-13,147.58119201660156,2.8269999027252197,13.279999732971191,18.825425599407517,-0.01330483797729487,0.0027223664917224166,0.006834908352263636,0.11774880152884093,0.09638223802698889,0.09956136585886037,0.09054936024165151,0.010897776761314537
2014-01-14,149.1894989013672,2.86899995803833,12.279999732971191,18.469624239223126,0.010897776761314537,-0.01330483797729487,-0.0036742539234156935,0.13825067627480236,0.11398610682416037,0.10503973806718374,0.09207560543727171,0.005390045475824001
2014-01-15,149.99363708496094,2.884000062942505,12.279999732971191,18.40582901092856,0.005390045475824001,0.010897776761314537,0.001035612369931549,0.14299915327425938,0.11480429600608485,0.1046133826296988,0.09175858661522718,-0.0012997987890721596
2014-01-16,149.79867553710938,2.8429999351501465,12.529999732971191,18.096204678678262,-0.0012997987890721596,0.005390045475824001,0.006212013639467884,0.144198698704153,0.1022729638934495,0.10363737350631434,0.09186407341174298,-0.0042293092352345685
2014-01-17,149.16513061523438,2.8269999027252197,12.4399995803833,18.496239886220646,-0.0042293092352345685,-0.0012997987890721596,0.004247272263041113,0.14702417510372817,0.10537475501266787,0.08873997677146311,0.09194488114009848,0.0029402540138872
2014-01-21,149.6037139892578,2.825000047683716,12.869999885559082,18.299881675889328,0.0029402540138872,-0.0042293092352345685,-0.00271497533384768,0.09341153465919948,0.10428389914621933,0.08872337309425385,0.09127461717845407,0.000651746266916664
2014-01-22,149.7012176513672,2.859999895095825,12.84000015258789,17.930815589996033,0.000651746266916664,0.0029402540138872,0.013704469688988086,0.059032274157394864,0.10028935561451736,0.08689645365330957,0.0911484364123448,-0.008193301700907929
2014-01-23,148.47467041015625,2.7730000019073486,13.770000457763672,18.702069814437785,-0.008193301700907929,0.000651746266916664,0.0034299917471960484,0.06885381545978748,0.10934689198523341,0.09063897528419568,0.09272659190107532,-0.021336042907018737
2014-01-24,145.3068084716797,2.734999895095825,18.139999389648438,19.156298643938396,-0.021336042907018737,-0.008193301700907929,-0.010126874074960268,0.15211979516521335,0.15123740333462266,0.11779828534172519,0.10314962650232694,-0.004919127481786689
2014-01-27,144.59202575683594,2.7660000324249268,17.420000076293945,19.013140367998577,-0.004919127481786689,-0.021336042907018737,-0.02998602657415972,0.15168261129082058,0.14858296629341716,0.11618601523524352,0.1031784321753504,0.005954949475954097
2014-01-28,145.45306396484375,2.746000051498413,15.800000190734863,18.5201930008333,0.005954949475954097,-0.004919127481786689,-0.030658001903907328,0.1640935886805186,0.14379601516610022,0.11915935892094198,0.1032747248409699,-0.009605438791357335
2014-01-29,144.05592346191406,2.674999952316284,17.350000381469727,19.193550431696373,-0.009605438791357335,0.005954949475954097,-0.027744298010623614,0.1555326002812841,0.13089865319839616,0.1226386635217457,0.10508867639746415,0.01060000006355355
2014-01-30,145.58291625976562,2.693000078201294,17.290000915527344,18.59411375608197,0.01060000006355355,-0.009605438791357335,-0.037710409294066105,0.20157636146774016,0.14283517193336212,0.12839276922548848,0.1071269473619876,-0.00585771479947117
2014-01-31,144.73013305664062,2.6679999828338623,18.40999984741211,19.086856961075636,-0.00585771479947117,0.01060000006355355,-0.019476414006525555,0.13648080407428098,0.14319858664280777,0.12592616738754517,0.10768157031141072,-0.02250566524063069
2014-02-03,141.47288513183594,2.5810000896453857,21.440000534057617,19.35613507938267,-0.02250566524063069,-0.00585771479947117,-0.003968674428297403,0.208372630947462,0.17254756918654407,0.14657499146644923,0.11717008463357173,0.00700485689204422
2014-02-04,142.46388244628906,2.624000072479248,19.110000610351562,18.921531186616424,0.00700485689204422,-0.02250566524063069,-0.021572009996218888,0.2117286964432235,0.1790195871492539,0.1502956362186717,0.11759308893808805,-0.0012542155727732762
2014-02-05,142.2852020263672,2.6670000553131104,19.950000762939453,18.91678149290886,-0.0012542155727732762,0.00700485689204422,-0.020550832255257112,0.20620944332154767,0.1776386065069745,0.1473079090937185,0.11466370429962917,0.013187302723714378
2014-02-06,144.16156005859375,2.7019999027252197,17.229999542236328,18.704938969223136,0.013187302723714378,-0.0012542155727732762,-0.012291902984572722,0.2170220063971146,0.1981543498549149,0.15708644996051832,0.11451387731277152,0.012395409203355134
2014-02-07,145.94850158691406,2.674999952316284,15.289999961853027,18.95592890091374,0.012395409203355134,0.013187302723714378,-0.009763207371363047,0.23399578581421238,0.1818301767310467,0.16469072387062272,0.11723883875312814,0.0018367191395272098
2014-02-10,146.21656799316406,2.677999973297119,15.260000228881836,18.339674583140205,0.0018367191395272098,0.012395409203355134,0.008418209149276601,0.10087340952133286,0.1793381166867363,0.1644523474647681,0.11717308221205339,0.010943653339558601
2014-02-11,147.81671142578125,2.7190001010894775,14.510000228881836,18.58461852490419,0.010943653339558601,0.0018367191395272098,0.03353068580532281,0.1055528352971128,0.18472819364451967,0.16306880004619193,0.11813298467847237,0.0004945642322393695
2014-02-12,147.8898162841797,2.763000011444092,14.300000190734863,18.36641145726825,0.0004945642322393695,0.010943653339558601,0.037573235318153486,0.09687008882410933,0.17411269063010987,0.15806219262999507,0.11775396595830914,0.005162757695514442
2014-02-13,148.65333557128906,2.7360000610351562,14.140000343322754,18.426088107773445,0.005162757695514442,0.0004945642322393695,0.03939000105417767,0.0845777109262035,0.16926332610254913,0.1579539768438232,0.11788261406188187,0.005518805150200423
2014-02-14,149.47372436523438,2.746000051498413,13.569999694824219,18.385036996223743,0.005518805150200423,0.005162757695514442,0.031157928027899073,0.06434082294551832,0.16375553485680724,0.15928836486461617,0.11806068927795568,0.0011960093549245876
2014-02-18,149.65249633789062,2.7109999656677246,13.869999885559082,18.20328192253408,0.0011960093549245876,0.005518805150200423,0.024153881266269828,0.06632460163751339,0.08215478862497687,0.15856765853835633,0.11793184538102643,-0.006621989867884426
2014-02-19,148.6614990234375,2.7339999675750732,15.5,18.655944950449275,-0.006621989867884426,0.0011960093549245876,0.02349889887230283,0.07777869886306708,0.1019502158433068,0.16001083477761177,0.11861845409175502,0.005901045708162522
2014-02-20,149.53875732421875,2.753999948501587,14.789999961853027,18.469452822243962,0.005901045708162522,-0.006621989867884426,0.005715102098455382,0.08412019005039245,0.09728378578707751,0.1614888209984811,0.11811289181549631,-0.0011408983434167963
2014-02-21,149.36814880371094,2.7339999675750732,14.680000305175781,18.587181145361246,-0.0011408983434167963,0.005901045708162522,0.011149794363599197,0.08216193517482501,0.0898301270398284,0.1586615048670729,0.11778344429002674,0.005546639076489113
2014-02-24,150.19664001464844,2.75,14.229999542236328,18.552269384405378,0.005546639076489113,-0.0011408983434167963,0.004808591947666585,0.08225918521869122,0.076590606331139,0.13717340717341286,0.11821492160252133,-0.0003780241295412434
2014-02-25,150.13986206054688,2.7009999752044678,13.670000076293945,18.578410733259055,-0.0003780241295412434,0.005546639076489113,0.004836406214430378,0.0827516861462471,0.07822777915663383,0.13520363171303854,0.1182280055045517,5.406742533153874e-05
2014-02-26,150.14797973632812,2.6730000972747803,14.350000381469727,18.407364484812938,5.406742533153874e-05,-0.0003780241295412434,0.00325664946848514,0.05447503515322285,0.06370042307494436,0.13448794649372037,0.11816194917448448,0.0052472038388236
2014-02-27,150.9358367919922,2.6419999599456787,14.039999961853027,18.357536461079423,0.0052472038388236,5.406742533153874e-05,0.009999096757770998,0.05164696469865541,0.06587752619283016,0.12822785010071172,0.11854278802938376,0.0025289810246558186
2014-02-28,151.3175506591797,2.6579999923706055,14.0,18.831743495978454,0.0025289810246558186,0.0052472038388236,0.009342591130033329,0.04422540301626395,0.06368153474326024,0.12450069038267166,0.11842590568257483,-0.007031741356313681
2014-03-03,150.25352478027344,2.6070001125335693,16.0,18.937976397859597,-0.007031741356313681,0.0025289810246558186,0.013050987583909324,0.07252267804660867,0.07348906917389621,0.125544197745445,0.11903976795469152,0.014055934717272178
2014-03-04,152.365478515625,2.690999984741211,14.100000381469727,18.936767907509335,0.014055934717272178,-0.007031741356313681,0.00037873527410092755,0.12214492348805595,0.10023820752968898,0.09450162209771497,0.12217953589572761,0.0009059204696766354
2014-03-05,152.50350952148438,2.697999954223633,13.890000343322754,18.297121192557864,0.0009059204696766354,0.014055934717272178,0.014823621285735555,0.12100777925920304,0.08898636126876999,0.09417964755381936,0.12169272022024523,0.0022905666833759053
2014-03-06,152.8528289794922,2.736999988555908,14.210000038146973,18.228508843426365,0.0022905666833759053,0.0009059204696766354,0.01568805513928817,0.11957810795357653,0.08702502632903353,0.09267102041716153,0.11984231064799399,0.0004246626582264934
2014-03-07,152.91773986816406,2.7899999618530273,14.109999656677246,18.556203286671174,0.0004246626582264934,0.0022905666833759053,0.012700709309624303,0.1205307349302618,0.08568272355496051,0.08600058435535744,0.11978733466608829,-0.0005306528876527494
2014-03-10,152.8365936279297,2.7839999198913574,14.199999809265137,18.132187689410152,-0.0005306528876527494,0.0004246626582264934,0.01057504038370638,0.09567555344337873,0.08478946714276513,0.07917297681989287,0.11948003435629634,-0.004942743821844786
2014-03-11,152.08116149902344,2.7660000324249268,14.800000190734863,18.410722333166554,-0.004942743821844786,-0.0005306528876527494,0.017191402673805145,0.043672117988006166,0.09088466867797537,0.08327315738732607,0.11745609420826139,0.0002665853031331711
2014-03-12,152.1217041015625,2.7260000705718994,14.470000267028809,18.46779713671906,0.0002665853031331711,-0.004942743821844786,-0.0018660199106217412,0.042720432086952156,0.09080930936824513,0.07637048743536796,0.11713913116160393,-0.011213158441671034
2014-03-13,150.4159393310547,2.6530001163482666,16.219999313354492,18.85902793514354,-0.011213158441671034,0.0002665853031331711,-0.002503584482218657,0.07918526386999744,0.10703011257955966,0.08863099673794161,0.11975014723974733,-0.0028075631344115504
2014-03-14,149.99363708496094,2.6449999809265137,17.81999969482422,18.851940952622595,-0.0028075631344115504,-0.011213158441671034,-0.01594271865759478,0.07294552488462623,0.10639706900926901,0.0880147765359246,0.11942075129331976,0.009043759282187924
2014-03-17,151.3501434326172,2.6989998817443848,15.640000343322754,18.40413970209891,0.009043759282187924,-0.0028075631344115504,-0.019122063834608682,0.11806839333638146,0.11079253465723413,0.09151968540053357,0.12038449334803099,0.007137799689743263
2014-03-18,152.43045043945312,2.680999994277954,14.520000457763672,18.43856585752302,0.007137799689743263,0.009043759282187924,-0.00972574800332937,0.1292695034646212,0.09124630042612601,0.09438416968192778,0.11630886150576636,-0.005328998460611634
2014-03-19,151.61814880371094,2.7720000743865967,15.119999885559082,18.987512156541236,-0.005328998460611634,0.007137799689743263,0.0022967272013629803,0.13580497092427218,0.09491729576154537,0.09311381314376552,0.11689929219949868,0.005839411210063261
2014-03-20,152.50350952148438,2.7750000953674316,14.520000457763672,18.579742211812142,0.005839411210063261,-0.005328998460611634,-0.0033102133638692743,0.10182038681767941,0.09947042195712724,0.09307104581178381,0.11690360350709622,-0.003878544835293929
2014-03-21,151.91201782226562,2.75,15.0,18.910045732806875,-0.003878544835293929,0.005839411210063261,0.013878650093293032,0.10572977670261242,0.1010336816684847,0.09440342758416065,0.11682840061354799,-0.00413531697300018
2014-03-24,151.2838134765625,2.7330000400543213,15.09000015258789,18.61469205027655,-0.00413531697300018,-0.003878544835293929,0.012789747449207134,0.09576235158252658,0.10253236535797453,0.09428609371477158,0.11714047366011933,0.004745658294044164
2014-03-25,152.0017547607422,2.734999895095825,14.020000457763672,18.45847737627602,0.004745658294044164,-0.00413531697300018,-0.00043825499302696524,0.08535449014392806,0.10363478197188153,0.09548807083764958,0.11708395390091872,-0.007192127117897962
2014-03-26,150.90853881835938,2.7009999752044678,14.930000305175781,18.60169311914194,-0.007192127117897962,0.004745658294044164,-0.002812401836214562,0.0926383513234165,0.10962187627737038,0.09945329172243887,0.11809112627457959,-0.0021083035674021033
2014-03-27,150.5903778076172,2.671999931335449,14.619999885559082,18.774031174816386,-0.0021083035674021033,-0.007192127117897962,-0.0046802443569617935,0.07065616323691187,0.0937329408546918,0.09798870648284526,0.11818405925073532,0.004929937316415556
2014-03-28,151.33277893066406,2.7119998931884766,14.40999984741211,18.4369674033535,0.004929937316415556,-0.0021083035674021033,-0.012544837295024203,0.08595363979088134,0.09497910891363552,0.0992050051640936,0.11821723496494753,0.008194604721133647
2014-03-31,152.57289123535156,2.7230000495910645,13.880000114440918,18.418127497190213,0.008194604721133647,0.004929937316415556,-0.003812989254604382,0.09896471326781105,0.09301719134911039,0.09956511192792397,0.1175629522326387,0.006630551783240346
2014-04-01,153.58453369140625,2.759000062942505,13.100000381469727,18.306313130346208,0.006630551783240346,0.008194604721133647,0.008520923218191978,0.10340742812757381,0.09208273933929102,0.08940891216403783,0.11822942872220986,0.003346939132363058
2014-04-02,154.09857177734375,2.802999973297119,13.09000015258789,18.182093563838848,0.003346939132363058,0.006630551783240346,0.010412899069194514,0.06295981529068269,0.08609890165440726,0.09000505421309925,0.11813700683685367,-0.0013239919500972475
2014-04-03,153.89454650878906,2.7899999618530273,13.369999885559082,18.164949445646467,-0.0013239919500972475,0.003346939132363058,0.02113884995483284,0.058065983364091786,0.0837881578518945,0.08998481261550367,0.11765435095958046,-0.011821964967394738
2014-04-04,152.07521057128906,2.7260000705718994,13.960000038146973,18.947661179228906,-0.011821964967394738,-0.0013239919500972475,0.02194143310665586,0.12768304963401075,0.10366043381356561,0.0998216329056773,0.12036096366161286,-0.011051532042509637
2014-04-07,150.39454650878906,2.694999933242798,15.569999694824219,18.762872315381532,-0.011051532042509637,-0.011821964967394738,0.004905953924001949,0.13242915612087855,0.1166258004328577,0.1069359448786553,0.12260904763768728,0.004122660356766339
2014-04-08,151.0145721435547,2.680999994277954,14.890000343322754,18.539885000307105,0.004122660356766339,-0.011051532042509637,-0.01427740346876094,0.1219039324511141,0.11587096134359487,0.10710084543502121,0.12276721858612477,0.010750951990882829
2014-04-09,152.63812255859375,2.684000015258789,13.819999694824219,18.423217533579,0.010750951990882829,0.004122660356766339,-0.01673320539563783,0.1544893315968108,0.12224125960927548,0.1141121154226932,0.12136405901942555,-0.021006184763975644
2014-04-10,149.43177795410156,2.628000020980835,15.890000343322754,18.968565135936547,-0.021006184763975644,0.010750951990882829,-0.009477370243639816,0.20506151670326755,0.1655559617381856,0.1311229882194577,0.12726021289391973,-0.009008225229831357
2014-04-11,148.08566284179688,2.61899995803833,17.030000686645508,18.93500624200702,-0.009008225229831357,-0.021006184763975644,-0.0289988739427659,0.20078522082790037,0.16700978083944065,0.13450224127798618,0.1281020807921129,0.007877945071696368
2014-04-14,149.2522735595703,2.6389999389648438,16.110000610351562,18.701202248117184,0.007877945071696368,-0.009008225229831357,-0.026234043763641468,0.2109726619950758,0.1664690525802084,0.1334525097508577,0.12913642001653663,0.006887973159662053
2014-04-15,150.2803192138672,2.628000020980835,15.609999656677246,18.872348550992164,0.006887973159662053,0.007877945071696368,-0.007595175328727777,0.21641960414207215,0.1668537309712258,0.13326161051318458,0.12960070162898704,0.010477652490853862
2014-04-16,151.8549041748047,2.63700008392334,14.180000305175781,18.47134535025697,0.010477652490853862,0.006887973159662053,-0.004862132966807486,0.21549946030152692,0.1769338494169118,0.13768072813087343,0.13120273000409574,0.0013969103381916703
2014-04-17,152.06703186035156,2.7209999561309814,13.359999656677246,18.47189654483737,0.0013969103381916703,0.010477652490853862,-0.005131210805402908,0.12301657570087514,0.17749697191933234,0.1361247305061225,0.13122056918417763,0.003487203569384034
2014-04-21,152.59732055664062,2.7209999561309814,13.25,18.039844846424707,0.003487203569384034,0.0013969103381916703,0.01763516396799769,0.057161381435043464,0.1680811651968001,0.1359296749930612,0.13017255995451554,0.004544419154896229
2014-04-22,153.29078674316406,2.7260000705718994,13.1899995803833,18.267413019205517,0.004544419154896229,0.003487203569384034,0.030466539624863342,0.0552216612084908,0.1561568158945991,0.1356986867796886,0.12219977324755223,-0.0023417128995283365
2014-04-23,152.93182373046875,2.686000108718872,13.270000457763672,18.11780382565552,-0.0023417128995283365,0.004544419154896229,0.027058302612602336,0.07459598882256036,0.1570115645799448,0.13522327073334972,0.12178710713180393,0.002027130847070735
2014-04-24,153.24183654785156,2.687999963760376,13.319999694824219,18.294777338404938,0.002027130847070735,-0.0023417128995283365,0.017643724277881967,0.041807371405856136,0.1481777226043124,0.1323417524788732,0.12136489472948832,-0.00819906128305914
2014-04-25,151.9853973388672,2.6659998893737793,14.0600004196167,18.424473552153206,-0.00819906128305914,0.002027130847070735,0.009133273505940398,0.08308881427237111,0.10350314890265638,0.13583722484147037,0.12087824996032157,0.0031673061081680665
2014-04-28,152.46678161621094,2.677000045776367,13.970000267028809,18.7216812386661,0.0031673061081680665,-0.00819906128305914,-0.0005368324776624522,0.08224636130496334,0.08448200732141482,0.13521682472341695,0.1192857885323881,0.004655394987001182
2014-04-29,153.17657470703125,2.694999933242798,13.710000038146973,18.247493355338445,0.004655394987001182,0.0031673061081680665,-0.0008554471333671598,0.0826490877179312,0.08066258239259845,0.13308039608691224,0.11872473201773037,0.002982593155605784
2014-04-30,153.63343811035156,2.6480000019073486,13.40999984741211,18.435648180925593,0.002982593155605784,0.004655394987001182,-0.0007450678449720805,0.08234901749267465,0.07717042541746778,0.13137276953814103,0.10822198667769813,0.00010656977325673722
2014-05-01,153.64981079101562,2.6059999465942383,13.25,18.34831434207667,0.00010656977325673722,0.002982593155605784,0.004587759190783913,0.08185941136444168,0.0622073955500544,0.13079601410004152,0.10761725258521908,-0.0014340200806507442
2014-05-02,153.42947387695312,2.5910000801086426,12.90999984741211,18.401722170542463,-0.0014340200806507442,0.00010656977325673722,0.002662290222792185,0.03944923637452162,0.06354332341877945,0.1308101033223177,0.10763598948365483,0.0019146399945739745
2014-05-05,153.72323608398438,2.6110000610351562,13.289999961853027,18.144703251537386,0.0019146399945739745,-0.0014340200806507442,0.00950141634242807,0.03787614943683571,0.06222698216035194,0.12338740097594603,0.10475025987520903,-0.00870403674420106
2014-05-06,152.38522338867188,2.5950000286102295,13.800000190734863,18.26348878913306,-0.00870403674420106,0.0019146399945739745,0.0082408407553074,0.07322847932339996,0.07398997800388073,0.12070765243643973,0.10394779562411123,0.005889121931749841
2014-05-07,153.2826385498047,2.5899999141693115,13.399999618530273,18.483655552503425,0.005889121931749841,-0.00870403674420106,-0.005166268535988117,0.08518529163142871,0.07981774852314355,0.12153485438190752,0.10446079603911848,-0.0010643538903020167
2014-05-08,153.11949157714844,2.6019999980926514,13.430000305175781,18.35473324133308,-0.0010643538903020167,0.005889121931749841,-0.002283354228490908,0.08511273951025633,0.07938778424535416,0.11576977587552871,0.10236212749455052,0.001491703055724214
2014-05-09,153.347900390625,2.622999906539917,12.920000076293945,18.242498619873103,0.001491703055724214,-0.0010643538903020167,-0.003451479771677035,0.08600891080013082,0.06524343211054992,0.08446812770571054,0.10237780078710025,0.009736305410013912
2014-05-12,154.8409423828125,2.6559998989105225,12.229999542236328,18.280728795027105,0.009736305410013912,0.001491703055724214,-0.0005316676402966625,0.11162919838138018,0.07860031080697938,0.08020362046867528,0.10366466851952084,0.0008957733687464664
2014-05-13,154.97964477539062,2.618000030517578,12.130000114440918,18.012020551995665,0.0008957733687464664,0.009736305410013912,0.007270900140415204,0.06928052850228207,0.07669390303562931,0.07748284889579202,0.10317878749011435,-0.0047376393974999376
2014-05-14,154.2454071044922,2.5429999828338623,12.170000076293945,18.097260966160526,-0.0047376393974999376,0.0008957733687464664,0.017025413153750835,0.08452646463964472,0.0812725195983054,0.0785306109107779,0.10375325198666183,-0.00878042092165432
2014-05-15,152.8910675048828,2.502000093460083,13.170000076293945,18.858651770070235,-0.00878042092165432,-0.0047376393974999376,0.006281001969930644,0.11139772514285455,0.09352110123373956,0.07848026965607492,0.10448005244010862,0.003468308817211163
2014-05-16,153.4213409423828,2.5179998874664307,12.4399995803833,18.39493208419042,0.003468308817211163,-0.00878042092165432,-0.0014918027085436547,0.114224893291833,0.09534003334182839,0.07918741465735671,0.10405992838048485,0.0036691586883284
2014-05-19,153.98426818847656,2.5360000133514404,12.420000076293945,17.971874862487148,0.0036691586883284,0.003468308817211163,0.00047891462205051916,0.08688254304776642,0.09671783873595646,0.07928239253647981,0.10421293745183606,-0.006304703764440478
2014-05-20,153.01344299316406,2.509000062942505,12.960000038146973,18.530825804399388,-0.006304703764440478,0.0036691586883284,-0.00553260772734121,0.09139872833340204,0.09113106010616913,0.08120697094857607,0.10460511334562843,0.008424405176403527
2014-05-21,154.302490234375,2.5369999408721924,11.90999984741211,18.305191337167102,0.008424405176403527,-0.006304703764440478,-0.01268683887536426,0.11591166206327462,0.09613757034284046,0.08607307111312311,0.10589775308861499,0.0024320713012027095
2014-05-22,154.67776489257812,2.555000066757202,12.029999732971191,17.935344179756274,0.0024320713012027095,0.008424405176403527,0.00037007993271487294,0.08504318013444331,0.09596346518418117,0.08618277608973195,0.10596922431846187,0.004008696096522879
2014-05-23,155.29782104492188,2.5360000133514404,11.359999656677246,17.927904593959532,0.004008696096522879,0.0024320713012027095,0.011686080925808584,0.08558055812896927,0.09712766781140447,0.080588957722759,0.10576331684086383,0.006146735211982168
2014-05-27,156.2523956298828,2.5179998874664307,11.510000228881836,18.09231557011201,0.006146735211982168,0.004008696096522879,0.012230893635871487,0.0895280343697708,0.08977123379421026,0.08228329059952318,0.10631863297039591,-0.0007310434791185649
2014-05-28,156.13816833496094,2.437999963760376,11.680000305175781,18.016060294020026,-0.0007310434791185649,0.006146735211982168,0.014729604966073895,0.0555660525575034,0.09015529970945539,0.08153579971682796,0.10517572084968724,0.0051728429458937075
2014-05-29,156.9458465576172,2.447000026702881,11.569999694824219,17.98026699996024,0.0051728429458937075,-0.0007310434791185649,0.020421247183729285,0.04278781515966648,0.0869033407411554,0.08261617756931366,0.10186752865414786,0.0016113785453317764
2014-05-30,157.19874572753906,2.4570000171661377,11.399999618530273,18.15039318593275,0.0016113785453317764,0.0051728429458937075,0.017131002352762437,0.04433328615596397,0.06438239352274693,0.08255366852184715,0.10188937618138616,0.001141894572380231
2014-06-02,157.3782501220703,2.5339999198913574,11.579999923706055,17.98459148176686,0.001141894572380231,0.0016113785453317764,0.016298275558298325,0.045854237596083126,0.06475401588159509,0.08198652385167016,0.10183157869306358,-0.0005183275723605885
2014-06-03,157.2966766357422,2.5929999351501465,11.869999885559082,17.99062065886232,-0.0005183275723605885,0.001141894572380231,0.013396382918641425,0.03768822760018447,0.06613772683911785,0.08219292143173156,0.1018531587257169,0.002022778079844967
2014-06-04,157.61485290527344,2.6059999465942383,12.079999923706055,17.832415982780436,0.002022778079844967,-0.0005183275723605885,0.006683295968997305,0.03294863540514162,0.04673752347319944,0.07347154074859524,0.10187819157049025,0.006522033560944829
2014-06-05,158.642822265625,2.5840001106262207,11.680000305175781,18.33841808484235,0.006522033560944829,0.002022778079844967,0.009457550232974343,0.04166646119369901,0.04116605411669995,0.07398287782187271,0.10195534350158827,0.004782521879775459
2014-06-06,159.4015350341797,2.5969998836517334,10.729999542236328,18.181102898881857,0.004782521879775459,0.006522033560944829,0.010812491985156436,0.04500369090503699,0.04228414530989932,0.07396456611592436,0.10228820274883366,0.0010235925984674044
2014-06-09,159.564697265625,2.61299991607666,11.149999618530273,17.991726938631796,0.0010235925984674044,0.004782521879775459,0.014012766427911272,0.045283628228086285,0.04297149239540315,0.07402777761304183,0.09917682816094996,0.00010270404252299414
2014-06-10,159.58108520507812,2.634999990463257,10.989999771118164,17.860822444113307,0.00010270404252299414,0.0010235925984674044,0.013892943541174096,0.042579408467342886,0.04008009848970282,0.06835444829463369,0.09887801852064111,-0.0034765668550910123
2014-06-11,159.0262908935547,2.640000104904175,11.600000381469727,18.046307257862676,-0.0034765668550910123,0.00010270404252299414,0.014522929652392103,0.06275873780744426,0.047261451818272716,0.07060690105010457,0.09788022451840658,-0.007080154984476561
2014-06-12,157.90036010742188,2.5859999656677246,12.5600004196167,18.482246109013435,-0.007080154984476561,-0.0034765668550910123,0.008954980842633686,0.07179829325849577,0.06106669930046498,0.07368570633159843,0.09831130837046548,0.003048368608210339
2014-06-13,158.38169860839844,2.6040000915527344,12.180000305175781,18.22243711300708,0.003048368608210339,-0.007080154984476561,-0.004680086672689043,0.06370595641568985,0.062141003427263856,0.06377037541634012,0.09764782357437458,0.0008244937258801155
2014-06-16,158.5122833251953,2.5969998836517334,12.649999618530273,18.28628041391105,0.0008244937258801155,0.003048368608210339,-0.006397908436468813,0.06326727278386154,0.06210635792620311,0.06352843501467374,0.09706976904260638,0.002779387233339703
2014-06-17,158.95285034179688,2.6549999713897705,12.0600004196167,18.25620697558976,0.002779387233339703,0.0008244937258801155,-0.006595531207493566,0.06958734311512045,0.06246289520644583,0.06322951414046676,0.09669764785085597,0.007339734710142043
2014-06-18,160.11952209472656,2.61299991607666,10.609999656677246,18.47201054717346,0.007339734710142043,0.002779387233339703,-0.003936775229181455,0.08405359209877032,0.07001570224267709,0.05902483020786891,0.09706840885464019,0.0011209697193326207
2014-06-19,160.29901123046875,2.621999979019165,10.619999885559082,18.269031943479945,0.0011209697193326207,0.007339734710142043,0.0068745312176314854,0.0413540356198348,0.06437821409467687,0.05445570413293511,0.09674912524379682,0.002030297688150773
2014-06-20,160.6244659423828,2.624000072479248,10.850000381469727,18.426533592569243,0.002030297688150773,0.0011209697193326207,0.015190916103136498,0.04194147793041946,0.061315788505349536,0.05442364475565033,0.09528772308130942,-0.0003062692576057957
2014-06-23,160.5752716064453,2.622999906539917,10.979999542236328,18.072696511854303,-0.0003062692576057957,0.002030297688150773,0.014160520777906749,0.04590965565597594,0.061525627565042255,0.054354754338450266,0.09510333475564935,-0.0060241587819824804
2014-06-24,159.60794067382812,2.5859999656677246,12.130000114440918,18.382324467466027,-0.0060241587819824804,-0.0003062692576057957,0.013014690331711876,0.07620284722463239,0.07010802957510609,0.0581215675112862,0.09585995997790314,0.004519665554691521
2014-06-25,160.32931518554688,2.559000015258789,11.59000015258789,18.231721216498148,0.004519665554691521,-0.0060241587819824804,0.004121287102575533,0.06241274178881117,0.07041434989584967,0.05894691866915342,0.09495807209229028,-0.000715594866903535
2014-06-26,160.21458435058594,2.5250000953674316,11.630000114440918,18.25003477345662,-0.000715594866903535,0.004519665554691521,0.001310228060112495,0.062193151443391485,0.056226069815328114,0.057547126088793275,0.09423690503180143,0.001944413729640937
2014-06-27,160.52610778808594,2.5320000648498535,11.260000228881836,18.084439894559065,0.001944413729640937,-0.000715594866903535,-0.0005266837220937459,0.06201060884552051,0.05562366165054135,0.05760329440663995,0.0941137988226965,-0.0005107298417840189
2014-06-30,160.44412231445312,2.5160000324249268,11.569999694824219,18.066875977111803,-0.0005107298417840189,0.001944413729640937,-0.0006123485218756386,0.062067014156033835,0.05637649358592912,0.05786797922774429,0.0940538853230835,0.006693095280529526
2014-07-01,161.5179901123047,2.562999963760376,11.149999618530273,18.320528873055313,0.006693095280529526,-0.0005107298417840189,-0.0008167465057360435,0.05101470835035861,0.062502446753611,0.06098341134772848,0.09112348308408086,0.00101509242631459
2014-07-02,161.68194580078125,2.628000020980835,10.819999694824219,17.775847442727663,0.00101509242631459,0.006693095280529526,0.011967132903367927,0.04774320914120848,0.053711475197571766,0.06093691026065828,0.08758217902250752,0.0049178047389257795
2014-07-03,162.47706604003906,2.6480000019073486,10.319999694824219,17.78464710622568,0.0049178047389257795,0.00101509242631459,0.008436577014434343,0.0466339374574788,0.057261543220208766,0.059352614024381446,0.0877097301829162,-0.0034810915039560353
2014-07-07,161.91146850585938,2.617000102996826,11.329999923706055,17.93772967316086,-0.0034810915039560353,0.0049178047389257795,0.014121571382679443,0.06520240402160629,0.061938215646080416,0.05998472074282335,0.0859466302303362,-0.0064300072660241625
2014-07-08,160.87037658691406,2.565000057220459,11.979999542236328,18.498964992596516,-0.0064300072660241625,-0.0034810915039560353,0.00863012712924105,0.08767041095209714,0.07185060875012775,0.06520462892117664,0.0744266651018119,0.004484292172450166
2014-07-09,161.59176635742188,2.546999931335449,11.649999618530273,18.105860417766383,0.004484292172450166,-0.0064300072660241625,0.0026567147883767017,0.07886925304192947,0.06547321022864487,0.06676210368001798,0.07157260171237302,-0.00395710022154705
2014-07-10,160.95233154296875,2.5320000648498535,12.59000015258789,18.411034376997492,-0.00395710022154705,0.004484292172450166,0.00045676797405591607,0.08302917734228533,0.0673973389735227,0.06717509051687244,0.07115234431111703,0.001375214586944562
2014-07-11,161.17367553710938,2.5199999809265137,12.079999923706055,17.97818334195374,0.001375214586944562,-0.00395710022154705,-0.004512651392206135,0.07023186866395972,0.06724886025664827,0.060731741420044415,0.07018307577786195,0.005035465437836839
2014-07-14,161.98526000976562,2.5490000247955322,11.819999694824219,17.887234543196815,0.005035465437836839,0.001375214586944562,-0.008021996794356778,0.08106421773308983,0.07067544938139689,0.06200246955581657,0.06795336711382986,-0.001872480304480062
2014-07-15,161.68194580078125,2.5490000247955322,11.960000038146973,18.52780271633401,-0.001872480304480062,0.005035465437836839,0.00045575217485960273,0.06218937973990938,0.07176636911581197,0.06291269559245478,0.0682192658638864,0.003701400945338884
2014-07-16,162.2803955078125,2.5380001068115234,11.0,18.19736719068864,0.003701400945338884,-0.001872480304480062,0.0050448642633016405,0.05963216089533324,0.06621916372246733,0.06334263644851497,0.06825360345830286,-0.01136592721082652
2014-07-17,160.43592834472656,2.4749999046325684,14.539999961853027,18.79498537468858,-0.01136592721082652,0.003701400945338884,0.004261536128440158,0.10400019897393824,0.08874731712302943,0.07278157345803342,0.07242076230155414,0.01021919705955554
2014-07-18,162.07545471191406,2.4839999675750732,12.0600004196167,18.638449886972232,0.01021919705955554,-0.01136592721082652,-0.0032084232225261244,0.13033551874699278,0.10133961036699582,0.08114466318852119,0.07465627355824814,-0.0018714382725225631
2014-07-21,161.7721405029297,2.4739999771118164,12.8100004196167,18.029000205609467,-0.0018714382725225631,0.01021919705955554,0.005595077308993002,0.1265095348646442,0.10020914797554412,0.08139087627314907,0.07484981236624609,0.004357521232752681
2014-07-22,162.47706604003906,2.4660000801086426,12.239999771118164,18.030271736774036,0.004357521232752681,-0.0018714382725225631,-0.0013156722211828953,0.12914209529015463,0.0955573209071349,0.08255333750395867,0.0727130157284591,0.002220490666078545
2014-07-23,162.8378448486328,2.4639999866485596,11.520000457763672,17.999269179255627,0.002220490666078545,0.004357521232752681,0.0049178047389257795,0.1276153069882048,0.09391473972406741,0.07888247966052778,0.07262518315225433,5.0132401076874444e-05
2014-07-24,162.84600830078125,2.509000062942505,11.84000015258789,17.85659499812389,5.0132401076874444e-05,0.002220490666078545,0.0034350997178429488,0.07403369882747517,0.09033636272882893,0.07783646660260478,0.07227673810969892,-0.0046818504319041665
2014-07-25,162.08358764648438,2.4690001010894775,12.6899995803833,18.15719686595149,-0.0046818504319041665,5.0132401076874444e-05,0.015022071308592233,0.055754317708943554,0.09497716900493096,0.0800948412570399,0.07309494613675573,0.00040490251178892933
2014-07-28,162.1492156982422,2.490999937057495,12.5600004196167,18.05336367292462,0.00040490251178892933,-0.0046818504319041665,5.01799275205439e-05,0.05318500787404298,0.09168127487698917,0.07993637876568226,0.07308361483877579,-0.00429732489502066
2014-07-29,161.45240783691406,2.4619998931884766,13.279999732971191,18.20334530534874,-0.00429732489502066,0.00040490251178892933,0.002330903171214871,0.048629244861761844,0.09393441168990241,0.08169171379184904,0.07370846167989317,0.0001526328697483148
2014-07-30,161.47705078125,2.553999900817871,13.329999923706055,18.462033807030746,0.0001526328697483148,-0.00429732489502066,-0.006306478988686859,0.04090578620946314,0.09154428166408105,0.07815277752261776,0.07368927775128187,-0.01974852965634022
2014-07-31,158.28811645507812,2.555999994277954,16.950000762939453,19.027610782943302,-0.01974852965634022,0.0001526328697483148,-0.008356743290527713,0.13087246503440988,0.12353419189040037,0.10478711279955595,0.08271657532584474,-0.0030553608834760215
2014-08-01,157.8044891357422,2.505000114440918,17.030000686645508,19.05863757805077,-0.0030553608834760215,-0.01974852965634022,-0.027988968801031744,0.1321214289282768,0.1054692340559348,0.10257392923074128,0.08232565476904481,0.007220354142744911
2014-08-04,158.9438934326172,2.490999937057495,15.119999885559082,18.33009937666923,0.007220354142744911,-0.0030553608834760215,-0.026400566355152533,0.1571742363793107,0.11662597755487586,0.10669770652058459,0.08339796792320962,-0.009695823385619029
2014-08-05,157.40280151367188,2.4830000400543213,16.8700008392334,18.84392028670891,-0.009695823385619029,0.007220354142744911,-0.019767732158446405,0.16251708646802354,0.11739534104671188,0.10953354946520012,0.08601813828847316,0.0003122470445104941
2014-08-06,157.4519500732422,2.4739999771118164,16.3700008392334,18.367469833165817,0.0003122470445104941,-0.009695823385619029,-0.02508235323026442,0.16284109965977353,0.1153268128943873,0.107715574260422,0.0838123838467254,-0.005414598308267515
2014-08-07,156.5994110107422,2.4240000247955322,16.65999984741211,18.72620028610119,-0.005414598308267515,0.0003122470445104941,-0.024926766302293624,0.10111207907362485,0.1140931279625768,0.10831949884425691,0.08461230879343014,0.011568855934370958
2014-08-08,158.4110870361328,2.4149999618530273,15.770000457763672,18.577804152269213,0.011568855934370958,-0.005414598308267515,-0.010668554798396346,0.13889301594789114,0.13763278939595633,0.11738252120247666,0.08712062026176304,0.0028981000958521186
2014-08-11,158.87017822265625,2.4200000762939453,14.229999542236328,18.12690012645361,0.0028981000958521186,0.011568855934370958,0.003843983803710538,0.12936502461578273,0.1395379475393833,0.1162033233678535,0.08509451425651487,-0.0013933342015859385
2014-08-12,158.64881896972656,2.441999912261963,14.130000114440918,18.114590285398283,-0.0013933342015859385,0.0028981000958521186,-0.0004637813279199099,0.10067677911248983,0.13896302481816922,0.11616503447918912,0.08499092099768782,0.006768931931636635
2014-08-13,159.7227020263672,2.4130001068115234,12.899999618530273,18.050298004580927,0.006768931931636635,-0.0013933342015859385,0.007916107236162873,0.10580151878520905,0.1452792023369413,0.11827509233788798,0.08570767142735808,0.004721718577548106
2014-08-14,160.47686767578125,2.4000000953674316,12.420000076293945,17.865049524569464,0.004721718577548106,0.006768931931636635,0.014421872527261348,0.07597041036573324,0.10284827769094484,0.11281495662557496,0.08487512670114733,-0.00020405035194404064
2014-08-15,160.44412231445312,2.3450000286102295,13.149999618530273,18.75680292645464,-0.00020405035194404064,0.004721718577548106,0.02476035280089972,0.05369906173416617,0.10036105435539049,0.10621114242785873,0.08339725900646222,0.008379374497021752
2014-08-18,161.78854370117188,2.38700008392334,12.319999694824219,18.138636097976374,0.008379374497021752,-0.00020405035194404064,0.012833920379932584,0.06806264516813494,0.10230300477181961,0.11057858957002789,0.08481430676226812,0.005218724482395132
2014-08-19,162.63287353515625,2.4049999713897705,12.210000038146973,17.895333540577813,0.005218724482395132,0.008379374497021752,0.01836949836126922,0.05128845311174644,0.08046675750116991,0.11106696391694378,0.0850479898200477,0.002671530978463066
2014-08-20,163.06735229492188,2.4260001182556152,11.779999732971191,18.1027181559533,0.002671530978463066,0.005218724482395132,0.025112412379129756,0.050512368280342515,0.07888174141191646,0.1111941899827386,0.08440777386171032,0.002915751439488412
2014-08-21,163.54281616210938,2.4070000648498535,11.760000228881836,18.031940015487834,0.002915751439488412,0.002671530978463066,0.020940356168045238,0.05086729450468904,0.06166342720231047,0.11164360460520184,0.08446980214866187,-0.0015540296821908717
2014-08-22,163.28866577148438,2.4030001163482666,11.470000267028809,18.147650815972295,-0.0015540296821908717,0.002915751439488412,0.019105236354204136,0.05796357706490569,0.05329559457717744,0.1103604972527594,0.08410199584967391,0.005070605532830452
2014-08-25,164.11663818359375,2.38700008392334,11.699999809265137,17.97212546157298,0.005070605532830452,-0.0015540296821908717,0.01772918456592798,0.04345423108180032,0.05423853688631301,0.11160258423397784,0.08456413254365734,0.0006496182249384752
2014-08-26,164.22325134277344,2.3910000324249268,11.630000114440918,17.671978590412643,0.0006496182249384752,0.005070605532830452,0.014389736313604073,0.03981359806415962,0.05014661869654854,0.11007871887878337,0.08455995943883335,-0.00039953412462767623
2014-08-27,164.1576385498047,2.3610000610351562,11.779999732971191,17.68408313840664,-0.00039953412462767623,0.0006496182249384752,0.009778944275207646,0.042208255289525216,0.04982818257428047,0.11014414994826256,0.08455285628011336,-0.0005496254729516759
2014-08-28,164.06741333007812,2.3340001106262207,12.050000190734863,17.881627115873655,-0.0005496254729516759,-0.00039953412462767623,0.006686110000185375,0.041197258191671325,0.05099162425432464,0.07929372722156176,0.08454867039266337,0.002848221993351663
2014-08-29,164.5347137451172,2.3429999351501465,12.09000015258789,18.003755230552322,0.002848221993351663,-0.0005496254729516759,0.0032077053598535965,0.03814544173635803,0.04919969362744322,0.07723515653895677,0.08379687075754301,-0.0004981013075553431
2014-09-02,164.4527587890625,2.4189999103546143,12.25,18.098075922718515,-0.0004981013075553431,0.002848221993351663,0.007630952018290227,0.023008753212506835,0.03868083622034484,0.07528542034435864,0.08337470613037219,-0.0005482679964400328
2014-09-03,164.3625946044922,2.4100000858306885,12.359999656677246,17.866634435134618,-0.0005482679964400328,-0.0004981013075553431,0.0020480592899589922,0.02378180602620345,0.03431752220543507,0.06287456098552602,0.08339748549631637,-0.0014465727542449791
2014-09-04,164.1248321533203,2.447999954223633,12.640000343322754,18.26093444950008,-0.0014465727542449791,-0.0005482679964400328,0.0008484989828139167,0.026382479404962408,0.035121994912955784,0.06386709864583189,0.08348999224244115,0.004495129965968125
2014-09-05,164.8625946044922,2.4609999656677246,12.09000015258789,18.442217171269828,0.004495129965968125,-0.0014465727542449791,-0.00019984690797325566,0.04066984330524283,0.038689982069449354,0.057835180405190714,0.08347416038614434,-0.0025853272290499163
2014-09-08,164.43637084960938,2.4690001010894775,12.65999984741211,17.97667230881313,-0.0025853272290499163,0.004495129965968125,0.004846674048638144,0.043083554318871085,0.04074380670119156,0.049945045111955175,0.08220304820187978,-0.006331182418933379
2014-09-09,163.39529418945312,2.5,13.5,18.299540841568085,-0.006331182418933379,-0.0025853272290499163,-0.0005977030212612755,0.06205977124554413,0.046343855536354256,0.057591609247682675,0.08329366491205885,0.0037623243484430358
2014-09-10,164.01004028320312,2.5339999198913574,12.880000114440918,18.02394246109381,0.0037623243484430358,-0.006331182418933379,-0.006430202858230816,0.0720215174690717,0.050805987227604356,0.05716750563076087,0.08355475190766098,0.0011497351924842913
2014-09-11,164.1986083984375,2.5309998989105225,12.800000190734863,18.016830346497002,0.0011497351924842913,0.0037623243484430358,-0.0021449790454903805,0.07205120822687447,0.05116582263455396,0.05390578815025672,0.08343837174679494,-0.005841415046297205
2014-09-12,163.2394561767578,2.614000082015991,13.3100004196167,18.581176687092377,-0.005841415046297205,0.0011497351924842913,0.00044951299659690136,0.0696394779763129,0.0591208562570757,0.05811809279461022,0.0832329427025702,-0.0007529401823377357
2014-09-15,163.11654663085938,2.5910000801086426,14.119999885559082,18.15150635614516,-0.0007529401823377357,-0.005841415046297205,-0.009845401448571822,0.06983282830960702,0.056097689196191146,0.05828381899842366,0.08324598159871313,0.00753834937043063
2014-09-16,164.34617614746094,2.5889999866485596,12.729999542236328,18.57083201680281,0.00753834937043063,-0.0007529401823377357,-0.008026352150261706,0.0794257259017748,0.07026519931246722,0.05689951530535221,0.08448988720857516,0.0013467227564392115
2014-09-17,164.5675048828125,2.5999999046325684,12.649999618530273,18.83455044101521,0.0013467227564392115,0.00753834937043063,0.005819518626437814,0.07624886996603557,0.07053689620279761,0.05451285864843007,0.08449913279207116,0.005330040641270184
2014-09-18,165.4446563720703,2.628999948501587,12.029999732971191,18.36928219139379,0.005330040641270184,0.0013467227564392115,0.00339896629893377,0.08329336511196951,0.07438470788881635,0.05663036142739439,0.0840012054408158,-0.0009011691957846457
2014-09-19,165.29556274414062,2.5869998931884766,12.109999656677246,18.61665041507624,-0.0009011691957846457,0.005330040641270184,0.007588663422829933,0.05985814168610695,0.07178882888590707,0.05629616723853463,0.08365821707994221,-0.007722834610779605
2014-09-22,164.01901245117188,2.565999984741211,13.6899995803833,18.64823854610976,-0.007722834610779605,-0.0009011691957846457,0.012595647005564814,0.09433381624870603,0.08149035926710088,0.06317638980641731,0.08531716281155119,-0.005723987478079673
2014-09-23,163.08016967773438,2.5350000858306885,14.930000305175781,18.528575055835603,-0.005723987478079673,-0.007722834610779605,0.005532644228637418,0.08387682004112963,0.08026784926931671,0.0638246308903069,0.08616951402327268,0.007828027600527143
2014-09-24,164.3567657470703,2.569000005722046,13.270000457763672,18.490915519956566,0.007828027600527143,-0.005723987478079673,-0.007703291304998916,0.10726237073425991,0.08807618091947335,0.07003856589188709,0.08752755683580608,-0.01613595778033916
2014-09-25,161.7047119140625,2.510999917984009,15.640000343322754,18.828143861376564,-0.01613595778033916,0.007828027600527143,-0.0012805634738902727,0.1402464272213865,0.11996649894689648,0.09062671020345335,0.09287609108589061,0.007945662553739297
2014-09-26,162.98956298828125,2.5350000858306885,14.850000381469727,18.45553618353229,0.007945662553739297,-0.01613595778033916,-0.022605411017911692,0.1663131662128368,0.12582875803981278,0.0957327164284322,0.09426379603370433,-0.0018193760459492836
2014-09-29,162.69302368164062,2.490999937057495,15.979999542236328,18.370565713034438,-0.0018193760459492836,0.007945662553739297,-0.013950766237015189,0.1603944171027355,0.12609142800315148,0.09512076701163868,0.09381897670505078,-0.002632465005041107
2014-09-30,162.26473999023438,2.507999897003174,16.309999465942383,18.693010579065504,-0.002632465005041107,-0.0018193760459492836,-0.008084360158710169,0.15682567159823954,0.118661123339779,0.09540792909404933,0.09369900898805611,-0.013551865108195393
2014-10-01,160.0657501220703,2.4030001163482666,16.709999084472656,18.99615863801125,-0.013551865108195393,-0.002632465005041107,-0.005000176840086579,0.1547602902579333,0.13232073558687507,0.10581765228676096,0.09688639411736409,0.00015452710558916394
2014-10-02,160.09048461914062,2.437999963760376,16.15999984741211,18.873570010653147,0.00015452710558916394,-0.013551865108195393,-0.026107934197266203,0.12230444333927165,0.12587819042037537,0.10594128105895292,0.09642323917459562,0.011009379804397534
2014-10-03,161.8529815673828,2.447000026702881,14.550000190734863,18.615992569010345,0.011009379804397534,0.00015452710558916394,-0.009982561892072472,0.13879232126303717,0.14488213609348327,0.11289918270905659,0.09874142976336056,-0.0011706202873388305
2014-10-06,161.66351318359375,2.424999952316284,15.460000038146973,18.467354393694027,-0.0011706202873388305,0.011009379804397534,-0.0069733386608328285,0.1387357948799123,0.1414095873333013,0.11273009147149224,0.09874017210312652,-0.015435997727182627
2014-10-07,159.16807556152344,2.3499999046325684,17.200000762939453,18.81213482780688,-0.015435997727182627,-0.0011706202873388305,-0.006327932659616842,0.17250794954644053,0.15722612672905315,0.12280957570833585,0.1031569999110385,0.017488909994296975
2014-10-08,161.95175170898438,2.3299999237060547,15.109999656677246,19.043732665262045,0.017488909994296975,-0.015435997727182627,-0.01908402545677701,0.20043892074251585,0.18054126000195744,0.13889815435317052,0.10932066716497402,-0.019832819373506005
2014-10-09,158.7397918701172,2.3269999027252197,18.760000228881836,19.16596961366123,-0.019832819373506005,0.017488909994296975,0.011782667969104876,0.2568823479094357,0.18970290004924548,0.15449609361077674,0.11637603222902129,-0.011414500444143383
2014-10-10,156.9278564453125,2.306999921798706,21.239999771118164,19.21777795039696,-0.011414500444143383,-0.019832819373506005,-0.008437058281363652,0.2360885330956702,0.18677110542145017,0.15773683585582118,0.11639572730678127,-0.016426588402034037
2014-10-13,154.35006713867188,2.2860000133514404,24.639999389648438,19.257664168679717,-0.016426588402034037,-0.011414500444143383,-0.030429622453509664,0.2409242653131203,0.1967365589365051,0.16580091893014892,0.11885310801684826,0.0015468362073756126
2014-10-14,154.5888214111328,2.2060000896453857,22.790000915527344,19.190080385961434,0.0015468362073756126,-0.016426588402034037,-0.045238693016749765,0.24305242268907656,0.19935380601556357,0.16221605175940346,0.11892620028898163,-0.006765877024810574
2014-10-15,153.5428924560547,2.0899999141693115,25.270000457763672,19.75756162430639,-0.006765877024810574,0.0015468362073756126,-0.02876992848117088,0.13331310524722692,0.19381071001244607,0.1618846301598466,0.11907889666757464,-0.0008581292266094387
2014-10-16,153.4111328125,2.1530001163482666,25.200000762939453,19.415379621253837,-0.0008581292266094387,-0.006765877024810574,-0.05192200247416778,0.11744458023474673,0.19325639280117465,0.15891572348749383,0.11889973576883134,0.011810877951277332
2014-10-17,155.22305297851562,2.1989998817443848,21.989999771118164,19.184402881841205,0.011810877951277332,-0.0008581292266094387,-0.03356851483071843,0.16561461893462748,0.19505447189607628,0.1680510538016398,0.12173794475323424,0.009709420254095713
2014-10-20,156.7301788330078,2.180999994277954,18.56999969482422,18.68312962791645,0.009709420254095713,0.011810877951277332,-0.010863612779869802,0.12167005605604211,0.20692426511087608,0.17299031400853954,0.12332494060551895,0.019811187669456
2014-10-21,159.83518981933594,2.2079999446868896,16.079999923706055,18.8586065949362,0.019811187669456,0.009709420254095713,0.015420218069601477,0.16753576064502407,0.22274118430693135,0.1891130047531159,0.13017578804425212,-0.007111054086226032
2014-10-22,158.69859313964844,2.2290000915527344,17.8700008392334,18.838219346547714,-0.007111054086226032,0.019811187669456,0.033937566509096184,0.16929767559551834,0.2036400834716735,0.18735625459089336,0.13068020696330762,0.011624761993952015
2014-10-23,160.54342651367188,2.2750000953674316,16.530000686645508,18.858574325733812,0.011624761993952015,-0.007111054086226032,0.03357824384524566,0.15706914258591828,0.18684022620359028,0.1848521642412315,0.13292802092792858,0.007695192662099171
2014-10-24,161.77883911132812,2.2730000019073486,16.110000610351562,18.585576355402765,0.007695192662099171,0.011624761993952015,0.046491369761860746,0.15541698443644664,0.17498662084693575,0.18470613383993487,0.1273496896528775,-0.0013744138321188926
2014-10-27,161.55648803710938,2.256999969482422,16.040000915527344,18.23379680731334,-0.0013744138321188926,0.007695192662099171,0.04223461661793171,0.16864729114757407,0.14095160879605634,0.1846646049518444,0.12720165870576433,0.011470030599467274
2014-10-28,163.4095458984375,2.2839999198913574,14.390000343322754,18.485869063300346,0.011470030599467274,-0.0013744138321188926,0.030793745276357365,0.13254750380821875,0.14369140609696204,0.18902165758750084,0.12846346316045798,-0.001511969886101805
2014-10-29,163.1624755859375,2.322999954223633,15.149999618530273,18.775252484709043,-0.001511969886101805,0.011470030599467274,0.022362760560685757,0.10480949339034784,0.1330571415981566,0.18191688018000893,0.12677453541329917,0.006410819922087363
2014-10-30,164.20848083496094,2.305000066757202,14.520000457763672,18.54581448353292,0.006410819922087363,-0.001511969886101805,0.028128053046828416,0.09156686022002841,0.12724976610526675,0.18287465847135598,0.12732403548383042,0.011435230575621569
2014-10-31,166.08624267578125,2.3350000381469727,14.029999732971191,18.805283069798612,0.011435230575621569,0.006410819922087363,0.02282905255530321,0.102846107709885,0.12685335629818079,0.18317948522538918,0.12852668338049186,0.000545540003755729
2014-11-03,166.17684936523438,2.3480000495910645,14.729999542236328,18.354540952131583,0.000545540003755729,0.011435230575621569,0.02662525944749161,0.09566542513182834,0.1293178585739051,0.18296681558149538,0.12663123971410645,-0.003469516644038495
2014-11-04,165.6002960205078,2.3420000076293945,14.890000343322754,18.35179144924401,-0.003469516644038495,0.000545540003755729,0.0285990453510212,0.09737886398760107,0.11065437809037584,0.17298544746296732,0.1268591117504799,0.006316261242164556
2014-11-05,166.64627075195312,2.3499999046325684,14.170000076293945,18.334131089443414,0.006316261242164556,-0.003469516644038495,0.013406500275277233,0.0918392246514188,0.09356959497242776,0.1640669973155981,0.127292908699243,0.0040033585653029835
2014-11-06,167.31341552734375,2.375,13.670000076293945,18.489170831731435,0.0040033585653029835,0.006316261242164556,0.021351693479183087,0.0898353157574943,0.08576112115637789,0.14352938478536456,0.1268692823111816,0.0009353352815837379
2014-11-07,167.46990966796875,2.312000036239624,13.119999885559082,18.310196021945288,0.0009353352815837379,0.0040033585653029835,0.01890849167226305,0.05899841909144385,0.08464773062763734,0.13381934906288917,0.12660711672935268,0.0031474287555302016
2014-11-10,167.99700927734375,2.3589999675750732,12.670000076293945,18.00998700534855,0.0031474287555302016,0.0009353352815837379,0.008331015079247495,0.05877600819829064,0.08032589787830537,0.1117940197956735,0.12668638475684182,0.0009805763056578432
2014-11-11,168.1617431640625,2.359999895095825,12.920000076293945,17.813700268747386,0.0009805763056578432,0.0031474287555302016,0.010953149726102396,0.0357948443393969,0.06924492648968456,0.11199475695383758,0.12569888357876774,-0.0010777043237385486
2014-11-12,167.9805145263672,2.3589999675750732,13.020000457763672,18.316656013513864,-0.0010777043237385486,0.0009805763056578432,0.015467648338246098,0.03191349532678741,0.06850417025524218,0.1062536051675298,0.125388706054418,0.0011276463103828682
2014-11-13,168.16993713378906,2.3469998836517334,13.789999961853027,18.26236357468355,0.0011276463103828682,-0.0010777043237385486,0.00800644243878712,0.023741003633746417,0.06606227630938623,0.10514739213559858,0.12531808931782412,0.0002450734653305364
2014-11-14,168.21115112304688,2.319999933242798,13.3100004196167,18.202742384590973,0.0002450734653305364,0.0011276463103828682,0.005119264368285803,0.02439761240828033,0.043062081275194924,0.10264751573271635,0.12522171781211103,0.0006364361895614401
2014-11-17,168.31820678710938,2.3399999141693115,13.989999771118164,18.20303456684898,0.0006364361895614401,0.0002450734653305364,0.004426117244272332,0.01403908070130019,0.04302134268229591,0.10104760847354619,0.1251487103114614,0.005773870532074454
2014-11-18,169.29005432128906,2.322000026702881,13.859999656677246,18.147139562812796,0.005773870532074454,0.0006364361895614401,0.0019119239749998407,0.041428707077368926,0.039282495263358454,0.08157240376374829,0.12526578489529003,-0.0016056470030040293
2014-11-19,169.0182342529297,2.3510000705718994,13.960000038146973,18.226768283421176,-0.0016056470030040293,0.005773870532074454,0.006709678051599166,0.04348889296979187,0.036088972005227433,0.07466860142417385,0.12534321745151628,0.0017543908748200998
2014-11-20,169.31475830078125,2.3350000381469727,13.579999923706055,18.10377994516001,0.0017543908748200998,-0.0016056470030040293,0.006177619645280963,0.04361841457484548,0.03322791799281782,0.06773537068934014,0.12535415469724004,0.005350744920879391
2014-11-21,170.22071838378906,2.315000057220459,12.899999618530273,18.773639899893638,0.005350744920879391,0.0017543908748200998,0.006807525688027116,0.04998607964333793,0.03914064661260456,0.06591615107202549,0.12571652041683368,0.002806307333949709
2014-11-24,170.6984100341797,2.309999942779541,12.619999885559082,18.003357621669746,0.002806307333949709,0.005350744920879391,0.011946694659215495,0.047525529966569856,0.03880719180753496,0.06426067768017843,0.12571341181621082,-0.0007237935901941439
2014-11-25,170.57485961914062,2.259999990463257,12.25,18.186328370341727,-0.0007237935901941439,0.002806307333949709,0.014141091997735167,0.044326807027757556,0.040475208174153746,0.05645173461870133,0.12572301997709542,0.0025588627896713234
2014-11-26,171.01133728027344,2.2339999675750732,12.069999694824219,17.94534775486236,0.0025588627896713234,-0.0007237935901941439,0.007589372588971965,0.034651604472358065,0.038223980370644214,0.05476981461855868,0.1257588170454477,-0.002118957306686431
2014-11-28,170.6489715576172,2.194000005722046,13.329999923706055,17.874056960741868,-0.002118957306686431,0.0025588627896713234,0.011792236714301074,0.047404829876270226,0.04298311771900814,0.05476647929102562,0.12581519168441987,-0.006949966518089656
2014-12-01,169.4629669189453,2.2179999351501465,14.15999984741211,18.459597574399513,-0.006949966518089656,-0.002118957306686431,0.007880076552250426,0.06340787787634629,0.06037178290698624,0.05121781465355651,0.12651759720813247,0.006464027084641666
2014-12-02,170.55838012695312,2.2850000858306885,12.850000381469727,18.12640633639685,0.006464027084641666,-0.006949966518089656,-0.004451581875804855,0.07997695769297013,0.06681379389079424,0.05469388236785541,0.1269366260680418,0.0038627755192162105
2014-12-03,171.2172088623047,2.2869999408721924,12.5,18.048921182812215,0.0038627755192162105,0.006464027084641666,-0.0008203351583563334,0.08442304885121352,0.06387986396905417,0.0523417502461211,0.12626252687798453,-0.0011062401372582409
2014-12-04,171.02780151367188,2.256999969482422,12.380000114440918,18.329843158171006,-0.0011062401372582409,0.0038627755192162105,0.003765790835755567,0.08351706069348075,0.06332565575598187,0.05019844730787678,0.12617062303656765,0.001637421244882642
2014-12-05,171.30784606933594,2.306999921798706,11.890000343322754,18.326650255993048,0.001637421244882642,-0.0011062401372582409,9.627568359071859e-05,0.08166393338479262,0.0632991731411542,0.049203205133054234,0.1261815166369848,-0.006682829731738171
2014-12-08,170.16302490234375,2.256999969482422,14.210000038146973,18.50307331315282,-0.006682829731738171,0.001637421244882642,0.003860993158674164,0.08007718734519502,0.06959934758827319,0.05659198666765577,0.12638052744835,-0.0006774688651270955
2014-12-09,170.04774475097656,2.2200000286102295,15.350000381469727,18.645264066298658,-0.0006774688651270955,-0.006682829731738171,0.004131038162062062,0.06259131976631012,0.06780489175546583,0.05611796315394974,0.12637685553426903,-0.016031407769155237
2014-12-10,167.32164001464844,2.1689999103546143,18.530000686645508,18.88978647645945,-0.016031407769155237,-0.0006774688651270955,-0.0029939037624330256,0.1126725011214208,0.10393567679227239,0.08142349900082421,0.13012509378709167,0.005069858979785069
2014-12-11,168.16993713378906,2.177999973297119,20.079999923706055,18.88449526637776,0.005069858979785069,-0.016031407769155237,-0.022752203902524304,0.13158516779717708,0.10765275492909696,0.08348060144110274,0.13047232059511873,-0.016161510763134768
2014-12-12,165.45205688476562,2.1029999256134033,21.079999923706055,19.125411579181463,-0.016161510763134768,0.005069858979785069,-0.01670994045757146,0.1487473395635144,0.13009453751887964,0.10124267862570215,0.13437555852216668,-0.006869459247043186
2014-12-15,164.31549072265625,2.115999937057495,20.420000076293945,19.062354619186923,-0.006869459247043186,-0.016161510763134768,-0.034182842869906915,0.14873633694500502,0.130027702255238,0.10340010688667393,0.1351080256619362,-0.008019720334528802
2014-12-16,162.9977264404297,2.071000099182129,23.56999969482422,19.374436036307525,-0.008019720334528802,-0.006869459247043186,-0.03436430554195535,0.1380269226096677,0.12032173870800036,0.10594974923129877,0.13518126296426355,0.01960519626118873
2014-12-17,166.19332885742188,2.1480000019073486,19.440000534057617,19.35249082926285,0.01960519626118873,-0.008019720334528802,-0.041459052108401395,0.22091208075024812,0.16760969878043297,0.12780904673589508,0.14051635914674512,0.024728493746491553
2014-12-18,170.30303955078125,2.2039999961853027,16.809999465942383,19.367050146796394,0.024728493746491553,0.01960519626118873,-0.00674336659100272,0.2898211212018933,0.21804039617339185,0.1567625002901201,0.14840328416317375,0.0042550026968957155
2014-12-19,171.02767944335938,2.1760001182556152,16.489999771118164,19.317114019107237,0.0042550026968957155,0.024728493746491553,0.012684207732652997,0.23789806745195205,0.21909851291624888,0.1572941896283779,0.14439007904075557,0.004599646517321254
2014-12-22,171.81434631347656,2.1619999408721924,15.25,18.81487525009957,0.004599646517321254,0.0042550026968957155,0.0336993245268451,0.20870586349401032,0.21688513589812383,0.15701247809680896,0.14386203069431203,0.001350085812420465
2014-12-23,172.0463104248047,2.256999969482422,14.800000190734863,18.62090689425532,0.001350085812420465,0.004599646517321254,0.045636936346296286,0.16688228628696358,0.2166717154027317,0.15681525660504864,0.14375089537297675,9.613997128399276e-05
2014-12-24,172.06285095214844,2.2639999389648438,14.369999885559082,17.575859171698035,9.613997128399276e-05,0.001350085812420465,0.055513559495457,0.16016364392846852,0.19465650501210657,0.1567615837226726,0.14356728857566045,0.003224813505054991
2014-12-26,172.6177215576172,2.25,14.5,17.864277059185586,0.003224813505054991,9.613997128399276e-05,0.035317435032317324,0.03064267614308488,0.19429144997775624,0.15689645275695674,0.14037686585909606,0.0013434488306258707
2014-12-29,172.84962463378906,2.2070000171661377,15.0600004196167,18.1930760188838,0.0013434488306258707,0.003224813505054991,0.013591548412415388,0.02824260632788651,0.1643176110378321,0.15660697333632131,0.1403566659242876,-0.005366409033717101
2014-12-30,171.9220428466797,2.190000057220459,15.920000076293945,18.11335092580963,-0.005366409033717101,0.0013434488306258707,0.01065292586766975,0.0518968935027039,0.16157353927572612,0.1556809111472238,0.13953666074962653,-0.009923065268978681
2014-12-31,170.21604919433594,2.1700000762939453,19.200000762939453,18.685609417510385,-0.009923065268978681,-0.005366409033717101,0.0006268192122131921,0.08581807222846541,0.16595315466458935,0.15856632518660915,0.1412721694005095,-0.0005348140553006475
2015-01-02,170.12501525878906,2.122999906539917,17.790000915527344,18.615144131149478,-0.0005348140553006475,-0.009923065268978681,-0.010638189368604278,0.08490125840281713,0.14353837188510798,0.157892796978376,0.13715385615790804,-0.018059946832598595
2015-01-05,167.0525665283203,2.0390000343322754,19.920000076293945,18.949145485726984,-0.018059946832598595,-0.0005348140553006475,-0.011262371177949926,0.12391717896881944,0.11482120887029375,0.17007760336733488,0.138405836593807,-0.009418652265440919
2015-01-06,165.47915649414062,1.9630000591278076,21.1200008392334,19.158568954371763,-0.009418652265440919,-0.018059946832598595,-0.0322397664566515,0.10269355024871521,0.11480997882371202,0.17221394863376288,0.13340918783954797,0.012460762452786378
2015-01-07,167.54115295410156,1.9539999961853027,19.309999465942383,18.646594063913508,0.012460762452786378,-0.009418652265440919,-0.04264092650050011,0.18429034048496581,0.13491671333783514,0.17813348707816684,0.13310023306635582,0.017745301287971804
2015-01-08,170.51422119140625,2.0160000324249268,17.010000228881836,18.807423687654044,0.017745301287971804,0.012460762452786378,-0.025481839443270315,0.23604003890835465,0.16880586320233795,0.18980782274647656,0.13227389674610177,-0.00801364138303795
2015-01-09,169.1477813720703,1.9709999561309814,17.549999237060547,18.88168967314683,-0.00801364138303795,0.017745301287971804,0.0017517266937026044,0.2438260232601929,0.1724127858497937,0.1827125422222498,0.13376248988810416,-0.007833639400180559
2015-01-12,167.82273864746094,1.9119999408721924,19.600000381469727,18.788070782673415,-0.007833639400180559,-0.00801364138303795,-0.005744210428032637,0.20691443748916433,0.17258738499844167,0.18426538403682224,0.13406310265499938,-0.0028122193065538426
2015-01-13,167.3507843017578,1.8899999856948853,20.559999465942383,19.18406875497443,-0.0028122193065538426,-0.007833639400180559,0.004610357895998396,0.19065849396990328,0.17107495302355863,0.1746144509112063,0.13427069745505668,-0.0060375649840378465
2015-01-14,166.34039306640625,1.8370000123977661,21.479999542236328,19.078154636997827,-0.0060375649840378465,-0.0028122193065538426,0.011310353806906592,0.17302038177990098,0.17134856479080038,0.17416510017181963,0.13338790045767543,-0.009160664009854269
2015-01-15,164.8166046142578,1.774999976158142,22.389999389648438,18.989476557645588,-0.009160664009854269,-0.0060375649840378465,-0.007166954903457423,0.03936247736348819,0.17055722115850802,0.17496531813312974,0.13384424490307611,0.013114293017557621
2015-01-16,166.97805786132812,1.815000057220459,20.950000762939453,19.171528751497426,0.013114293017557621,-0.009160664009854269,-0.03341431897784486,0.144016783576201,0.18919834447643485,0.16695373913177172,0.1304579592634034,0.0021329472870237343
2015-01-20,167.33421325683594,1.8070000410079956,19.889999389648438,18.690639947560282,0.0021329472870237343,0.013114293017557621,-0.012827383800970482,0.13822804983569148,0.16639234650209772,0.1402050357025677,0.12944678694867454,0.005047775412475364
2015-01-21,168.1788787841797,1.8530000448226929,18.850000381469727,18.6272289592685,0.005047775412475364,0.0021329472870237343,-0.0029109606633891394,0.14136084161668147,0.15859890217734873,0.14061491981059393,0.1278143352339474,0.014870749900356195
2015-01-22,170.67982482910156,1.8960000276565552,16.399999618530273,18.976609749765185,0.014870749900356195,0.005047775412475364,0.004948255760359732,0.1530507743719863,0.16357583141153786,0.15024505468641444,0.13028817254138453,-0.0054824595712748
2015-01-23,169.74407958984375,1.8170000314712524,16.65999984741211,18.58209186856083,-0.0054824595712748,0.014870749900356195,0.026087660866371376,0.13210009088917832,0.14053209432238603,0.15121101425468608,0.13086870376285045,0.0023415304878990906
2015-01-26,170.14154052734375,1.8279999494552612,15.520000457763672,18.337404575106486,0.0023415304878990906,-0.0054824595712748,0.029896714515617928,0.11643361759562308,0.1343372548091694,0.15156374213263904,0.1290312214508544,-0.013190473235210609
2015-01-27,167.8972930908203,1.8250000476837158,17.219999313354492,18.71368314581873,-0.013190473235210609,0.0023415304878990906,0.018945499226268536,0.1690419801359392,0.14596231331388462,0.157279983277917,0.13207233254796966,-0.01282449646774697
2015-01-28,165.7440948486328,1.7239999771118164,20.440000534057617,18.94253117655879,-0.01282449646774697,-0.013190473235210609,0.0033650012333110713,0.1868751436263287,0.15954360078962168,0.16204361716139365,0.13426702273030588,0.009243703281239801
2015-01-29,167.27618408203125,1.7510000467300415,18.760000228881836,18.972180261032168,0.009243703281239801,-0.01282449646774697,-0.014477346698638538,0.1547547481321107,0.1641902421005401,0.1663169184525882,0.13355631628453918,-0.012574649180323139
2015-01-30,165.17274475097656,1.6749999523162842,20.969999313354492,19.102411509532818,-0.012574649180323139,0.009243703281239801,-0.019941670027364466,0.16680692890885632,0.1706458318248099,0.16839016726750775,0.1360748373318506,0.01238382999864851
2015-02-02,167.2182159423828,1.6729999780654907,19.43000030517578,18.909916991256154,0.01238382999864851,-0.012574649180323139,-0.026930746862647625,0.2066494086290878,0.16913885442174853,0.17541796387898673,0.1382420940729227,0.014461146476356435
2015-02-03,169.63638305664062,1.7799999713897705,17.329999923706055,18.637507594855077,0.014461146476356435,0.01238382999864851,-0.01718172161777931,0.21703220781471794,0.18378244265324756,0.17091183905200646,0.14076611876140838,-0.0038074926533354647
2015-02-04,168.99049377441406,1.7970000505447388,18.329999923706055,18.715636556004483,-0.0038074926533354647,0.014461146476356435,0.01035805839275561,0.18493619892365326,0.18427389764136548,0.16758047219471983,0.14080687760054333,0.010094933968616271
2015-02-05,170.69644165039062,1.815000057220459,16.850000381469727,18.40000038175959,0.010094933968616271,-0.0038074926533354647,0.019586815015919967,0.18656533975420095,0.17521277406312974,0.16565318502274798,0.14225366913308593,-0.002765322083369659
2015-02-06,170.2244110107422,1.937999963760376,17.290000915527344,18.649185904119136,-0.002765322083369659,0.010094933968616271,0.020446769437794554,0.13795842437106257,0.17332492966812574,0.1536970692187483,0.1422744705745968,-0.004475956825074512
2015-02-09,169.46249389648438,1.9479999542236328,18.549999237060547,18.283932766518298,-0.004475956825074512,-0.002765322083369659,0.030584139455827275,0.14125662284274798,0.17449129973354432,0.15176388025573032,0.1425953678540456,0.01065326213270179
2015-02-10,171.267822265625,1.9910000562667847,17.229999542236328,18.38156771540089,0.01065326213270179,-0.004475956825074512,0.013421252830940755,0.12264588547069172,0.16620090713571872,0.1530690954613726,0.14417555343872185,0.0005802636586920151
2015-02-11,171.36720275878906,1.9880000352859497,16.959999084472656,18.327334445470104,0.0005802636586920151,0.01065326213270179,0.00961727183513239,0.11329101837344702,0.1448910528821781,0.15240289173473626,0.14416752649342404,0.009616924861725273
2015-02-12,173.01522827148438,1.9859999418258667,15.34000015258789,18.39583360467336,0.009616924861725273,0.0005802636586920151,0.014064157878298733,0.11139144216857405,0.14532547727374137,0.15263166484309024,0.14541119325696333,0.004116159081716919
2015-02-13,173.72738647460938,2.0209999084472656,14.6899995803833,18.35529280616259,0.004116159081716919,0.009616924861725273,0.013584270408184329,0.10018485032373772,0.1148604158871612,0.14690909262456062,0.14559880136535513,0.0015733310333112538
2015-02-17,174.00071716308594,2.1449999809265137,15.800000190734863,18.158902920494725,0.0015733310333112538,0.004116159081716919,0.02057857297356791,0.07311688237781742,0.10825805342757382,0.14165171331294973,0.1452113618348329,9.523549783030383e-05
2015-02-18,174.0172882080078,2.065999984741211,15.449999809265137,18.205665332130362,9.523549783030383e-05,0.0015733310333112538,0.026780104330187182,0.062075638579843,0.0922413671566945,0.14182994739447535,0.1451479124325272,-0.0007142859021831427
2015-02-19,173.8929901123047,2.11299991607666,15.289999961853027,18.331439621107865,-0.0007142859021831427,9.523549783030383e-05,0.016053604851228753,0.06606490643851828,0.08743682442125439,0.14166124706093117,0.14514691848164837,0.006001008577294353
2015-02-20,174.9365234375,2.132999897003174,14.300000190734863,18.763535433604428,0.006001008577294353,-0.0007142859021831427,0.014739035899832276,0.04450111919159337,0.0800804463631085,0.1340248128283571,0.14524609346436218,-0.00014200184218604583
2015-02-23,174.91168212890625,2.059000015258789,14.5600004196167,18.125115695662313,-0.00014200184218604583,0.006001008577294353,0.011104774910338344,0.04328732356814974,0.07627243475911492,0.13177996796250457,0.14517150516115512,0.0028406146656743125
2015-02-24,175.40853881835938,1.9880000352859497,13.6899995803833,18.098714991650816,0.0028406146656743125,-0.00014200184218604583,0.006816977324815454,0.04459119927280742,0.06491419305569913,0.1318324620512271,0.1452324443391141,-0.0008497183350739679
2015-02-25,175.25949096679688,1.968999981880188,13.84000015258789,18.106814861294165,-0.0008497183350739679,0.0028406146656743125,0.008090895705642032,0.047058063017409356,0.053999444900565616,0.12029392569220308,0.1451947403499504,-0.0011813711636780022
2015-02-26,175.0524444580078,2.0160000324249268,13.90999984741211,18.101823070009914,-0.0011813711636780022,-0.0008497183350739679,0.007138387062463725,0.048492110777071135,0.05625796630181639,0.10745246110094522,0.14513658613894828,-0.003406136048270225
2015-02-27,174.45619201660156,2.002000093460083,13.34000015258789,18.49834525056159,-0.003406136048270225,-0.0011813711636780022,0.006667631311384703,0.03576935450895757,0.044528734182087866,0.10670420867747092,0.144543703740826,0.006313914410896571
2015-03-02,175.5576934814453,2.0840001106262207,13.039999961853027,18.287051072212893,0.006313914410896571,-0.003406136048270225,-0.0027457469227119002,0.060910529925248647,0.05008557684452912,0.09228230283122683,0.1445176838065773,-0.004104699475000695
2015-03-03,174.8370819091797,2.121999979019165,13.859999656677246,18.518948373460624,-0.004104699475000695,0.006313914410896571,0.0036933573828588084,0.06562025230270051,0.05617457660661515,0.08869987723888005,0.1446534546047859,-0.004215175557113482
2015-03-04,174.10011291503906,2.122999906539917,14.229999542236328,18.556060935244926,-0.004215175557113482,-0.004104699475000695,-0.0032578625477944767,0.07045153043816978,0.06097486701753184,0.07880708337075751,0.14493081145306125,0.00109396945176643
2015-03-05,174.2905731201172,2.111999988555908,14.039999961853027,18.157665280500833,0.00109396945176643,-0.004215175557113482,-0.006615208371097303,0.07255147908353815,0.06101239946870726,0.07647055301104003,0.1449142734135902,-0.014064584326091034
2015-03-06,171.83924865722656,2.240000009536743,15.199999809265137,19.052633145499648,-0.014064584326091034,0.00109396945176643,-0.00435224620969743,0.12001577208619754,0.08596321949436149,0.08792050068764162,0.1472111805688762,0.004144594352323061
2015-03-09,172.55145263671875,2.194999933242798,15.0600004196167,18.313305989966736,0.004144594352323061,-0.014064584326091034,-0.015000575956203188,0.1099837870712474,0.09079585515047107,0.08809608937824129,0.1474191864112079,-0.016221932642232262
2015-03-10,169.75233459472656,2.125999927520752,16.690000534057617,18.872528682831465,-0.016221932642232262,0.004144594352323061,-0.017123948174018855,0.14327559629554493,0.11373307242779127,0.10540439589327345,0.14750974901585379,-0.002341776174126342
2015-03-11,169.3548126220703,2.1089999675750732,16.8700008392334,18.517314601853624,-0.002341776174126342,-0.016221932642232262,-0.0290827738539724,0.14522843721464684,0.11309655544459167,0.09799117907169023,0.14726424496965348,0.012714305111427349
2015-03-12,171.50804138183594,2.0959999561309814,15.420000076293945,18.358736199546243,0.012714305111427349,-0.002341776174126342,-0.027256158617682602,0.1936989223062091,0.13921864193854006,0.10871554325204834,0.1454749503592806,-0.006132589012176282
2015-03-13,170.4562530517578,2.111999988555908,16.0,18.90564010782335,-0.006132589012176282,0.012714305111427349,-0.01596490096090042,0.1725855287620135,0.14065031143966314,0.10465769355226505,0.14532022996039193,0.01336073041130259
2015-03-16,172.73367309570312,2.0980000495910645,15.609999656677246,18.72889459692114,0.01336073041130259,-0.006132589012176282,-0.008048193973586693,0.20174153630915176,0.15628748684383173,0.11496518786458443,0.1464716411534415,-0.0029724545536619074
2015-03-17,172.22023010253906,2.058000087738037,15.65999984741211,18.36422044989949,-0.0029724545536619074,0.01336073041130259,0.0010560354966586694,0.1483425369211758,0.15587750251048635,0.11513502507492612,0.14145081367413645,0.012021485607965232
2015-03-18,174.2905731201172,1.9509999752044678,13.970000267028809,19.248395971499978,0.012021485607965232,-0.0029724545536619074,0.014538212471153722,0.15122953203252343,0.16863947795792558,0.12342247045504205,0.1344282858979229,-0.004561512836242287
2015-03-19,173.49554443359375,1.9769999980926514,14.069999694824219,18.585494097744444,-0.004561512836242287,0.012021485607965232,0.029144495049346242,0.1511886309713028,0.17014565265224718,0.12451279109123277,0.13456851322809943,0.008827018407057574
2015-03-20,175.02699279785156,1.9299999475479126,13.020000457763672,18.995692269818143,0.008827018407057574,-0.004561512836242287,0.011588395714536404,0.13476288473370363,0.15698673900161866,0.12672925744346875,0.135425049640172,-0.0019485519855204636
2015-03-23,174.68594360351562,1.9149999618530273,13.40999984741211,18.089179147206824,-0.0019485519855204636,0.008827018407057574,0.026814737882956186,0.1203835716048068,0.1575087241667889,0.12692880382223307,0.1354891540817349,-0.005618953098202706
2015-03-24,173.7043914794922,1.878000020980835,13.619999885559082,18.16972012307424,-0.005618953098202706,-0.0019485519855204636,0.01130219992908299,0.128819301181418,0.13135172978122556,0.127935612524549,0.13602917790703092,-0.0146541283643703
2015-03-25,171.15890502929688,1.9199999570846558,15.4399995803833,18.887690527360668,-0.0146541283643703,-0.005618953098202706,0.008617810904499867,0.13384387627017563,0.15587779231939564,0.13752214929711318,0.13922519884497697,-0.0023813705361560578
2015-03-26,170.75131225585938,2.006999969482422,15.800000190734863,18.846387605149086,-0.0023813705361560578,-0.0146541283643703,-0.017968086482003987,0.13374303549634595,0.14221530184643494,0.13759203147811835,0.13926910462256992,0.002289828439804964
2015-03-27,171.14230346679688,1.9479999542236328,15.069999694824219,18.594121323014576,0.002289828439804964,-0.0023813705361560578,-0.015817306356156857,0.10085362517903074,0.13896706900788333,0.1378700365988617,0.13893142534927327,0.012199645113553093
2015-03-30,173.2301788330078,1.9630000591278076,14.510000228881836,18.38173616307106,0.012199645113553093,0.002289828439804964,-0.022194801321538615,0.15729553092693885,0.1360347619491814,0.14343795371305024,0.13960450607046887,-0.008739419912932589
2015-03-31,171.71624755859375,1.934000015258789,15.289999961853027,18.657874731958568,-0.008739419912932589,0.012199645113553093,-0.008333611396987739,0.16370656265791536,0.1428526729323973,0.14585094213377806,0.14082896575338055,-0.0035363807266584057
2015-04-01,171.10899353027344,1.8680000305175781,15.109999656677246,18.737705097633892,-0.0035363807266584057,-0.008739419912932589,-0.011445559343461698,0.12515300451191524,0.12573509319069487,0.14566362164275015,0.13584568084897264,0.003597621109491911
2015-04-02,171.72457885742188,1.9040000438690186,14.670000076293945,18.280278958421228,0.003597621109491911,-0.0035363807266584057,-0.00029160912787384863,0.12528465794822594,0.12740017808540371,0.14637072131490755,0.13442432458787806,0.006733076586380449
2015-04-06,172.8808135986328,1.9040000438690186,14.739999771118164,18.554933634984305,0.006733076586380449,0.003597621109491911,0.005699907009230731,0.13161509881687505,0.12324523383557026,0.13964916517312487,0.13277781516005277,-0.002646444806259418
2015-04-07,172.4232940673828,1.8930000066757202,14.779999732971191,18.2128727618821,-0.002646444806259418,0.006733076586380449,0.010158272365273113,0.09719421209246161,0.12341267029775596,0.13927464739490358,0.1279936612971628,0.003377099669529038
2015-04-08,173.00558471679688,1.8949999809265137,13.979999542236328,18.308093075224747,0.003377099669529038,-0.002646444806259418,-0.004657876422345719,0.07003996699807216,0.12280893184835608,0.1257141590329783,0.12698975334077675,0.004423406614903813
2015-04-09,173.77085876464844,1.9579999446868896,13.09000015258789,18.264598711931242,0.004423406614903813,0.003377099669529038,0.007508533272386986,0.0551605702388395,0.09486706322509772,0.1256372826248239,0.12607345389075117,0.005457468563862422
2015-04-10,174.71920776367188,1.9509999752044678,12.579999923706055,18.102166899777078,0.005457468563862422,0.004423406614903813,0.01555654778545601,0.05774383930557279,0.0939706939724313,0.11939193755965555,0.1262532058037615,-0.0045233362194048166
2015-04-13,173.92889404296875,1.9390000104904175,13.9399995803833,18.12545832776085,-0.0045233362194048166,0.005457468563862422,0.017438557288507628,0.07134982556749773,0.10005040981415204,0.11825617343870787,0.1259432842509791,0.0019133044713195435
2015-04-14,174.2616729736328,1.9040000438690186,13.670000076293945,18.13432979849115,0.0019133044713195435,-0.0045233362194048166,0.006062445117647419,0.06259915352104607,0.08118153593706007,0.1090547460383192,0.12424532525190093,0.004486965576463886
2015-04-15,175.0435791015625,1.899999976158142,12.84000015258789,18.415962641189445,0.004486965576463886,0.0019133044713195435,0.010662010119883103,0.06446078402276056,0.06385283841378168,0.10915258995365422,0.1218758084331273,-0.0002850503885402089
2015-04-16,174.99368286132812,1.878000020980835,12.600000381469727,18.048673153451347,-0.0002850503885402089,0.004486965576463886,0.01177993408768696,0.06358761397831689,0.0578671142591948,0.10085161158290942,0.12186491080367659,-0.01150362396243032
2015-04-17,172.98062133789062,1.850000023841858,13.890000343322754,19.06837648584088,-0.01150362396243032,-0.0002850503885402089,0.007036991733670783,0.09945992430824932,0.08921123700833217,0.10797630266833556,0.124086865146457,0.009136716247702736
2015-04-20,174.56109619140625,1.8949999809265137,13.300000190734863,18.33935681002556,0.009136716247702736,-0.01150362396243032,-0.009950745816870277,0.12216097218444023,0.09439537072204335,0.10832195354582518,0.12178546203849894,-0.0011911675802418475
2015-04-21,174.35316467285156,1.9160000085830688,13.25,18.09992162120951,-0.0011911675802418475,0.009136716247702736,0.0036348310722962296,0.12228602240239173,0.09310219571759132,0.10818483236911758,0.1212157823596159,0.004914229833712369
2015-04-22,175.20997619628906,1.972000002861023,12.710000038146973,18.175605964227195,0.004914229833712369,-0.0011911675802418475,0.0005250247955130849,0.12327893937604197,0.09445136369327109,0.10748205779835772,0.12149929559730172,0.0025162505124074475
2015-04-23,175.65084838867188,1.9470000267028809,12.479999542236328,18.446211064104347,0.0025162505124074475,0.004914229833712369,0.0009506038186639643,0.12416511354660588,0.09315207619255847,0.09157597837627263,0.1181477760857678,0.002320297679163641
2015-04-24,176.05841064453125,1.9170000553131104,12.289999961853027,17.93173729940111,0.002320297679163641,0.0025162505124074475,0.0037553671458214755,0.06051677066148333,0.09032398460727956,0.09057631727792109,0.11472657562390316,-0.004157593877154087
2015-04-27,175.32643127441406,1.9240000247955322,13.119999885559082,18.189481091723138,-0.004157593877154087,0.002320297679163641,0.01779268268801415,0.05651295252950715,0.08973964590470172,0.0927405131388126,0.11391427065466994,0.003178536687765021
2015-04-28,175.8837127685547,1.9730000495910645,12.40999984741211,18.2798484904986,0.003178536687765021,-0.004157593877154087,0.00438433934998117,0.0549135331685076,0.09039557714443355,0.08366549864257254,0.1105337540761321,-0.004114181707450926
2015-04-29,175.16009521484375,2.0350000858306885,13.390000343322754,18.64928854701383,-0.004114181707450926,0.003178536687765021,0.008778435989819755,0.05940614011262249,0.09125761709111664,0.07811727160697847,0.1084740695892429,-0.010020652841656097
2015-04-30,173.40487670898438,2.0460000038146973,14.550000190734863,18.898806927010778,-0.010020652841656097,-0.004114181707450926,-0.00028469258730701164,0.0859928217111175,0.10448094057746238,0.08609991783511513,0.10689353110528949,0.010841355118352602
2015-05-01,175.28482055664062,2.117000102996826,12.699999809265137,18.454112628351638,0.010841355118352602,-0.010020652841656097,-0.0127865689251766,0.12764247568309603,0.10109501833631422,0.09292381050326412,0.10863894912533818,0.002847538351800072
2015-05-04,175.78395080566406,2.134999990463257,12.850000381469727,18.07716457095879,0.002847538351800072,0.010841355118352602,-0.004393939971732097,0.12589823632670807,0.09204259304307856,0.09076659118040001,0.10694493873162476,-0.011452080987991775
2015-05-05,173.77085876464844,2.1760001182556152,14.3100004196167,18.545780952573107,-0.011452080987991775,0.002847538351800072,0.0026095297093791103,0.1476032628199037,0.11054173758087571,0.1001595448003102,0.10953237520862842,-0.004116788123756043
2015-05-06,173.05548095703125,2.240000009536743,15.149999618530273,18.721231170337315,-0.004116788123756043,-0.011452080987991775,-0.012012789420055903,0.1476051936326005,0.10784875166094873,0.10074408662580835,0.10946699792153416,0.003989819919367754
2015-05-07,173.74594116210938,2.184000015258789,15.130000114440918,18.29562647307158,0.003989819919367754,-0.004116788123756043,-0.012015375164252329,0.1348795974097494,0.10951728381329415,0.10050497673949645,0.1076306113400573,0.013165810310246773
2015-05-08,176.033447265625,2.1500000953674316,12.859999656677246,18.864579723683907,0.013165810310246773,0.003989819919367754,0.0019668677121311706,0.14668491943450354,0.13044652178761268,0.10937733067884489,0.11083239499356826,-0.0047724930759063255
2015-05-11,175.19332885742188,2.2739999294281006,13.850000381469727,18.142395727213074,-0.0047724930759063255,0.013165810310246773,0.004270915796399377,0.15020133529370558,0.1310326076833556,0.10952946778852038,0.10967834917278999,-0.00299151589474167
2015-05-12,174.6692352294922,2.259999990463257,13.859999656677246,18.600729728742934,-0.00299151589474167,-0.0047724930759063255,-0.0033599310149488026,0.12099204084947761,0.13044149129527888,0.11000438506810092,0.10957047484132657,0.00019070293907041957
2015-05-13,174.70254516601562,2.2820000648498535,13.760000228881836,18.36588554610476,0.00019070293907041957,-0.00299151589474167,0.005169891380121916,0.11299239573992724,0.12903424764091184,0.10880299992705177,0.1095284283076249,0.010427793614739667
2015-05-14,176.52430725097656,2.239000082015991,12.739999771118164,18.379171023419445,0.010427793614739667,0.00019070293907041957,0.009517550093621985,0.12860058184484166,0.12640265465380796,0.1149978126477067,0.11155847396724626,0.0010836138244436633
2015-05-15,176.71559143066406,2.1410000324249268,12.380000114440918,18.15293332929604,0.0010836138244436633,0.010427793614739667,0.015990969747459616,0.09343519944767377,0.11594664141403621,0.10595330297175082,0.1115520695175383,0.003106923071144463
2015-05-18,177.26463317871094,2.2279999256134033,12.729999542236328,18.126976588435927,0.003106923071144463,0.0010836138244436633,0.00387508269385739,0.07961855435960184,0.1160797992699624,0.10196631844563595,0.11107618574979272,-0.0003287362762933732
2015-05-19,177.20635986328125,2.26200008392334,12.850000381469727,18.093767092154934,-0.0003287362762933732,0.003106923071144463,0.01182296343586664,0.06999861654700874,0.09445221213050974,0.1017900625825887,0.11107961983643691,-0.0007039284633022502
2015-05-20,177.0816192626953,2.250999927520752,12.880000114440918,18.157463628911188,-0.0007039284633022502,-0.0003287362762933732,0.014525309110420048,0.07242307738736499,0.08972390272116818,0.10074951839352496,0.11096281724078419,0.00291213756291242
2015-05-21,177.59730529785156,2.184999942779541,12.109999656677246,17.98626973119255,0.00291213756291242,-0.0007039284633022502,0.013617855964370262,0.028109887955056156,0.08932345052457931,0.1008617025453656,0.1110811438400164,-0.0023884319440379276
2015-05-22,177.17312622070312,2.2149999141693115,12.130000114440918,17.86613833215254,-0.0023884319440379276,0.00291213756291242,0.0060784719316271385,0.0381416417549561,0.0673176085022366,0.10116259943842407,0.11117484886505144,-0.010751671357819625
2015-05-26,175.26821899414062,2.13700008392334,14.0600004196167,18.638277749581814,-0.010751671357819625,-0.0023884319440379276,0.0025891025592870154,0.08134303400117048,0.08514351062548955,0.10755255972329553,0.11320028094255447,0.009491590821754325
2015-05-27,176.93179321289062,2.134999990463257,13.270000457763672,18.350408493695014,0.009491590821754325,-0.010751671357819625,-0.01126233783226016,0.1177163280454345,0.09511109993759888,0.11225478757934924,0.114128542162059,-0.0011280333359723338
2015-05-28,176.73220825195312,2.130000114440918,13.3100004196167,18.13265996081126,-0.0011280333359723338,0.009491590821754325,-0.001549417586380386,0.11784914890465298,0.09577140421295646,0.11118537566825748,0.11381658084438882,-0.006212743869493553
2015-05-29,175.63421630859375,2.0950000286102295,13.84000015258789,18.643180896329863,-0.006212743869493553,-0.0011280333359723338,-0.0019731636304038958,0.1196160464804496,0.08674762491103867,0.10716910140627071,0.11422083347428856,0.0020365124856172034
2015-06-01,175.9918975830078,2.191999912261963,13.970000267028809,18.351746452892403,0.0020365124856172034,-0.006212743869493553,-0.011053596708381797,0.1232419737183105,0.08736193108035843,0.10042013579589601,0.11426966250131357,-0.0009928206693281538
2015-06-02,175.81716918945312,2.2660000324249268,14.239999771118164,18.332188281606197,-0.0009928206693281538,0.0020365124856172034,-0.006667086949878942,0.09155513000226422,0.08515455757820065,0.10001197324212163,0.11038016880511185,0.0026497189723557746
2015-06-03,176.2830352783203,2.365999937057495,13.65999984741211,18.29081008266717,0.0026497189723557746,-0.0009928206693281538,0.0031320578166589286,0.0557668071437464,0.08691696872855102,0.09062888290021434,0.11020624667278948,-0.008446548199865234
2015-06-04,174.79405212402344,2.306999921798706,14.710000038146973,18.838619735349024,-0.008446548199865234,0.0026497189723557746,-0.0036667120294751054,0.07859337987323774,0.0956549659940088,0.09490446729865654,0.10628549713503199,-0.0017136168288172104
2015-06-05,174.49452209472656,2.4019999504089355,14.210000038146973,18.617108184984936,-0.0017136168288172104,-0.008446548199865234,-0.010966626553811976,0.07013180955162109,0.092748944877595,0.09429369731050703,0.10622128749187422,-0.006149091531385986
2015-06-08,173.42153930664062,2.38100004196167,15.289999961853027,18.30485792207101,-0.006149091531385986,-0.0017136168288172104,-0.0064890215461475,0.06972161239342856,0.09536318374824701,0.08345717430913502,0.1039833481725683,-0.00014394624223756924
2015-06-09,173.39657592773438,2.4170000553131104,14.470000267028809,18.46980133923771,-0.00014394624223756924,-0.006149091531385986,-0.014604980750064667,0.07144696269112316,0.0824817276277272,0.08209263051068608,0.1031450393786469,0.011993345839803382
2015-06-10,175.47618103027344,2.4779999256134033,13.220000267028809,18.717456104358373,0.011993345839803382,-0.00014394624223756924,-0.013767672821022536,0.1259937463244584,0.09186589206123978,0.09262372990983794,0.10244150327184962,0.003223302385815918
2015-06-11,176.0417938232422,2.382999897003174,12.850000381469727,18.117903997977717,0.003223302385815918,0.011993345839803382,-0.004577038549245516,0.10784206186583774,0.09401681402118645,0.09322303141545812,0.10238743448691126,-0.00765497320594688
2015-06-12,174.69419860839844,2.384999990463257,13.779999732971191,18.72361393215117,-0.00765497320594688,0.003223302385815918,0.007138353302396316,0.12558401245518905,0.09676267294186155,0.08944109127892873,0.10076501313020618,-0.004285442640551751
2015-06-15,173.945556640625,2.3580000400543213,15.390000343322754,18.63888572859625,-0.004285442640551751,-0.00765497320594688,0.0011443139376230427,0.12017855216601432,0.09728911590519874,0.09020282571352287,0.10071252624495415,0.005451724326683838
2015-06-16,174.89385986328125,2.318000078201294,14.8100004196167,18.261781150865083,0.005451724326683838,-0.004285442640551751,0.003021639273180554,0.12440984302497914,0.1028067705050356,0.09190884126729705,0.09969035950580055,0.0016171917886860232
2015-06-17,175.17669677734375,2.305999994277954,14.5,18.65740052775447,0.0016171917886860232,0.005451724326683838,0.008635025965973542,0.08663853828657199,0.10204675320016379,0.09225993386828271,0.0996594786251347,0.010399568655393043
2015-06-18,176.9984588623047,2.3510000705718994,13.1899995803833,18.9267022524137,0.010399568655393043,0.0016171917886860232,-0.0017066946133162952,0.11538795287946513,0.1053293498456751,0.10011425894520268,0.10115224207058239,-0.00443982902765927
2015-06-19,176.21261596679688,2.2669999599456787,13.960000038146973,18.686720560678733,-0.00443982902765927,0.010399568655393043,0.005434306355813767,0.10142182606280577,0.10834042536157754,0.10067316702309459,0.09675881299897827,0.005123624577534125
2015-06-22,177.11546325683594,2.359999895095825,12.739999771118164,18.07389956632505,0.005123624577534125,-0.00443982902765927,0.008691859091452647,0.0871473578174197,0.10210849957992016,0.10219760339869012,0.09702521174710817,0.0007075634857955926
2015-06-23,177.24078369140625,2.4089999198913574,12.109999656677246,18.042005574337452,0.0007075634857955926,0.005123624577534125,0.018223556136935493,0.0874089744679198,0.10166641000547737,0.09396635881727455,0.09696365714326549,-0.00726252818180162
2015-06-24,175.9535675048828,2.371000051498413,13.260000228881836,18.340633797103177,-0.00726252818180162,0.0007075634857955926,0.01341913220944213,0.11316039132577056,0.09557279407927752,0.09167523518659046,0.09520859578782134,-0.0030405089871534674
2015-06-25,175.4185791015625,2.3929998874664307,14.010000228881836,18.391328150748276,-0.0030405089871534674,-0.00726252818180162,0.004434783517618834,0.07636680523998972,0.09535864063003353,0.09216507821443534,0.09360613948059776,-0.00019049719943020627
2015-06-26,175.38516235351562,2.4760000705718994,14.020000457763672,18.461580825023788,-0.00019049719943020627,-0.0030405089871534674,-0.008925952072674548,0.0729320830462248,0.08624936040850102,0.08953169318830115,0.0932598532120646,-0.020970429723503714
2015-06-29,171.70726013183594,2.3310000896453857,18.850000381469727,19.12684928245558,-0.020970429723503714,-0.00019049719943020627,-0.004695768283907498,0.14044535902909178,0.1372581233998715,0.11579462028163186,0.10279766875563014,0.002093129418652362
2015-06-30,172.06666564941406,2.3350000381469727,18.229999542236328,19.02458734287307,0.002093129418652362,-0.020970429723503714,-0.03053490093723521,0.1449795927806099,0.1336473906740028,0.1163866520534315,0.1019395004615685,0.008015741678690791
2015-07-01,173.44590759277344,2.4179999828338623,16.09000015258789,18.72801764601408,0.008015741678690791,0.002093129418652362,-0.02919259289104048,0.17352535131436278,0.14157963708127477,0.12014804563610776,0.1031183938278215,-0.0009158128683760536
2015-07-02,173.2870635986328,2.3929998874664307,16.790000915527344,18.463488295548867,-0.0009158128683760536,0.008015741678690791,-0.014251827613781076,0.17400901995728477,0.12678918962634914,0.1167019922758838,0.10291422691189933,-0.002845936980283015
2015-07-06,172.7938995361328,2.2780001163482666,17.010000228881836,18.585986694596166,-0.002845936980283015,-0.0009158128683760536,-0.01215102478794794,0.1729086762418516,0.12621250139077128,0.11693910278401488,0.10267212871995769,0.0062889977156044274
2015-07-07,173.88059997558594,2.2309999465942383,16.09000015258789,18.973531995341578,0.0062889977156044274,-0.002845936980283015,-0.01477469805661058,0.07325899101855046,0.12815635657233015,0.11725283671222779,0.10287738730128869,-0.016777501946173334
2015-07-08,170.96331787109375,2.2060000896453857,19.65999984741211,18.91549954535091,-0.016777501946173334,0.0062889977156044274,0.012657239082851435,0.1560336581020773,0.1471777580658109,0.13178640398492625,0.10808200989532903,0.0018087775962196684
2015-07-09,171.27255249023438,2.3010001182556152,19.969999313354492,18.786108972867673,0.0018087775962196684,-0.016777501946173334,-0.006412327304397114,0.1380004631445848,0.14783226194385168,0.12350118708286616,0.10807322913492379,0.012591810178397056
2015-07-10,173.42918395996094,2.4170000553131104,16.829999923706055,18.678858572899248,0.012591810178397056,0.0018087775962196684,-0.012530449018386736,0.17583005199584512,0.16635387341435787,0.13211121936515213,0.11083658309876018,0.011036917152295267
2015-07-13,175.3433074951172,2.430000066757202,13.899999618530273,18.479604164251604,0.011036917152295267,0.012591810178397056,0.0008201440914095137,0.1878264297100574,0.17724517016022978,0.1356991446815636,0.11317321176545608,0.00433806482626542
2015-07-14,176.1039581298828,2.3989999294281006,13.369999885559082,18.21868206822573,0.00433806482626542,0.011036917152295267,0.01475403915200868,0.18617087974397367,0.13337882819428085,0.1353534664347856,0.1108944515863446,-0.0003318560396369241
2015-07-15,176.04551696777344,2.3499999046325684,13.229999542236328,18.39960113185805,-0.0003318560396369241,0.00433806482626542,0.012786694746907079,0.09021323026716839,0.13417140783909484,0.13418491902450033,0.10936718948299837,0.008024047874553908
2015-07-16,177.45811462402344,2.3519999980926514,12.109999656677246,18.485375199806487,0.008024047874553908,-0.0003318560396369241,0.029726839417749673,0.0830074643069209,0.1341812853907858,0.13687972795557243,0.11050397030132622,0.0008479010343600546
2015-07-17,177.60858154296875,2.3489999771118164,11.949999809265137,18.304483960782022,0.0008479010343600546,0.008024047874553908,0.036115314706609336,0.07590795384570667,0.13327880191772895,0.131998621527921,0.1100950644931296,0.0005176225343554997
2015-07-20,177.7005157470703,2.371999979019165,12.25,18.07036838718714,0.0005176225343554997,0.0008479010343600546,0.024098582992656548,0.05522627144428898,0.1305440027412038,0.1308528875334688,0.10999551879838576,-0.003950958720587261
2015-07-21,176.99842834472656,2.3399999141693115,12.220000267028809,18.17177057882739,-0.003950958720587261,0.0005176225343554997,0.013443388776151366,0.06913918797267365,0.1330532764857293,0.13052111944071065,0.11023392953870767,-0.0017946047029040457
2015-07-22,176.6807861328125,2.322000026702881,12.119999885559082,18.300408499033598,-0.0017946047029040457,-0.003950958720587261,0.00507921698264191,0.07167614342964852,0.08811440235324985,0.13064315769321966,0.10994897284586719,-0.005630043202528134
2015-07-23,175.68606567382812,2.2769999504089355,12.640000343322754,18.320960967149894,-0.005630043202528134,-0.0017946047029040457,0.003608550652018927,0.04452975176437239,0.09891145117226618,0.1295846045098685,0.11039436289746707,-0.01037210948081091
2015-07-24,173.86383056640625,2.2709999084472656,13.739999771118164,18.5841167612965,-0.01037210948081091,-0.005630043202528134,-0.009985730739615395,0.06556444687839275,0.1008864210909391,0.1343583330742471,0.11212314587535638,-0.005817361953390887
2015-07-27,172.85240173339844,2.2279999256134033,15.600000381469727,18.70104435920612,-0.005817361953390887,-0.01037210948081091,-0.02108429077035634,0.050189382924620794,0.0846929204983919,0.13571370598089028,0.11085830729869105,0.012282955900196457
2015-07-28,174.9755401611328,2.25,13.4399995803833,18.632114409384,0.012282955900196457,-0.005817361953390887,-0.02728249827126239,0.13782791778868173,0.10641439983717485,0.12026594401276663,0.11149959601291755,0.006879274856793627
2015-07-29,176.1792449951172,2.2790000438690186,12.5,18.476978852836105,0.006879274856793627,0.012282955900196457,-0.011428848281375248,0.15265610080863798,0.11292377805413273,0.12204530694083128,0.11224383469952787,0.0002371366982205636
2015-07-30,176.2210235595703,2.2679998874664307,12.130000114440918,18.329709548127422,0.0002371366982205636,0.006879274856793627,-0.002838685228162219,0.1458411458887467,0.10403754890823376,0.11938642288335341,0.10964865973568727,-0.001517730684370333
2015-07-31,175.9535675048828,2.2049999237060547,12.119999885559082,18.452827466482297,-0.001517730684370333,0.0002371366982205636,0.0030449647995156592,0.11372384956368047,0.10374210533369349,0.11952159628113322,0.1093347858345851,-0.0033730822727338072
2015-08-03,175.3600616455078,2.1500000953674316,12.5600004196167,18.55140809266773,-0.0033730822727338072,-0.001517730684370333,0.012019388573625056,0.10343835347474059,0.10407404978045279,0.11974876273894425,0.10931478408482931,-0.001954422563021474
2015-08-04,175.017333984375,2.2109999656677246,13.0,18.220042060200058,-0.001954422563021474,-0.0033730822727338072,0.014507521370614729,0.06392663878472818,0.10313145880719374,0.11827061662926573,0.10598266136937746,0.0032959207444576144
2015-08-05,175.59417724609375,2.2679998874664307,12.510000228881836,18.267375718125617,0.0032959207444576144,-0.001954422563021474,0.00023885523201538916,0.04064787055691347,0.10532243926637347,0.09971895199918863,0.10574470041612558,-0.008187793606737714
2015-08-06,174.1564483642578,2.2339999675750732,13.770000457763672,18.569366239686953,-0.008187793606737714,0.0032959207444576144,-0.003320866479134099,0.0653810416197405,0.10944673379915013,0.1052754405015193,0.10691490625923611,-0.0019200917648783955
2015-08-07,173.82205200195312,2.174999952316284,13.390000343322754,18.584991076429255,-0.0019200917648783955,-0.008187793606737714,-0.011715827962005765,0.06512124712518948,0.09629714333137925,0.096014495058364,0.10698406816363873,0.01259945703861498
2015-08-10,176.01211547851562,2.23799991607666,12.229999542236328,18.200915243095665,0.01259945703861498,-0.0019200917648783955,-0.012114079487877016,0.12327488331451575,0.1087590107685723,0.09849670462537423,0.1079814490643975,-0.009023392020722776
2015-08-11,174.42388916015625,2.13700008392334,13.710000038146973,18.65243829600449,-0.009023392020722776,0.01259945703861498,0.003718371371960183,0.14191124652260453,0.10392925881948614,0.10240829523280563,0.10951373984523068,0.0011980533011684003
2015-08-12,174.6328582763672,2.130000114440918,13.609999656677246,18.963723968143658,0.0011980533011684003,-0.009023392020722776,-0.0033907774202053265,0.1389903945692193,0.09660072726162762,0.10257743011603812,0.10933771462892074,-0.0012445893261523455
2015-08-13,174.41551208496094,2.188999891281128,13.489999771118164,18.3084444329872,-0.0012445893261523455,0.0011980533011684003,-0.005474663139765079,0.12457214723814346,0.09641374091351582,0.09766060949047059,0.10935750198319298,0.0036423619449550415
2015-08-14,175.05079650878906,2.196000099182129,12.829999923706055,18.103041070149246,0.0036423619449550415,-0.0012445893261523455,0.0014875344733793483,0.12452432166073236,0.09909935294672967,0.09880071205441017,0.10964132955954928,0.005586844429660731
2015-08-17,176.02877807617188,2.1500000953674316,13.020000457763672,18.185876988409333,0.005586844429660731,0.0036423619449550415,0.007068979411324339,0.09010810837760821,0.10198299975891484,0.10124223880465477,0.11009841489913551,-0.0028967889140829595
2015-08-18,175.51885986328125,2.196000099182129,13.789999961853027,18.087899501224783,-0.0028967889140829595,0.005586844429660731,9.466733361485069e-05,0.05496391633068648,0.10269917054274573,0.10082749895168008,0.11014798750782853,-0.007905376810732445
2015-08-19,174.13131713867188,2.128999948501587,15.25,18.968489970790447,-0.007905376810732445,-0.0028967889140829595,0.0062776418321897065,0.08523860060281847,0.10877874864187873,0.10422411920171996,0.10912567244802986,-0.020881152694518956
2015-08-20,170.49525451660156,2.0840001106262207,19.139999389648438,19.085057501568123,-0.020881152694518956,-0.007905376810732445,-0.002871974625196727,0.16847765373422882,0.1453745849987461,0.1256400221247387,0.1153177399847962,-0.030102356658033513
2015-08-21,165.36294555664062,2.053999900817871,28.030000686645508,19.663648758123006,-0.030102356658033513,-0.020881152694518956,-0.022476541917038628,0.2262621261115884,0.20221078224855665,0.15921751202733278,0.13021885700224534,-0.042107177611687696
2015-08-24,158.3999786376953,1.996999979019165,40.7400016784668,20.044503301515906,-0.042107177611687696,-0.030102356658033513,-0.055343084095375805,0.2544048032871953,0.25037785200069024,0.21255686334143487,0.15473797444949194,-0.0117674756747993
2015-08-25,156.5360107421875,2.132999897003174,36.02000045776367,19.72856238345771,-0.0117674756747993,-0.042107177611687696,-0.10014725791511292,0.22068336962131002,0.25034251983902445,0.20471573364277137,0.15590632842489155,0.038393588922776445
2015-08-26,162.54598999023438,2.171999931335449,30.31999969482422,19.64226849316492,0.038393588922776445,-0.0117674756747993,-0.10815275997052543,0.49212395792472924,0.3495855037127654,0.2544553030478552,0.17643214258194187,0.02473514951353728
2015-08-27,166.56658935546875,2.1679999828338623,26.100000381469727,19.42916371262176,0.02473514951353728,0.038393588922776445,-0.0665321283891247,0.550859431546859,0.38404113153095115,0.27385319508807154,0.1841519097696874,4.992621912491835e-05
2015-08-28,166.5749053955078,2.186000108718872,26.049999237060547,18.893271031162055,4.992621912491835e-05,0.02473514951353728,-0.02304266574616165,0.5007440296147466,0.38237274047108893,0.27399729234211945,0.18348243666115557,-0.008078941411804541
2015-08-31,165.22915649414062,2.200000047683716,28.43000030517578,18.91109221559898,-0.008078941411804541,4.992621912491835e-05,0.007329089565909275,0.34725860836053674,0.3782205675913648,0.2746832841772468,0.1840899496032923,-0.029847555395237202
2015-09-01,160.29747009277344,2.171999931335449,31.399999618530273,19.36068956884886,-0.029847555395237202,-0.008078941411804541,0.04311350238288569,0.4285021382399376,0.3957101888492531,0.2908734739186074,0.19318944384397918,0.018980976663584004
2015-09-02,163.34007263183594,2.193000078201294,26.09000015258789,18.892366089570093,0.018980976663584004,-0.029847555395237202,0.024029354860594987,0.34792283911242067,0.419614627836153,0.3013895219983913,0.19757790092989239,0.0007162304623549165
2015-09-03,163.45706176757812,2.1679999828338623,25.610000610351562,18.839968550199742,0.0007162304623549165,0.018980976663584004,0.0048852798008076626,0.28071868566646946,0.4121995035570041,0.30118586836642186,0.1957735580780298,-0.015136680917545275
2015-09-04,160.9828643798828,2.128000020980835,27.799999237060547,19.14862058386692,-0.015136680917545275,0.0007162304623549165,-0.018668375212117727,0.2887456722207452,0.3919122514010559,0.3041997848071037,0.1976460098419223,0.025130962307442717
2015-09-08,165.0285186767578,2.194000005722046,24.899999618530273,18.5693222848746,0.025130962307442717,-0.015136680917545275,-0.03357072905037839,0.364798343335276,0.34356376952306134,0.3161000334449728,0.20452466574250192,-0.013371971156811102
2015-09-09,162.82176208496094,2.180999994277954,26.229999542236328,18.82178770913664,-0.013371971156811102,0.025130962307442717,-0.0012143003186603218,0.29131118167366643,0.34575455532394145,0.3175674622946343,0.20601579272861192,0.005442105086579607
2015-09-10,163.70785522460938,2.2219998836517334,24.3700008392334,18.881965858410407,0.005442105086579607,-0.013371971156811102,0.015747547298947007,0.2594009566100829,0.28936567171067773,0.31871032674783123,0.20601450346545938,0.004544235222753601
2015-09-11,164.4517822265625,2.183000087738037,23.200000762939453,18.60042565905437,0.004544235222753601,0.005442105086579607,0.0022516372550072106,0.2609686191851678,0.2588681416413474,0.319801721102861,0.2062615992456998,-0.0037105038713944882
2015-09-14,163.84158325195312,2.180000066757202,24.25,18.190663636281197,-0.0037105038713944882,0.004544235222753601,0.006085515353253967,0.22580870842190817,0.25906541513453374,0.31891816844142895,0.20496276263420107,0.01249925262085605
2015-09-15,165.8894805908203,2.2809998989105225,22.540000915527344,18.55000756850588,0.01249925262085605,-0.0037105038713944882,0.01775790785610809,0.15739728902913427,0.2650336972010362,0.32234413495509195,0.2067526755780313,0.008666971493873188
2015-09-16,167.32723999023438,2.302999973297119,21.350000381469727,18.416487976574675,0.008666971493873188,0.01249925262085605,0.00521704927709421,0.09550096345881766,0.20522293318065907,0.3248852147428874,0.20732195489225388,-0.0022482303871672604
2015-09-17,166.9510498046875,2.2170000076293945,21.139999389648438,19.436080253631744,-0.0022482303871672604,0.008666971493873188,0.027671226791676995,0.11020900233444643,0.19002852527454359,0.3241845148526265,0.20731481678191419,-0.016341288021976208
2015-09-18,164.2228546142578,2.130000114440918,22.280000686645508,19.22562642629256,-0.016341288021976208,-0.0022482303871672604,0.019810867203827298,0.1804657671563,0.2119225959745383,0.32104520883019994,0.20932775520224575,0.00516756826870024
2015-09-21,165.0714874267578,2.2139999866485596,20.139999389648438,18.4763633009178,0.00516756826870024,-0.016341288021976208,-0.0013920652558772062,0.18067480154069554,0.19356319475811376,0.3035628230622201,0.20967225054061764,-0.01297969842278579
2015-09-22,162.9289093017578,2.125,22.440000534057617,18.851754474254268,-0.01297969842278579,0.00516756826870024,0.007506666808226425,0.17380252037802255,0.16104378326285262,0.26502854368887885,0.2111136904370734,-0.0015986575397399783
2015-09-23,162.66844177246094,2.1440000534057617,22.1299991607666,18.34585591029944,-0.0015986575397399783,-0.01297969842278579,-0.017846648735762694,0.14042903264713003,0.14637249310524703,0.260677680066593,0.20703507732413676,-0.0036156369238279362
2015-09-24,162.08029174804688,2.119999885559082,23.469999313354492,18.886794323004338,-0.0036156369238279362,-0.0015986575397399783,-0.027842437477874737,0.13869770518278587,0.14388762333892535,0.22291318810900115,0.20702291035618248,-0.00025908262532792214
2015-09-25,162.03829956054688,2.1679999828338623,23.6200008392334,18.859289167236447,-0.00025908262532792214,-0.0036156369238279362,-0.02917476746830172,0.10517117622556331,0.14072692680034415,0.2028031566489988,0.20619163287934641,-0.02509750604133476
2015-09-28,157.97154235839844,2.0950000286102295,27.6299991607666,19.000188236448963,-0.02509750604133476,-0.00025908262532792214,-0.013302381442840128,0.16549172738035683,0.1845200592836268,0.21953841555212172,0.21199818178868413,0.0005848646306423344
2015-09-29,158.06393432617188,2.053999900817871,26.829999923706055,18.884701517807745,0.0005848646306423344,-0.02509750604133476,-0.04301133514356692,0.1713583593929819,0.16400081874416172,0.21880085854041817,0.21201849888132876,0.018658584452872162
2015-09-30,161.01318359375,2.059999942779541,24.5,18.912029933335482,0.018658584452872162,0.0005848646306423344,-0.02985949514076469,0.24753287962260156,0.19217594612491293,0.20456701241877193,0.21542168131363248,0.0026090392867432755
2015-10-01,161.4332733154297,2.0420000553131104,22.549999237060547,18.691310760465875,0.0026090392867432755,0.018658584452872162,-0.010175656449861958,0.2488285580566216,0.194784144142728,0.19264674327335027,0.21308114853918694,0.01493795990828084
2015-10-02,163.84475708007812,1.9889999628067017,20.940000534057617,19.16738433586773,0.01493795990828084,0.0026090392867432755,-0.0039919624134374665,0.2727661770780827,0.19932450167569604,0.20031584830622745,0.21547067268314857,0.017794636296498467
2015-10-05,166.76031494140625,2.055999994277954,19.540000915527344,18.65433526893019,0.017794636296498467,0.01493795990828084,0.011148336686020555,0.13728865139957436,0.21797912450787824,0.2009940771477376,0.2170938278987953,-0.0034260839520957598
2015-10-06,166.18898010253906,2.0350000858306885,19.399999618530273,18.51848327889403,-0.0034260839520957598,0.017794636296498467,0.0556351634718375,0.15773602153585045,0.20562203980645827,0.18174510705637495,0.21581326313576385,0.008190620070347432
2015-10-07,167.5501708984375,2.062000036239624,18.399999618530273,18.638267291682784,0.008190620070347432,-0.0034260839520957598,0.05140354003589964,0.13832748693345887,0.20661634771776954,0.17608242262729784,0.21634894435131233,0.009026764371387719
2015-10-08,169.06260681152344,2.1080000400543213,17.420000076293945,18.846309205137015,0.009026764371387719,0.008190620070347432,0.04059908113599486,0.12974531522423516,0.20495760121929874,0.17760245708891914,0.21727213649600394,0.0005964969949061594
2015-10-09,169.1634521484375,2.0989999771118164,17.079999923706055,18.488985921698838,0.0005964969949061594,0.009026764371387719,0.047259981411555296,0.13046341036112466,0.20446890571789453,0.1773077331574228,0.21654756410107354,0.000943507191220494
2015-10-12,169.32305908203125,2.0899999141693115,16.170000076293945,17.847901716972505,0.000943507191220494,0.0005964969949061594,0.03246179592893461,0.08494827890064513,0.12608955737973923,0.1762698134437102,0.2165505824950226,-0.006302202193145479
2015-10-13,168.25595092773438,2.055000066757202,17.670000076293945,18.29328705985671,-0.006302202193145479,0.000943507191220494,0.015367829819255663,0.09992941715878297,0.13987420235579154,0.17361416493049497,0.21683707974455138,-0.004794219041533432
2015-10-14,167.4492950439453,1.9809999465942383,18.030000686645508,18.411702570501024,-0.004794219041533432,-0.006302202193145479,0.012437472231431768,0.09570059730275553,0.13114216259540196,0.17205695441504407,0.21689600070754786,0.01535489887558339
2015-10-15,170.0204620361328,2.0230000019073486,16.049999237060547,18.71441099673146,0.01535489887558339,-0.004794219041533432,-0.0006020635726676771,0.1358631476709529,0.1425818533556638,0.18004172947487151,0.2194039204850093,0.0045468411332110215
2015-10-16,170.79351806640625,2.0230000019073486,15.050000190734863,18.556784708424505,0.0045468411332110215,0.01535489887558339,0.005665683516149933,0.13771335873948326,0.13191959033024964,0.16828324984285842,0.21938799917815988,0.000491462437117729
2015-10-19,170.87745666503906,2.0280001163482666,14.979999542236328,18.153113681372794,0.000491462437117729,0.0045468411332110215,0.00963604074796498,0.13795862501527834,0.10848084272653792,0.16794034418229403,0.2184013754489757,-0.0012781033385794727
2015-10-20,170.6590576171875,2.071000099182129,15.75,18.177952929248843,-0.0012781033385794727,0.000491462437117729,0.00918007028360357,0.12303736539816403,0.10571662503122373,0.1592069681664463,0.21810021273482633,-0.006203779007595611
2015-10-21,169.60032653808594,2.0299999713897705,16.700000762939453,18.44085586068927,-0.006203779007595611,-0.0012781033385794727,0.014282446928045145,0.12883515375852653,0.10933182435540015,0.16155076258689363,0.2168973362597672,0.016893678204094265
2015-10-22,172.4654998779297,2.0250000953674316,14.449999809265137,18.97979183883739,0.016893678204094265,-0.006203779007595611,0.012845867721187565,0.1385433998756338,0.13017019049946343,0.16813223601215468,0.21929606595452816,0.010961895030558555
2015-10-23,174.35604858398438,2.0829999446868896,14.460000038146973,18.78839068473681,0.010961895030558555,0.016893678204094265,0.014380844590795583,0.15035818547312063,0.13719582328944652,0.1698122710378621,0.22049825447167773,-0.002457861911305481
2015-10-26,173.92750549316406,2.058000087738037,15.289999961853027,18.050095223586645,-0.002457861911305481,0.010961895030558555,0.020858698608181347,0.1562501665302881,0.1397055809885205,0.13410984365893927,0.22053281213966355,-0.0019321818556508052
2015-10-27,173.59144592285156,2.0280001163482666,15.430000305175781,18.171010975334152,-0.0019321818556508052,-0.002457861911305481,0.017849334181651688,0.15759540830410917,0.13338164613089104,0.13546395401700384,0.22046116967460158,0.011374423163420522
2015-10-28,175.56594848632812,2.0920000076293945,14.329999923706055,18.727479186220695,0.011374423163420522,-0.0019321818556508052,0.01718272880799465,0.1379226540351819,0.13106504638821784,0.12778041071970717,0.22166453830534324,-0.0005742276347158182
2015-10-29,175.4651336669922,2.1730000972747803,14.609999656677246,18.32114214798343,-0.0005742276347158182,0.011374423163420522,0.03517458999055956,0.11204951188644001,0.11888959351599793,0.12885613217480027,0.22157169203126134,-0.00430983392616735
2015-10-30,174.7089080810547,2.1510000228881836,15.069999694824219,18.691294739464755,-0.00430983392616735,-0.0005742276347158182,0.01739265993016348,0.09950861943469695,0.12423615380335098,0.1256705878466353,0.22109537172755758,0.011831290591047594
2015-11-02,176.77593994140625,2.187000036239624,14.149999618530273,18.273001755813183,0.011831290591047594,-0.00430983392616735,0.0020237869574128986,0.12251987035893512,0.13239656042678027,0.1180660949272768,0.22233847104431603,0.0028992192444352582
2015-11-03,177.2884521484375,2.2200000286102295,14.539999961853027,18.371974636750046,0.0028992192444352582,0.011831290591047594,0.016377136210661947,0.11408728961620589,0.12987339577996307,0.1156479869871903,0.22094536799803804,-0.003033279925527488
2015-11-04,176.7506866455078,2.2300000190734863,15.510000228881836,18.382194571358102,-0.003033279925527488,0.0028992192444352582,0.0212971682212324,0.10263524602868707,0.12383735971523019,0.11616643278630594,0.22021530817822407,-0.0009984000563558748
2015-11-05,176.57421875,2.244999885559082,15.050000190734863,18.17744546130543,-0.0009984000563558748,-0.003033279925527488,0.006748109011992964,0.1031822599351303,0.1031969520200249,0.11436333044657271,0.22022372897743442,-0.0005233336282990386
2015-11-06,176.4818115234375,2.3329999446868896,14.329999923706055,18.520268136155444,-0.0005233336282990386,-0.0009984000563558748,0.006320828872548034,0.09329168582870771,0.09193262647667264,0.11464038699598088,0.22020737342704944,-0.009331732767809409
2015-11-09,174.83493041992188,2.3420000076293945,16.520000457763672,18.690774298807053,-0.009331732767809409,-0.0005233336282990386,0.01014775641297172,0.07179290104571542,0.10517116041919465,0.12165557216506431,0.2209679952028409,0.0023067761844974832
2015-11-10,175.2382354736328,2.322000026702881,15.289999961853027,18.144592548681015,0.0023067761844974832,-0.009331732767809409,-0.010980054876968737,0.06922030815371945,0.10453176135468183,0.11799288814542754,0.22072064234127375,-0.003931154339364196
2015-11-11,174.54934692382812,2.3380000591278076,16.059999465942383,18.032751003672523,-0.003931154339364196,0.0023067761844974832,-0.011564299027711722,0.07009444035532424,0.0889237534462086,0.11736592445628909,0.22078920010445638,-0.01396033626633042
2015-11-12,172.11257934570312,2.319000005722046,18.3700008392334,18.6139026834576,-0.01396033626633042,-0.003931154339364196,-0.012454490352813763,0.10457457949931237,0.11148446613446777,0.119578467792016,0.22206059501691125,-0.011228087595537728
2015-11-13,170.18008422851562,2.2799999713897705,20.079999923706055,18.849713285532765,-0.011228087595537728,-0.01396033626633042,-0.02526778504745264,0.1027351397779412,0.12069204670160194,0.12569439025369777,0.21906272534777815,0.015206866864127644
2015-11-16,172.7679901123047,2.2730000019073486,18.15999984741211,18.583183881825452,0.015206866864127644,-0.011228087595537728,-0.035707517055291405,0.1854746861553711,0.13259376413090462,0.1370327870481238,0.21197948279032097,-0.0007293427445455025
2015-11-17,172.64198303222656,2.260999917984009,18.84000015258789,18.612322903659493,-0.0007293427445455025,0.015206866864127644,-0.011822238854974687,0.1819203546405249,0.12986409570894547,0.13694761775184952,0.19223323208314586,0.01586598864353972
2015-11-18,175.38111877441406,2.2690000534057617,16.850000381469727,18.614127691770875,0.01586598864353972,-0.0007293427445455025,-0.01481555914089816,0.22438102888934033,0.15946978099259518,0.14457188054902817,0.19242418023625105,-0.0008622926997801095
2015-11-19,175.22988891601562,2.247999906539917,16.989999771118164,18.295349931609298,-0.0008622926997801095,0.01586598864353972,0.004765253295097693,0.18507396744470506,0.15946488479024534,0.13313541073228394,0.1768745228468427,0.0036441560707867193
2015-11-20,175.8684539794922,2.26200008392334,15.470000267028809,18.35892768381383,0.0036441560707867193,-0.0008622926997801095,0.018112037958893934,0.13235847509212512,0.16097300587171584,0.1281904101572698,0.17009756767400097,-0.0011465666121364126
2015-11-23,175.66680908203125,2.25,15.619999885559082,17.98883882115636,-0.0011465666121364126,0.0036441560707867193,0.033425590172691866,0.11538811713867059,0.1531719319517264,0.1278782778317238,0.17014265650662722,0.0013389793702496267
2015-11-24,175.9020233154297,2.243000030517578,15.930000305175781,18.409360925879508,0.0013389793702496267,-0.0011465666121364126,0.01677868086468015,0.11165021783460397,0.1529320841753357,0.12757025965345173,0.16910130599197568,-0.00014295733443558944
2015-11-25,175.8768768310547,2.2320001125335693,15.1899995803833,17.766371530230753,-0.00014295733443558944,0.0013389793702496267,0.018883241642298376,0.031297415055365894,0.15108554417487088,0.12116898088458782,0.15635984060297897,0.0011464249439996355
2015-11-27,176.07850646972656,2.2249999046325684,15.119999885559082,17.434981009377818,0.0011464249439996355,-0.00014295733443558944,0.002826747030153731,0.028658752753122883,0.1268544883788235,0.12119289724368827,0.15210361707241077,-0.004151659853679712
2015-11-30,175.3474884033203,2.2179999351501465,16.1299991607666,18.54132812678017,-0.004151659853679712,0.0011464249439996355,0.004842881308437352,0.035435337283691644,0.10949598214788238,0.12111607011568513,0.15250968622347125,0.009535596214721886
2015-12-01,177.01953125,2.1549999713897705,14.670000076293945,18.399032104022844,0.009535596214721886,-0.004151659853679712,-0.002962245726187085,0.07911498121825493,0.09449062818460843,0.11843907741309985,0.1495636229171381,-0.010204934820266076
2015-12-02,175.2130584716797,2.177999973297119,15.90999984741211,18.501719579940698,-0.010204934820266076,0.009535596214721886,0.007700499457111931,0.11522000279214603,0.11348164239490569,0.12335638093445993,0.14324432808112242,-0.014002727392353198
2015-12-03,172.7595977783203,2.3299999237060547,18.110000610351562,18.928848043503386,-0.014002727392353198,-0.010204934820266076,-0.0039167533764778995,0.14789680169422936,0.10646396172249337,0.13210837304581566,0.14352092146571394,0.019502872865003296
2015-12-04,176.12890625,2.2750000953674316,14.8100004196167,19.077754538524733,0.019502872865003296,-0.014002727392353198,-0.01772421201070562,0.22290131667988747,0.14998576672038394,0.15102407234698048,0.1481850015933513,-0.006058503737053411
2015-12-07,175.06182861328125,2.2249999046325684,15.84000015258789,18.440749032036024,-0.006058503737053411,0.019502872865003296,0.0002862347102092766,0.22560668481773422,0.15227585036648728,0.15250871761588236,0.1487740212280022,-0.0067196020658158995
2015-12-08,173.88548278808594,2.23799991607666,17.600000381469727,18.453848569516865,-0.0067196020658158995,-0.006058503737053411,-0.0016291068246270246,0.2101960056258559,0.15555669160672853,0.150742288502275,0.1493151874004957,-0.007779736303654694
2015-12-09,172.53269958496094,2.2079999446868896,19.610000610351562,18.905582228259977,-0.007779736303654694,-0.0067196020658158995,-0.017704534859986354,0.2059827344707267,0.15846553961547924,0.15273023677168873,0.1484464901588879,0.0025813862312920044
2015-12-10,172.9780731201172,2.239000082015991,19.34000015258789,18.570211347644914,0.0025813862312920044,-0.007779736303654694,-0.01529771188345519,0.18254690680745683,0.15988908469055402,0.15267149477527753,0.14757240081958317,-0.019381206780948013
2015-12-11,169.62554931640625,2.1389999389648438,24.389999389648438,19.168189686085544,-0.019381206780948013,0.0025813862312920044,0.0012646205745234784,0.12437921454908077,0.1816835086938908,0.160086172654608,0.1530580643089152,0.0050527230497148246
2015-12-14,170.4826202392578,2.2249999046325684,22.729999542236328,19.021631497444474,0.0050527230497148246,-0.019381206780948013,-0.03692384783428326,0.1538531822823851,0.18680064588270653,0.1562423786526165,0.1493515943806185,0.010497416526586312
2015-12-15,172.27224731445312,2.2679998874664307,20.950000762939453,18.852915012822663,0.010497416526586312,0.0050527230497148246,-0.02615766332556191,0.1882047798488076,0.1886249730778496,0.1510240495803768,0.1504330753090049,0.014632019708709532
2015-12-16,174.79293823242188,2.2869999408721924,17.860000610351562,19.09880058247106,0.014632019708709532,0.010497416526586312,-0.009277574227394614,0.20944412898254894,0.20154006430446175,0.15976652984778755,0.15030763168336386,-0.01523827980756387
2015-12-17,172.12939453125,2.23799991607666,18.940000534057617,18.969336697428705,-0.01523827980756387,0.014632019708709532,0.013100349399841837,0.24512113062572663,0.20399543482253205,0.1586676818478217,0.15395363549639676,-0.017814896133847347
2015-12-18,169.06292724609375,2.1989998817443848,20.700000762939453,19.34253000255318,-0.017814896133847347,-0.01523827980756387,-0.004906278429161692,0.2378196407516619,0.1879966213392313,0.16966162333516194,0.1584519724008797,0.00824922461855504
2015-12-21,170.4575653076172,2.197000026702881,18.700000762939453,18.41158249007848,0.00824922461855504,-0.017814896133847347,-0.003316847447686233,0.2435968925186048,0.19715585451286463,0.1723642126837046,0.15917778824900092,0.009073854542795079
2015-12-22,172.0042724609375,2.239000082015991,16.600000381469727,18.525276776467404,0.009073854542795079,0.00824922461855504,-0.0001469647264070728,0.23993822194592263,0.20372933929384865,0.17641659518072084,0.15051507168208508,0.012383707850416537
2015-12-23,174.1343231201172,2.2639999389648438,15.569999694824219,18.52492544632202,0.012383707850416537,0.009073854542795079,-0.0015555311879486,0.23155525927097,0.21002406035270182,0.18260176489668456,0.15215425541450314,-0.001650533597463144
2015-12-24,173.84690856933594,2.243000030517578,15.739999771118164,17.697890538204224,-0.001650533597463144,0.012383707850416537,-0.0037679732314409575,0.19488479554809446,0.21020822907677164,0.1826474315304843,0.1481021041545797,-0.0022849532323183652
2015-12-28,173.44967651367188,2.2249999046325684,16.90999984741211,18.00364749719543,-0.0022849532323183652,-0.001650533597463144,0.009978040315328673,0.10614991916977079,0.1801164998850367,0.1826389935695317,0.1482599396362646,0.010671671242112657
2015-12-29,175.30067443847656,2.306999921798706,16.079999923706055,18.344239138686063,0.010671671242112657,-0.0022849532323183652,0.025947434715788642,0.11184022407107257,0.1846805216185523,0.1864511540075872,0.14682727440285295,-0.007087606263826318
2015-12-30,174.05821228027344,2.302999973297119,17.290000915527344,17.963675484674233,-0.007087606263826318,0.010671671242112657,0.028412403533508268,0.13666490982988538,0.18539304609496415,0.1845646237981079,0.1436131982894528,-0.010003349674355677
2015-12-31,172.31704711914062,2.2690000534057617,18.209999084472656,18.55938039185771,-0.010003349674355677,-0.007087606263826318,0.011941213959103303,0.12567125817556285,0.17603098592785432,0.18442941322975603,0.14505627630119017,-0.013979316335738123
2016-01-04,169.90817260742188,2.244999885559082,20.700000762939453,19.21977902024339,-0.013979316335738123,-0.010003349674355677,-0.010436058603581655,0.15099972236487189,0.1733468115675976,0.18440715007032724,0.1472296713003676,0.001691048721421673
2016-01-05,170.19549560546875,2.247999906539917,19.34000015258789,18.523650613291085,0.001691048721421673,-0.013979316335738123,-0.022656347439984348,0.1572442248468893,0.14675341676489934,0.1686001940020867,0.14613069097858924,-0.012613937398937014
2016-01-06,168.0486602783203,2.177000045776367,20.59000015258789,18.840131600609222,-0.012613937398937014,0.001691048721421673,-0.018761527686946278,0.0988206926805833,0.15392471139590436,0.1724316139916956,0.14844895116882215,-0.023992037944883915
2016-01-07,164.01683044433594,2.1530001163482666,24.989999771118164,19.178848053095894,-0.023992037944883915,-0.012613937398937014,-0.041369003190580456,0.14620325945436857,0.17857247648403773,0.1888399154602563,0.15631148165265044,-0.010976176683111238
2016-01-08,162.216552734375,2.130000114440918,27.010000228881836,19.161747238172914,-0.010976176683111238,-0.023992037944883915,-0.05768979069926661,0.14562065518847028,0.1526724549429074,0.19028208689665937,0.15734478845155553,0.0009898387963380717
2016-01-11,162.3771209716797,2.1579999923706055,24.299999237060547,19.051640243317284,0.0009898387963380717,-0.010976176683111238,-0.058615758299189635,0.16945999445339943,0.15581677810124892,0.1897449732373767,0.15712644278916343,0.008068469744107798
2016-01-12,163.687255859375,2.1019999980926514,22.469999313354492,18.96492470846644,0.008068469744107798,0.0009898387963380717,-0.044324245974576626,0.19834694744814008,0.17197050884684043,0.18339602948493855,0.15468375577216587,-0.024940507529871203
2016-01-13,159.6048126220703,2.065999984741211,25.219999313354492,19.21443722550421,-0.024940507529871203,0.008068469744107798,-0.03823978844411102,0.23371814350210032,0.16981550868857603,0.19895547583843137,0.16212995184952197,0.016416661751049944
2016-01-14,162.22499084472656,2.0980000495910645,23.950000762939453,19.299459002959647,0.016416661751049944,-0.024940507529871203,-0.05024644434692538,0.25796518060689344,0.2136598045960598,0.20537285637660482,0.16602617817948623,-0.021466241555697763
2016-01-15,158.7426300048828,2.0329999923706055,27.020000457763672,19.598863016269924,-0.021466241555697763,0.016416661751049944,-0.010924730070414834,0.2895506903248635,0.22568133809184585,0.20442511052903464,0.1713384546636992,0.001331301040615962
2016-01-19,158.95396423339844,2.0350000858306885,26.049999237060547,19.089762670216565,0.001331301040615962,-0.021466241555697763,-0.021415340610650535,0.28994513374191405,0.2275554243617913,0.20156423584108754,0.17108454077662183,-0.012814663277786464
2016-01-20,156.91702270507812,1.9839999675750732,27.59000015258789,19.47341592487918,-0.012814663277786464,0.001331301040615962,-0.02108152132392027,0.27199589716157396,0.22447775514032467,0.19772984281418002,0.16861190038644366,0.005601186497407484
2016-01-21,157.7959442138672,2.0190000534057617,26.690000534057617,19.09246587705229,0.005601186497407484,-0.012814663277786464,-0.04136078351825534,0.23861541186763685,0.23247511765121978,0.19583115957667235,0.16726979365814326,0.020515572729386866
2016-01-22,161.03321838378906,2.0480000972747803,22.34000015258789,18.94137511702602,0.020515572729386866,0.005601186497407484,-0.01133342020510597,0.25959940787397495,0.24405822418578646,0.2095239756773047,0.17328850325290582,-0.015116540308579007
2016-01-25,158.5989532470703,2.0220000743865967,24.149999618530273,18.68590016703409,-0.015116540308579007,0.020515572729386866,-0.007346417187215071,0.2309608708748005,0.24928060967285198,0.20507586292254681,0.1756095374675817,0.013643333168814387
2016-01-26,160.7627716064453,1.99399995803833,22.5,18.764531414287866,0.013643333168814387,-0.015116540308579007,-0.0009050924619812273,0.2513921942934328,0.2615233549390406,0.2149245170358141,0.17637680181924106,-0.010883326852224706
2016-01-27,159.0131378173828,2.000999927520752,23.110000610351562,19.039544480810513,-0.010883326852224706,0.013643333168814387,0.011379441725598793,0.24431924712254904,0.2606772744924479,0.2162743310282437,0.17743132700476957,0.005209150486729541
2016-01-28,159.84146118164062,1.9850000143051147,22.420000076293945,18.783925665247057,0.005209150486729541,-0.010883326852224706,0.013358111670550121,0.24404692762058428,0.23114813696565378,0.2121056392175668,0.17787721779887583,0.024377468289902948
2016-01-29,163.7379913330078,1.930999994277954,20.200000762939453,19.165135398549328,0.024377468289902948,0.005209150486729541,0.012963051604172104,0.2626641301573672,0.24947246797472572,0.2352034922120466,0.18363425318577434,-0.00036148509146582963
2016-02-01,163.67880249023438,1.965999960899353,19.979999542236328,18.728618289679517,-0.00036148509146582963,0.024377468289902948,0.01679636646628091,0.213201258018723,0.21647590951760187,0.23385320385568742,0.18344407384383776,-0.018022059403437374
2016-02-02,160.72897338867188,1.8639999628067017,21.979999542236328,19.02261628968614,-0.018022059403437374,-0.00036148509146582963,0.032029525663076264,0.2589963614862879,0.24139561878302151,0.23691356245493475,0.1866059384714514,0.00599466427886397
2016-02-03,161.69248962402344,1.88100004196167,21.649999618530273,19.13878831100415,0.00599466427886397,-0.018022059403437374,-0.00021023659542385165,0.24115476146457834,0.2289317777350719,0.23845110525876417,0.1872378004577236,0.0015683215467789946
2016-02-04,161.94607543945312,1.8639999628067017,21.84000015258789,18.75380309740352,0.0015683215467789946,0.00599466427886397,0.016849876956190224,0.2408566120214228,0.22859088619183526,0.23573350281028346,0.18732857449118995,-0.019049969199018024
2016-02-05,158.8610076904297,1.8480000495910645,23.3799991607666,19.012837296970364,-0.019049969199018024,0.0015683215467789946,0.013166885752006863,0.1857677900140486,0.22850087640522138,0.230133164095822,0.19013205598707508,-0.013461190275969481
2016-02-08,156.72254943847656,1.7350000143051147,26.0,19.0705377876748,-0.013461190275969481,-0.019049969199018024,-0.02978529052954726,0.18410443676304822,0.22582644283706851,0.23165494832679645,0.19151584526256538,5.403579740148601e-05
2016-02-09,156.73101806640625,1.7289999723434448,26.540000915527344,19.03323102705398,5.403579740148601e-05,-0.013461190275969481,-0.04249941315505923,0.16996844957743878,0.2107906293343187,0.23153890416335518,0.19149949124606697,-0.0008627736254133156
2016-02-10,156.59579467773438,1.7050000429153442,26.290000915527344,18.81416841474798,-0.0008627736254133156,5.403579740148601e-05,-0.02487389322519873,0.14757303770179886,0.2055112251897335,0.22871143406431232,0.18979778489510687,-0.013008028521255044
2016-02-11,154.5587921142578,1.6440000534057617,28.139999389648438,19.204851205956942,-0.013008028521255044,-0.0008627736254133156,-0.03152091329745854,0.13395059209382038,0.20928204024359737,0.2165123571731448,0.1902219067976693,0.020616901788054642
2016-02-12,157.7453155517578,1.7480000257492065,25.399999618530273,18.664664822973418,0.020616901788054642,-0.013008028521255044,-0.04561569834371937,0.21986944940923228,0.1957843806186613,0.2215806239688107,0.19256405133783458,0.016878221187334397
2016-02-16,160.40777587890625,1.777999997138977,24.110000610351562,18.60508929645498,0.016878221187334397,0.020616901788054642,-0.007023071015928695,0.2199284276938076,0.22135720185828042,0.21706847003905214,0.19618944722082002,0.016334483838453373
2016-02-17,163.0279541015625,1.819000005722046,22.309999465942383,18.728235301554328,0.016334483838453373,0.016878221187334397,0.023514334431347317,0.22830587882359923,0.21859149553805493,0.2241467941181314,0.19636526285692915,-0.004095673985885728
2016-02-18,162.36024475097656,1.7589999437332153,21.639999389648438,18.443840484733837,-0.004095673985885728,0.016334483838453373,0.040176706007793994,0.23718598509230254,0.21865928261727685,0.2189089750476211,0.19645742624459764,-0.00046858960075057965
2016-02-19,162.28416442871094,1.7480000257492065,20.530000686645508,18.55864107309223,-0.00046858960075057965,-0.004095673985885728,0.03681101453014812,0.17895395188590996,0.2186190379754215,0.21856985451909045,0.1962053605464248,0.014479211279630366
2016-02-22,164.6339111328125,1.7660000324249268,19.3799991607666,18.456436817938027,0.014479211279630366,-0.00046858960075057965,0.0499833895488917,0.15999671244007396,0.1995090527556057,0.2125699305858631,0.19884082746048157,-0.01262956177183483
2016-02-23,162.55465698242188,1.7450000047683716,20.979999542236328,18.529134180595037,-0.01262956177183483,0.014479211279630366,0.04366909760178883,0.19697550686607335,0.197546342814588,0.21020959129630737,0.2001941271354516,0.004575628201977544
2016-02-24,163.29844665527344,1.7419999837875366,20.719999313354492,18.831545918753278,0.004575628201977544,-0.01262956177183483,0.013383896707952259,0.1600082692886833,0.1964917899393149,0.20556963516972407,0.20053743846054262,0.01211174398778847
2016-02-25,165.27627563476562,1.6970000267028809,19.110000610351562,18.52259001992793,0.01211174398778847,0.004575628201977544,0.0016591789745605823,0.17238831792234696,0.19795393591737753,0.20434505795536653,0.202326640390012,-0.0023011488849329353
2016-02-26,164.8959503173828,1.7619999647140503,19.809999465942383,18.681764966438646,-0.0023011488849329353,0.01211174398778847,0.01796025183542671,0.17558358908932284,0.17603922911674147,0.20452546895168675,0.20223805612189802,-0.007842599458239508
2016-02-29,163.6027374267578,1.7400000095367432,20.549999237060547,18.651142261515837,-0.007842599458239508,-0.0023011488849329353,0.01609390477417283,0.15604941415909673,0.17024012573971545,0.1883478300039036,0.20152655353392626,0.02350672256861186
2016-03-01,167.44850158691406,1.8339999914169312,17.700000762939453,18.76992606345641,0.02350672256861186,-0.007842599458239508,-0.006263434422224434,0.19545537533968307,0.18702692094044338,0.2059320220055835,0.20688784088116868,0.004492475559064957
2016-03-02,168.2007598876953,1.8480000495910645,17.09000015258789,18.444543753981087,0.004492475559064957,0.02350672256861186,0.03010584067746147,0.19549470889633677,0.17486192477290052,0.19314178285611347,0.2052634060480814,0.00391945899581847
2016-03-03,168.86001586914062,1.8300000429153442,16.700000762939453,18.37119845081693,0.00391945899581847,0.004492475559064957,0.030020574799286104,0.18784359949636387,0.1700842918282322,0.192761731689224,0.20126704256417974,0.0032538104046389016
2016-03-04,169.40945434570312,1.8830000162124634,16.860000610351562,18.677596352958272,0.0032538104046389016,0.00391945899581847,0.02168333126222244,0.1793924417567125,0.1683734319511421,0.19277658074584533,0.20109764165738586,0.0007985647811135088
2016-03-07,169.54473876953125,1.9019999504089355,17.350000381469727,18.422868359375926,0.0007985647811135088,0.0032538104046389016,0.027371830658260432,0.14647458734711105,0.15909409304394956,0.17570593213013688,0.20068919928303183,-0.010918270111717088
2016-03-08,167.693603515625,1.8320000171661377,18.670000076293945,18.635589691791058,-0.010918270111717088,0.0007985647811135088,0.03631969388919032,0.10211025239785984,0.1545574744987784,0.17269120185053755,0.2012881512986589,0.004939686812554855
2016-03-09,168.52195739746094,1.8919999599456787,18.34000015258789,18.367292635921373,0.004939686812554855,-0.010918270111717088,0.0014637451299241988,0.10330684821824025,0.15466163414848647,0.17228923245435215,0.20149500598232298,0.0008026797642757266
2016-03-10,168.6572265625,1.9290000200271606,18.049999237060547,18.870728453028168,0.0008026797642757266,0.004939686812554855,0.0019096079588467596,0.09889001311157566,0.1466178473745483,0.1718063976814422,0.1975624227654887,0.016136982137170408
2016-03-11,171.37884521484375,1.9769999980926514,16.5,18.742506970899385,0.016136982137170408,0.0008026797642757266,-0.0012009314673864235,0.1542434282179775,0.15986105669561088,0.1650674173714915,0.2000679045627253,-0.0012821101824121994
2016-03-14,171.15911865234375,1.9630000591278076,16.920000076293945,18.114318627471963,-0.0012821101824121994,0.016136982137170408,0.011625035195035993,0.15625768769298493,0.14940814678087017,0.156048937199428,0.19892284854761275,-0.0016299244973114746
2016-03-15,170.88014221191406,1.9589999914169312,16.84000015258789,18.3499266903514,-0.0016299244973114746,-0.0012821101824121994,0.00952185183998533,0.11713721077824854,0.10762008248293307,0.14970268593313166,0.19658102534832084,0.00578722668614251
2016-03-16,171.8690643310547,1.937999963760376,14.989999771118164,18.677670599816164,0.00578722668614251,-0.0016299244973114746,0.019002148140922603,0.11781228696307275,0.10863390081667547,0.1419168076081302,0.19446876245246328,0.006344235432136358
2016-03-17,172.95944213867188,1.902999997138977,14.4399995803833,18.71542656677281,0.006344235432136358,0.00578722668614251,0.019861547926953937,0.11498187445282075,0.11038829437675265,0.14013125915132799,0.19126652866121777,0.003929397877560525
2016-03-18,173.63906860351562,1.871000051498413,14.020000457763672,18.745459166522195,0.003929397877560525,0.006344235432136358,0.025508634666049135,0.060917388498634116,0.11058254086933003,0.13947061194614788,0.19071838728238538,0.001419029298895147
2016-03-21,173.88546752929688,1.9229999780654907,13.789999961853027,18.104965398780276,0.001419029298895147,0.003929397877560525,0.013188462005555124,0.052414433160176715,0.11036031755280062,0.13330852038783444,0.18987117909027287,-0.0005373051972497045
2016-03-22,173.7920379638672,1.934999942779541,14.170000076293945,18.39507469956016,-0.0005373051972497045,0.001419029298895147,0.01592873869893463,0.04633180751997598,0.08404652040988916,0.12113518223311223,0.18818389551508483,-0.006599509115085778
2016-03-23,172.6450958251953,1.875,14.9399995803833,18.21060766316525,-0.006599509115085778,-0.0005373051972497045,0.01704057425433314,0.07833156905066581,0.09771260434700071,0.12606130086331216,0.18864612353317725,-0.0004431493868602976
2016-03-24,172.56858825683594,1.899999976158142,14.739999771118164,18.250614593935072,-0.0004431493868602976,-0.006599509115085778,0.004515248262746185,0.06173554044863633,0.09849310287807464,0.12158086960800366,0.18859051827364087,0.000591098333208917
2016-03-28,172.67059326171875,1.8700000047683716,15.239999771118164,17.94920725098603,0.000591098333208917,-0.0004431493868602976,-0.0022598007775866957,0.05032308220730676,0.06128544149544225,0.12059367815431399,0.18727756995685274,0.009250062300395712
2016-03-29,174.26780700683594,1.8140000104904175,13.819999694824219,18.347280685783787,0.009250062300395712,0.000591098333208917,-0.005577519791978847,0.09012507928916541,0.07313040643246806,0.1166626581795978,0.18769760810309555,0.004387602811182889
2016-03-30,175.0324249267578,1.8300000429153442,13.5600004196167,18.274096544311575,0.004387602811182889,0.009250062300395712,0.002198800641431742,0.09343937781833618,0.07142126572127121,0.08894480971998461,0.18670712487757718,-0.0024267441378964527
2016-03-31,174.607666015625,1.7860000133514404,13.949999809265137,18.3649999543584,-0.0024267441378964527,0.004387602811182889,0.007137190963538265,0.07336907977805505,0.07245052726642821,0.08999744237225228,0.1844128174110627,0.006811710265620663
2016-04-01,175.7970428466797,1.7920000553131104,13.100000381469727,18.555417044134142,0.006811710265620663,-0.0024267441378964527,0.011367656758792588,0.07452502667484824,0.07334171104399641,0.09143816393996748,0.18484963574529012,-0.0032379035390484034
2016-04-04,175.2278289794922,1.7790000438690186,14.119999885559082,17.96650323440117,-0.0032379035390484034,0.006811710265620663,0.01870824014066108,0.08833902597869357,0.07585465104178224,0.09317359893130531,0.18297467911546475,-0.009987868925177668
2016-04-05,173.47767639160156,1.7269999980926514,15.420000076293945,18.417297035662965,-0.009987868925177668,-0.0032379035390484034,0.014809908679107808,0.10584109611021923,0.09335450125659552,0.10201461188051704,0.17703679919354495,0.010921509331532464
2016-04-06,175.372314453125,1.7549999952316284,14.09000015258789,18.335556323721335,0.010921509331532464,-0.009987868925177668,-0.004534002170598184,0.13303925129821312,0.10871894453349457,0.09703412369269902,0.17639849303784044,-0.011966032088539302
2016-04-07,173.2738037109375,1.690999984741211,16.15999984741211,18.55047140751582,-0.011966032088539302,0.010921509331532464,0.0019418660657271047,0.16032076731567296,0.12168553083080746,0.10869464029042514,0.17850074600943872,0.002696537906343277
2016-04-08,173.7410430908203,1.7200000286102295,15.359999656677246,18.369814737211815,0.002696537906343277,-0.011966032088539302,-0.00763919669236135,0.14916712151583914,0.12210360125555111,0.10876133930246469,0.17794948399006552,-0.0023471203490020853
2016-04-11,173.333251953125,1.7239999771118164,16.260000228881836,18.243436288837923,-0.0023471203490020853,0.002696537906343277,-0.011695303416750291,0.14895371395681117,0.12306673272078332,0.09466402726225172,0.1696839803744403,0.009312942182308381
2016-04-12,174.94749450683594,1.781000018119812,14.850000381469727,18.5634867528002,0.009312942182308381,-0.0023471203490020853,-0.010812078409011883,0.14788087145441753,0.12319353878743113,0.09925329380641376,0.16761654337496,0.010100773992336443
2016-04-13,176.714599609375,1.7619999647140503,13.84000015258789,18.383356801192235,0.010100773992336443,0.009312942182308381,0.008472664297834331,0.14474639316518992,0.1314142342457932,0.1035921122112285,0.16167152173518154,4.7922627493202086e-05
2016-04-14,176.7230682373047,1.781000018119812,13.720000267028809,17.99316787542173,4.7922627493202086e-05,0.010100773992336443,0.00765391709880614,0.08804397761223752,0.1301953753273707,0.10258734940732997,0.16171015905747788,-0.0011054486452490853
2016-04-15,176.5277099609375,1.7519999742507935,13.619999885559082,18.143102139142567,-0.0011054486452490853,4.7922627493202086e-05,0.019906439706958823,0.09532366093387314,0.12672024883058505,0.10123750725174549,0.15894128996725373,0.0070267578996137114
2016-04-18,177.76812744140625,1.7730000019073486,13.350000381469727,18.228684550418127,0.0070267578996137114,-0.0011054486452490853,0.016039197305040442,0.0834346059974116,0.12882938253373583,0.10299144732217184,0.15910548659644416,0.0031541915288750833
2016-04-19,178.32884216308594,1.7829999923706055,13.239999771118164,18.29643299323235,0.0031541915288750833,0.0070267578996137114,0.025585832137278386,0.07473684170188492,0.11187903269416298,0.10322524612967361,0.15440232758647074,0.0009529425062584362
2016-04-20,178.498779296875,1.8539999723434448,13.279999732971191,18.211197230546077,0.0009529425062584362,0.0031541915288750833,0.019327785549497323,0.05091612817631836,0.10236470578879384,0.10301211396763837,0.15036486686482303,-0.005378824041108898
2016-04-21,177.53866577148438,1.8700000047683716,13.949999809265137,18.266305050478103,-0.005378824041108898,0.0009529425062584362,0.010096390968510338,0.07363373111534938,0.08061387847421446,0.10184613940053258,0.14913066300388686,0.0
2016-04-22,177.53866577148438,1.8880000114440918,13.220000267028809,18.413169615923753,0.0,-0.005378824041108898,0.004615116420933152,0.07211113665281364,0.0815108092663329,0.1017508325082951,0.14685933135946658,-0.0017224495310512733
2016-04-25,177.2328643798828,1.9019999504089355,14.079999923706055,18.007684865641938,-0.0017224495310512733,0.0,0.005726895855447278,0.05080005585499778,0.08059531688806221,0.10233661654486108,0.14687530367536608,0.0014860785494235085
2016-04-26,177.49624633789062,1.930999994277954,13.960000038146973,18.144455471020205,0.0014860785494235085,-0.0017224495310512733,-0.003011018168596391,0.04395532671006498,0.07027631160637864,0.09797980007128401,0.13910927488315386,0.002058131799868468
2016-04-27,177.86155700683594,1.8600000143051147,13.770000457763672,18.163584790531683,0.002058131799868468,0.0014860785494235085,-0.0046688792182808525,0.04749926030469476,0.05172411986539955,0.09723760697363881,0.13906802674028115,-0.009076008882723419
2016-04-28,176.24728393554688,1.8380000591278076,15.220000267028809,18.39244793249634,-0.009076008882723419,0.002058131799868468,-0.003569897186687432,0.07154996717831924,0.0712867359340706,0.10288279416352611,0.1348703110604185,-0.005398707697006788
2016-04-29,175.2957763671875,1.819000005722046,15.699999809265137,18.774319791216726,-0.005398707697006788,-0.009076008882723419,-0.0072738061330238635,0.07484274598455307,0.07582506552925788,0.1020540414783158,0.13529533171625097,0.007948775890079807
2016-05-02,176.6891632080078,1.8650000095367432,14.680000305175781,17.94567262913204,0.007948775890079807,-0.005398707697006788,-0.012633244676873767,0.10630268302344988,0.07854484087444019,0.10520233562672829,0.13596293374208346,-0.008703483854787919
2016-05-03,175.15135192871094,1.7999999523162842,15.600000381469727,18.482923829467214,-0.008703483854787919,0.007948775890079807,-0.003067722082906843,0.11772661952867551,0.0849778308740669,0.10360100724165949,0.13084420496030605,-0.005578148572153441
2016-05-04,174.17433166503906,1.784000039100647,16.049999237060547,18.339945640795058,-0.005578148572153441,-0.008703483854787919,-0.01321095210495793,0.11083157268902036,0.0854129103206644,0.0979914624829472,0.1279173001423045,-0.00019492427695577685
2016-05-05,174.140380859375,1.746999979019165,15.90999984741211,18.029402539143444,-0.00019492427695577685,-0.005578148572153441,-0.020730872954492163,0.1037278612794912,0.08437059767689663,0.08782475804800406,0.12793277247793733,0.003658719098697638
2016-05-06,174.7775115966797,1.7790000438690186,14.720000267028809,18.30768001606145,0.003658719098697638,-0.00019492427695577685,-0.011954244225076183,0.10702860230335184,0.0885930100292437,0.08824363520093725,0.12786806275204438,0.0008264203783776569
2016-05-09,174.9219512939453,1.7599999904632568,14.569999694824219,18.124629090736747,0.0008264203783776569,0.003658719098697638,-0.0029565160168048,0.07977152674481648,0.08937638731599977,0.08769252187038869,0.12408263786799625,0.01243387270323626
2016-05-10,177.09690856933594,1.7599999904632568,13.630000114440918,18.165429733202306,0.01243387270323626,0.0008264203783776569,-0.010001812686056155,0.1049933190085654,0.1127603534931857,0.09243764905508339,0.11992914285128585,-0.0093545505717062
2016-05-11,175.44024658203125,1.7369999885559082,14.6899995803833,18.21889499482666,-0.0093545505717062,0.01243387270323626,0.011107859683645804,0.1243273939341173,0.12063318241200567,0.09178586779129053,0.11802491310993447,0.0002904940939245648
2016-05-12,175.4912109375,1.7569999694824219,14.40999984741211,18.310712975631194,0.0002904940939245648,-0.0093545505717062,0.007268091141160227,0.12396413354167414,0.11272740075440811,0.09180371027391264,0.11393323895811086,-0.00871403092881029
2016-05-13,173.96197509765625,1.7050000429153442,15.039999961853027,18.38479032959293,-0.00871403092881029,0.0002904940939245648,0.007757132903113639,0.14081153926090328,0.11794563099837735,0.09650430163292228,0.11524500519065703,0.009864945987868134
2016-05-16,175.6781005859375,1.753000020980835,14.680000305175781,18.165618170141816,0.009864945987868134,-0.00871403092881029,-0.004666140921524176,0.16098294630288537,0.12221256698859838,0.09998685378788301,0.11655320957262282,-0.00933351515298908
2016-05-17,174.0384063720703,1.7589999437332153,15.569999694824219,18.559789438224826,-0.00933351515298908,0.009864945987868134,0.004322781025473121,0.13480919819335058,0.12342482339417504,0.10357523975653121,0.11530542696914563,0.00029327233268805486
2016-05-18,174.08944702148438,1.8799999952316284,15.949999809265137,18.603519675218397,0.00029327233268805486,-0.00933351515298908,-0.01727021788225158,0.12524472141188273,0.12028682304350584,0.10342000464471754,0.11179190807805393,-0.003465120816441125
2016-05-19,173.4862060546875,1.8450000286102295,16.329999923706055,18.564179183874494,-0.003465120816441125,0.00029327233268805486,-0.007699485077474977,0.12466148284334401,0.12153152192850769,0.10262172101607983,0.11195929914521621,0.006317289134033954
2016-05-20,174.58216857910156,1.8489999771118164,15.199999809265137,18.469379484895203,0.006317289134033954,-0.003465120816441125,-0.011425101417338657,0.12134631036120741,0.1246789257396134,0.10594381300017064,0.11012515107004599,-0.0013626808637426935
2016-05-23,174.34426879882812,1.8380000591278076,15.819999694824219,17.8876538354101,-0.0013626808637426935,0.006317289134033954,0.0035651094504827174,0.09034876678400047,0.12471558690168726,0.10591077523620093,0.1100240376733278,0.012962213847821591
2016-05-24,176.60415649414062,1.8589999675750732,14.420000076293945,18.353876201326283,0.012962213847821591,-0.0013626808637426935,-0.00759247614051306,0.10601338489119759,0.12624523477748145,0.11650111100148881,0.1111760480875735,0.0067831756369702845
2016-05-25,177.80209350585938,1.8700000047683716,13.899999618530273,18.154386982112676,0.0067831756369702845,0.012962213847821591,0.014742436313655238,0.10578265209756926,0.1194690509255707,0.11891236091431985,0.10179508064120811,0.0002866352946910844
2016-05-26,177.85305786132812,1.8229999542236328,13.430000305175781,17.827934418240538,0.0002866352946910844,0.0067831756369702845,0.02132608580183959,0.09084993967095158,0.11947002300008942,0.11396538987970618,0.1015470151169017,0.0042994984976549855
2016-05-27,178.61773681640625,1.8509999513626099,13.119999885559082,17.977688223846982,0.0042994984976549855,0.0002866352946910844,0.02517117588740203,0.09012948835839284,0.10581532467566697,0.1125227491758962,0.10159744759907911,-0.0019029733060923482
2016-05-31,178.27783203125,1.8339999914169312,14.1899995803833,18.51489396777496,-0.0019029733060923482,0.0042994984976549855,0.023115580876040154,0.09243123676269764,0.09970760208293486,0.10981199754959177,0.10164913174967057,0.0020492799489473246
2016-06-01,178.64317321777344,1.8459999561309814,14.199999809265137,18.063093970137384,0.0020492799489473246,-0.0019029733060923482,0.022562044967252337,0.053761811602689065,0.07942815422913972,0.10439753757617895,0.10167764287149299,0.0030439308484373484
2016-06-02,179.18695068359375,1.8109999895095825,13.630000114440918,17.959354572434073,0.0030439308484373484,0.0020492799489473246,0.011545689320740626,0.0385262138034404,0.07835919089241898,0.1016326880634642,0.09873458543959153,-0.002987176574418049
2016-06-03,178.6516876220703,1.7039999961853027,13.470000267028809,18.43809916854965,-0.002987176574418049,0.0030439308484373484,0.0077887563100529356,0.05047536470535762,0.07730153598682996,0.10270574650427554,0.09876275008106182,0.005088606477027913
2016-06-06,179.56077575683594,1.7230000495910645,13.649999618530273,17.988157868854955,0.005088606477027913,-0.002987176574418049,0.00449039094601833,0.05401017671467227,0.07603818840414665,0.10326527469248242,0.09911754301315114,0.0015612233321817826
2016-06-07,179.8411102294922,1.7130000591278076,14.050000190734863,17.925971238428296,0.0015612233321817826,0.005088606477027913,0.005279648915264223,0.04721604805974533,0.07287927756317844,0.10324681985039019,0.09402021236612515,0.003259781231516934
2016-06-08,180.42735290527344,1.7059999704360962,14.079999923706055,18.007751362338038,0.003259781231516934,0.0015612233321817826,0.008768775009380558,0.04846313270260148,0.04832357942491783,0.09506368287621589,0.09404706039500753,-0.001365725210742741
2016-06-09,180.18093872070312,1.6799999475479126,14.640000343322754,18.11669178059198,-0.001365725210742741,0.003259781231516934,0.00998739361467238,0.05239220946648002,0.04351373846793906,0.08750875222076586,0.09401830020821574,-0.009477455675811486
2016-06-10,178.47328186035156,1.6390000581741333,17.030000686645508,18.550209646037548,-0.009477455675811486,-0.001365725210742741,0.005547212189935369,0.09066226244461296,0.06977291015900353,0.09557253622366405,0.09581717398238727,-0.0077119290723447476
2016-06-13,177.09690856933594,1.6160000562667847,20.969999313354492,18.584084490384157,-0.0077119290723447476,-0.009477455675811486,-0.0009986234336401,0.08927194432249735,0.07649852118329824,0.09429879945718232,0.09657437161726921,-0.0019669620340743155
2016-06-14,176.74856567382812,1.6109999418258667,20.5,18.644298590770678,-0.0019669620340743155,-0.0077119290723447476,-0.013721633675923828,0.08174176957644165,0.07652398803198945,0.08857577626861812,0.09641305352382448,-0.0013939783106747816
2016-06-15,176.50218200683594,1.5959999561309814,20.139999389648438,18.5079999993759,-0.0013939783106747816,-0.0019669620340743155,-0.01719598234084363,0.06194653436754782,0.07480322462800565,0.08128426501901607,0.09644769474450109,0.00298437476090907
2016-06-16,177.0289306640625,1.5640000104904175,19.3700008392334,18.82302833765837,0.00298437476090907,-0.0013939783106747816,-0.021754854988635053,0.08028095921220818,0.07470926629763845,0.0816592761499905,0.09659217113194764,-0.0037236566013042482
2016-06-17,176.36973571777344,1.6180000305175781,19.40999984741211,18.578160456396443,-0.0037236566013042482,0.00298437476090907,-0.017493571068172287,0.0615598867295148,0.07529152157363968,0.08184542363324013,0.09588874942719282,0.006439552584675878
2016-06-20,177.50547790527344,1.6699999570846558,18.3700008392334,18.23181301968074,0.006439552584675878,-0.0037236566013042482,-0.01178633642330884,0.06591150842390703,0.07871593264331891,0.08195507808375253,0.09667256297971384,0.002838476991186889
2016-06-21,178.0093231201172,1.6970000267028809,18.479999542236328,18.098568718176374,0.002838476991186889,0.006439552584675878,0.0023070382156193947,0.0635131748442849,0.08019027142429615,0.08181189169598413,0.09679239684160815,-0.0016307190996346366
2016-06-22,177.7190399169922,1.684999942779541,21.170000076293945,18.375270123187544,-0.0016307190996346366,0.002838476991186889,0.007133056166439555,0.06419465951254053,0.07657252436844113,0.06903997103825635,0.09515840305035655,0.013022157217376762
2016-06-23,180.0333251953125,1.7389999628067017,17.25,18.447628382790487,0.013022157217376762,-0.0016307190996346366,0.006894293862662382,0.10595390545293414,0.10577744152572631,0.07953613434102653,0.09831819857220798,-0.03590889612586645
2016-06-24,173.5685272216797,1.5789999961853027,25.760000228881836,19.62498669577851,-0.03590889612586645,0.013022157217376762,0.0169712064574985,0.3037761808539767,0.206713531191813,0.15221222881679908,0.1233235471155869,-0.017909822666170916
2016-06-27,170.45994567871094,1.4600000381469727,23.850000381469727,19.25695723874769,-0.017909822666170916,-0.03590889612586645,-0.015882591674210134,0.3050476456487526,0.21956886457355262,0.16173705770238436,0.1277589631742163,0.018036098514554677
2016-06-28,173.5343780517578,1.4609999656677246,18.75,18.88681691044583,0.018036098514554677,-0.017909822666170916,-0.03969191435501718,0.3539660452282657,0.245484859800259,0.17711594699176986,0.133125116067873,0.017027633336495818
2016-06-29,176.4892578125,1.4769999980926514,16.639999389648438,18.73788715931411,0.017027633336495818,0.018036098514554677,-0.025138824135294113,0.387908080982281,0.2629747083670778,0.18847469261568284,0.13605867465902954,0.013645559551805242
2016-06-30,178.89755249023438,1.4880000352859497,15.630000114440918,18.921588756389898,0.013645559551805242,0.017027633336495818,-0.006919810646437097,0.3893651255172427,0.27153552039382745,0.19479836456445046,0.13707570611980263,0.0021001805662290707
2016-07-01,179.2732696533203,1.4559999704360962,14.770000457763672,18.47947122358144,0.0021001805662290707,0.013645559551805242,-0.006308680372625219,0.23945493628152087,0.2701588591399367,0.19460358762397004,0.13467975114855893,-0.007193127703615021
2016-07-05,177.98373413085938,1.3669999837875366,15.579999923706055,18.51420479321117,-0.007193127703615021,0.0021001805662290707,0.03286737822205854,0.17337353583009296,0.2722155664636125,0.19543130393504032,0.1355454153367046,0.005998023720497958
2016-07-06,179.05128479003906,1.3849999904632568,14.960000038146973,18.380082693104853,0.005998023720497958,-0.007193127703615021,0.04413816056429787,0.15243501966530487,0.2734663475904364,0.19664314051413184,0.13589147371109858,-0.0006199770672400406
2016-07-07,178.94027709960938,1.3869999647140503,14.760000228881836,18.265123420265347,-0.0006199770672400406,0.005998023720497958,0.03179143406752405,0.12293808323165853,0.27327020749607583,0.19623359674054375,0.13468353156841945,0.014890215169569787
2016-07-08,181.604736328125,1.3660000562667847,13.199999809265137,18.713133924047305,0.014890215169569787,-0.0006199770672400406,0.013887640060865847,0.12998037379280353,0.2757554184698937,0.2034580094032746,0.13650056467919944,0.0035270745698410266
2016-07-11,182.24526977539062,1.434000015258789,13.539999961853027,18.114616089063276,0.0035270745698410266,0.014890215169569787,0.015132592929343769,0.12972830097018678,0.18359547316706998,0.2002342626512441,0.13663841625068207,0.00726328838495105
2016-07-12,183.5689697265625,1.5130000114440918,13.550000190734863,18.433356081372622,0.00726328838495105,0.0035270745698410266,0.01657804383117223,0.09061937005004772,0.1321005340430444,0.19851959394436774,0.1372803346048801,-0.0001393971393744975
2016-07-13,183.5433807373047,1.468000054359436,13.039999961853027,18.28513705372871,-0.0001393971393744975,0.00726328838495105,0.031380595664976196,0.10136859730396343,0.12254925871662144,0.1981566069795376,0.13665141147693557,0.005582981168620105
2016-07-14,184.56809997558594,1.531000018119812,12.819999694824219,18.328904224410124,0.005582981168620105,-0.0001393971393744975,0.02508832010076434,0.08851391896816532,0.10500977819968724,0.19813672374410385,0.13693797001451777,-0.0013417819575383128
2016-07-15,184.32044982910156,1.593999981880188,12.670000076293945,18.489790684586456,-0.0013417819575383128,0.005582981168620105,0.03145084475779458,0.058234667914499244,0.09495420934540215,0.19853654899218792,0.13699417326445207,0.0026876662148038744
2016-07-18,184.8158416748047,1.5870000123977661,12.4399995803833,17.888391431090575,0.0026876662148038744,-0.0013417819575383128,0.01495397948250532,0.058041031913028215,0.09484289138325824,0.1973450794930781,0.1364941252988334,-0.0010167525987049286
2016-07-19,184.6279296875,1.5579999685287476,11.970000267028809,17.810876069966984,-0.0010167525987049286,0.0026876662148038744,0.014105013000239586,0.04667616573451286,0.08005168060275454,0.1971033659817208,0.13653249707680992,0.004162969628528579
2016-07-20,185.3965301513672,1.5800000429153442,11.770000457763672,17.878699811372815,0.004162969628528579,-0.0010167525987049286,0.00576873075288753,0.04909321613355739,0.0790901104120894,0.19723029939988823,0.13662118490086075,-0.003777485161290617
2016-07-21,184.69619750976562,1.565000057220459,12.739999771118164,18.03173790334444,-0.003777485161290617,0.004162969628528579,0.010096519997715436,0.051166231354386166,0.08505831245995088,0.19791622040519105,0.13693172388188157,0.0044855319412602235
2016-07-22,185.524658203125,1.5700000524520874,12.020000457763672,17.955266582967173,0.0044855319412602235,-0.003777485161290617,0.0006940394044074871,0.05691496633738874,0.05605499844972018,0.19389054134791475,0.1371248049337815,-0.0027160324459902796
2016-07-25,185.02076721191406,1.5709999799728394,12.869999885559082,17.838593623743268,-0.0027160324459902796,0.0044855319412602235,0.006533232612767392,0.06141568443977982,0.060337542959753014,0.1359110434235892,0.13579319753100297,0.00046158841339694057
2016-07-26,185.10617065429688,1.562999963760376,13.050000190734863,18.065155153539457,0.00046158841339694057,-0.0027160324459902796,0.0011088093707354307,0.06041721375315366,0.05117143292103843,0.11144585012967435,0.13517177594505644,-0.00106099042149288
2016-07-27,184.90977478027344,1.5149999856948853,12.829999923706055,18.247325679745945,-0.00106099042149288,0.00046158841339694057,0.002590295886469196,0.051283072242331425,0.051869156645843,0.09991323208227748,0.13443665944693373,0.0011547874870019292
2016-07-28,185.12330627441406,1.5110000371932983,12.720000267028809,17.990446923233296,0.0011547874870019292,-0.00106099042149288,-0.0026254826381936214,0.04280830422554757,0.04455643026789883,0.08564110508873807,0.13297221034647733,0.0016142112574255574
2016-07-29,185.42213439941406,1.4579999446868896,11.869999885559082,18.191511587588046,0.0016142112574255574,0.0011547874870019292,0.0023124935456555473,0.028168967007630503,0.043966386892174913,0.07463782993788028,0.13227734273663616,-0.0008288466958666918
2016-08-01,185.26844787597656,1.496000051498413,12.4399995803833,18.110226693643273,-0.0008288466958666918,0.0016142112574255574,-0.000552615510541421,0.01879209425471293,0.042818933967294706,0.07520522128929542,0.1323097714810488,-0.0064073943853082405
2016-08-02,184.08135986328125,1.5369999408721924,13.369999885559082,18.34050595505649,-0.0064073943853082405,-0.0008288466958666918,0.001338664128329059,0.050633416346224105,0.05429103068064489,0.07402128615745938,0.13307372205583134,0.0029230046926562725
2016-08-03,184.6194305419922,1.5420000553131104,12.859999656677246,17.804376097506868,0.0029230046926562725,-0.0064073943853082405,-0.005536340508764281,0.05819037056545401,0.05173949078249033,0.07243880448698352,0.1331381532453787,0.0010638703208860623
2016-08-04,184.8158416748047,1.503000020980835,12.420000076293945,17.656799913343555,0.0010638703208860623,0.0029230046926562725,-0.0015701941048074097,0.05804971202720015,0.04853917566575176,0.07201755236953783,0.13096500122346538,0.008178769462679814
2016-08-05,186.32740783691406,1.5820000171661377,11.390000343322754,18.09067834671061,0.008178769462679814,0.0010638703208860623,-0.0016608638090852557,0.0845419762472179,0.06011005010307059,0.05824709826578349,0.13011654711809392,-0.0005960125141335482
2016-08-08,186.2163543701172,1.5829999446868896,11.5,17.50204980091889,-0.0005960125141335482,0.008178769462679814,0.0048822296239454666,0.08424273956436035,0.05789640444727178,0.05798574219990452,0.13015095576713875,0.000596367956898991
2016-08-09,186.32740783691406,1.5449999570846558,11.65999984741211,17.75225936567591,0.000596367956898991,-0.0005960125141335482,0.005116394642519895,0.054805356853835294,0.05788805661501439,0.0531950425142023,0.1285650560303882,-0.0024747867789388645
2016-08-10,185.8662872314453,1.5089999437332153,12.050000190734863,17.874937552541226,-0.0024747867789388645,0.000596367956898991,0.012201387339277447,0.06433476832800036,0.05948068306606237,0.054347169474675765,0.1274863318459481,0.004640284943690176
2016-08-11,186.728759765625,1.5729999542236328,11.680000305175781,18.099156442203228,0.004640284943690176,-0.0024747867789388645,0.0067536590584895695,0.068213170484897,0.06298836113245798,0.053301700128433493,0.12586791123569321,-0.0008687263104357745
2016-08-12,186.56654357910156,1.5149999856948853,11.550000190734863,17.93151062135434,-0.0008687263104357745,0.004640284943690176,0.010350401099199047,0.04258532918721917,0.06339987597806067,0.053100678761570805,0.12592636909368868,0.0028834959198320576
2016-08-15,187.10450744628906,1.5529999732971191,11.8100004196167,17.72379660967039,0.0028834959198320576,-0.0008687263104357745,0.0012834168894615416,0.04526215352318345,0.06375800934505806,0.053206694075554985,0.12559665370751297,-0.005157607424057908
2016-08-16,186.13949584960938,1.5759999752044678,12.640000343322754,17.7898245795317,-0.005157607424057908,0.0028834959198320576,0.00476946871383066,0.0630679253143667,0.05988692606712741,0.05680565171584921,0.1258367310907359,0.0018811627796024855
2016-08-17,186.48965454101562,1.5609999895095825,12.1899995803833,18.134787750144547,0.0018811627796024855,-0.005157607424057908,-0.001008504274739641,0.060686608162254845,0.05923291093098766,0.05536749330707703,0.12574114501201142,0.00224402554585712
2016-08-18,186.90814208984375,1.5360000133514404,11.430000305175781,17.785600583213796,0.00224402554585712,0.0018811627796024855,0.0033538481822370514,0.05268063126729419,0.05955574071563782,0.053583256603826124,0.12333771768311487,-0.001462298146199137
2016-08-19,186.63482666015625,1.5779999494552612,11.34000015258789,18.138887975455855,-0.001462298146199137,0.00224402554585712,0.0009606571823423948,0.05359731627880303,0.045662436235946874,0.05200007087308749,0.12283594502809332,-4.5538904286490656e-05
2016-08-22,186.62632751464844,1.5390000343322754,12.270000457763672,17.93241213694125,-4.5538904286490656e-05,-0.001462298146199137,0.00036599853191643383,0.047640154397617936,0.04548762647545436,0.05079340507784154,0.12284419982576772,0.0020131238143095143
2016-08-23,187.0020294189453,1.5529999732971191,12.380000114440918,17.793306341271666,0.0020131238143095143,-4.5538904286490656e-05,-0.0025556836559798013,0.025694181084453198,0.04636029880930598,0.051101025210242006,0.12265781130211842,-0.005114576350847111
2016-08-24,186.04559326171875,1.559000015258789,13.449999809265137,18.088404306641316,-0.005114576350847111,0.0020131238143095143,0.004633802006387855,0.047800924342640175,0.05239017266770474,0.05466044784660242,0.12313513081778833,-0.0006885276449385413
2016-08-25,185.91749572753906,1.5770000219345093,13.630000114440918,18.052869752333166,-0.0006885276449385413,-0.005114576350847111,-0.0023811577129562167,0.04140527321159379,0.045889339133632016,0.05467505073873888,0.12313870810241982,-0.0018835731818245272
2016-08-26,185.5673065185547,1.6349999904632568,13.649999618530273,18.623673023360926,-0.0018835731818245272,-0.0006885276449385413,-0.005300177676735407,0.04176982993767314,0.04643953945727086,0.05490107854326972,0.12315135334969378,0.0049242932871125245
2016-08-29,186.48109436035156,1.565999984741211,12.9399995803833,18.071154487153322,0.0049242932871125245,-0.0018835731818245272,-0.005719833541814823,0.06064075678769201,0.05149797837020725,0.05742684473870566,0.12323076987782228,-0.0016485254137780236
2016-08-30,186.17367553710938,1.5700000524520874,13.119999885559082,17.87792577759961,-0.0016485254137780236,0.0049242932871125245,-0.0007782029268377233,0.05792340460844599,0.044871745740609384,0.0522722137831843,0.12298973458113818,-0.0028439290364342673
2016-08-31,185.6442108154297,1.5679999589920044,13.420000076293945,18.261327398701578,-0.0028439290364342673,-0.0016485254137780236,-0.004429651830035297,0.04903142283765688,0.045652444193108696,0.05283502608842931,0.12317887711640019,4.61106792744026e-05
2016-09-01,185.65277099609375,1.5700000524520874,13.479999542236328,18.398886985870302,4.61106792744026e-05,-0.0028439290364342673,-0.002157441298404894,0.04906292117044191,0.04329232243597783,0.052758741141464616,0.12305395672712763,0.004507789140079543
2016-09-02,186.48965454101562,1.5959999561309814,11.979999542236328,18.188671773180733,0.004507789140079543,4.61106792744026e-05,-0.0014238828379727897,0.056351710238833175,0.050076263581078855,0.04668368237885107,0.1232609925726621,0.003022553332221678
2016-09-06,187.05332946777344,1.5429999828338623,12.020000457763672,17.853321822685196,0.003022553332221678,0.004507789140079543,0.004970423075945751,0.04916068576048558,0.05243682254639865,0.04777624524743423,0.12154452635030359,-9.15266324146291e-05
2016-09-07,187.0362091064453,1.5410000085830688,11.9399995803833,18.153518701532594,-9.15266324146291e-05,0.003022553332221678,0.0030685958240683764,0.045766137167629596,0.0514926675103999,0.04776840312181792,0.12025845807845766,-0.002282990845275279
2016-09-08,186.6092071533203,1.6160000562667847,12.510000228881836,18.120965239297554,-0.002282990845275279,-9.15266324146291e-05,0.004632951285124198,0.04293938115708394,0.04515401022574226,0.04763092683651489,0.12029281383581174,-0.023934756440939564
2016-09-09,182.14276123046875,1.6720000505447388,17.5,19.21633532841487,-0.023934756440939564,-0.002282990845275279,0.00519809550565542,0.18393536282547052,0.13019801742463902,0.09588623441704633,0.1305852838830028,0.014347266478052845
2016-09-12,184.75601196289062,1.6720000505447388,15.15999984741211,18.940134444580863,0.014347266478052845,-0.023934756440939564,-0.018906314981416816,0.22126155720504825,0.15398965506796947,0.11070322572187768,0.13353022491047117,-0.014375582767668482
2016-09-13,182.10003662109375,1.7339999675750732,17.850000381469727,19.02406075927848,-0.014375582767668482,0.014347266478052845,-0.009296186334795897,0.23166187367979754,0.16537830715364374,0.12031540709019753,0.1367980196255438,-0.00037505945144789
2016-09-14,182.03173828125,1.6890000104904175,18.139999389648438,18.714733736426638,-0.00037505945144789,-0.014375582767668482,-0.026480645176289563,0.2312711880526239,0.16564757617818912,0.11949079437219852,0.13626095526681023,0.009993015710794806
2016-09-15,183.8507843017578,1.7029999494552612,16.299999237060547,18.716538561234294,0.009993015710794806,-0.00037505945144789,-0.026756695129268704,0.25648736676332584,0.17642966420139075,0.12548330722387802,0.13757771886052017,-0.003865764726826537
2016-09-16,183.1400604248047,1.7009999752044678,15.369999885559082,18.860459680738366,-0.003865764726826537,0.009993015710794806,-0.014781815397222897,0.18115276835046656,0.1769255771389258,0.1254676069045415,0.13780686458799374,0.0001876312200019825
2016-09-19,183.17442321777344,1.6959999799728394,15.529999732971191,18.200663562945564,0.0001876312200019825,-0.003865764726826537,0.005475371008974772,0.13916370491564647,0.1742601016633988,0.12552154900386875,0.13532876584098616,4.6899005282874384e-05
2016-09-20,183.18301391601562,1.687999963760376,15.920000076293945,18.059212918198025,4.6899005282874384e-05,0.0001876312200019825,-0.008560418296076122,0.08241545754514318,0.1726166678792498,0.12553037644083687,0.11231543523687106,0.011245154343802133
2016-09-21,185.24293518066406,1.6679999828338623,13.300000190734863,18.518573050831748,0.011245154343802133,4.6899005282874384e-05,0.005947155832677131,0.10628056082091514,0.18511916087408037,0.1324589589543358,0.10721145199482453,0.006301852516469975
2016-09-22,186.41030883789062,1.6319999694824219,12.020000457763672,18.155134535466143,0.006301852516469975,0.011245154343802133,0.017640862685454062,0.09472261751935172,0.1883139387711539,0.13331063375301364,0.10200972396376029,-0.005479517763800734
2016-09-23,185.3888702392578,1.6150000095367432,12.289999961853027,18.114575346130007,-0.005479517763800734,0.006301852516469975,0.013921749346099244,0.10225248065299529,0.13911547362088653,0.1347782258947171,0.09743292770912916,-0.008102129733008612
2016-09-26,183.88682556152344,1.5889999866485596,14.5,18.31339950711224,-0.008102129733008612,-0.005479517763800734,0.012279180258196298,0.1276440291179113,0.12760309967311914,0.137641996543192,0.09539612773768373,0.006208423770332816
2016-09-27,185.02847290039062,1.555999994277954,13.100000381469727,18.178542951260017,0.006208423770332816,-0.008102129733008612,0.003889202057991703,0.13273970159567053,0.10439792327600389,0.13837666602201176,0.09606400858213099,0.0049632913536552525
2016-09-28,185.9468231201172,1.5670000314712524,12.390000343322754,18.286131702270072,0.0049632913536552525,0.006208423770332816,0.010074400158199603,0.11098890803887049,0.10498494219321676,0.1395420957108976,0.0951073982570495,-0.009047521005503656
2016-09-29,184.26446533203125,1.5570000410079956,14.020000457763672,18.668092240137398,-0.009047521005503656,0.0049632913536552525,0.0037998099024216803,0.1162344096649903,0.10860480026427796,0.14290183526118871,0.09654706419644826,0.007546234848818667
2016-09-30,185.65496826171875,1.6080000400543213,13.289999961853027,18.579417187360573,0.007546234848818667,-0.009047521005503656,-0.011511399338571371,0.12972850367269456,0.1115763709959692,0.14562067031737885,0.0975885446668777,-0.002404109316579084
2016-10-03,185.20863342285156,1.621999979019165,13.569999694824219,18.240502101476572,-0.002404109316579084,0.007546234848818667,0.001435350580202055,0.11146175364882424,0.11310453544169628,0.144873460621322,0.09313110450824723,-0.0050978621966540905
2016-10-04,184.26446533203125,1.6829999685287476,13.630000114440918,18.60256971552816,-0.0050978621966540905,-0.002404109316579084,0.007188159659028415,0.1099649838235939,0.11735022471148972,0.14526680158343175,0.0935486954831078,0.004425488135266553
2016-10-05,185.07992553710938,1.715999960899353,12.989999771118164,18.103446282971806,0.004425488135266553,-0.0050978621966540905,-0.004129135134626982,0.108239522494036,0.10432058812430439,0.14640264427720526,0.0928115071329294,0.000695417859979619
2016-10-06,185.20863342285156,1.7419999837875366,12.84000015258789,17.95749225479327,0.000695417859979619,0.004425488135266553,-0.004662072567100606,0.08072868458095347,0.09836060976369815,0.14629919865455288,0.09281602306395467,-0.0034294424713208205
2016-10-07,184.57347106933594,1.7359999418258667,13.479999542236328,18.312965246389023,-0.0034294424713208205,0.000695417859979619,0.005123983558734446,0.0598435085231379,0.09604106758762994,0.11775106595516206,0.09240683635053198,0.005208492215783123
2016-10-10,185.53482055664062,1.7230000495910645,13.380000114440918,17.763961939290514,0.005208492215783123,-0.0034294424713208205,-0.0058253070333039725,0.07287449934661104,0.08925000868549282,0.1077342334590634,0.09296874055609139,-0.012629767887880838
2016-10-11,183.19155883789062,1.7589999437332153,15.359999656677246,18.685867183872247,-0.012629767887880838,0.005208492215783123,0.0017611875200458371,0.11554169397789758,0.106374957081907,0.10473098465837137,0.0964026433590018,0.0013122163729353264
2016-10-12,183.43194580078125,1.777999997138977,15.90999984741211,18.11776456619773,0.0013122163729353264,-0.012629767887880838,-0.005822644600560034,0.10794840286187546,0.10216167409777054,0.10475381574924468,0.09642918266135352,-0.0032757426841275583
2016-10-13,182.83106994628906,1.7380000352859497,16.690000534057617,18.43415950593091,-0.0032757426841275583,0.0013122163729353264,-0.008904151714701714,0.10589972525610013,0.09373344248433105,0.09907887781697239,0.09623270884027336,0.0005166075127418512
2016-10-14,182.92552185058594,1.7940000295639038,16.1200008392334,18.35182573081966,0.0005166075127418512,-0.0032757426841275583,-0.012837217318775074,0.1075577683746971,0.0822160313207269,0.09818040551347852,0.09595554593718354,-0.0034721622674683816
2016-10-17,182.29037475585938,1.7660000324249268,16.209999084472656,17.880695771985774,-0.0034721622674683816,0.0005166075127418512,-0.008928418635692936,0.08791877059302228,0.08272979961124216,0.0989243054810267,0.09570176957497825,0.0062623769710867805
2016-10-18,183.43194580078125,1.7489999532699585,15.279999732971191,18.15762235163387,0.0062623769710867805,-0.0034721622674683816,-0.0174869913423652,0.06331504857017965,0.08862871424642284,0.10157435788011125,0.09648931960868545,0.0026668283783348734
2016-10-19,183.92112731933594,1.7519999742507935,14.40999984741211,18.013001200791727,0.0026668283783348734,0.0062623769710867805,0.0013122163729353264,0.06541707385565536,0.08633623298403133,0.09330372182026525,0.09665233127311935,-0.0018664358061650788
2016-10-20,183.57785034179688,1.746999979019165,13.75,18.114696211989813,-0.0018664358061650788,0.0026668283783348734,0.0026668283783348734,0.0608440465453399,0.0862056075559602,0.09003783342201567,0.09670102049438535,0.0004674606959811367
2016-10-21,183.66366577148438,1.7400000095367432,13.34000015258789,18.305147561726617,0.0004674606959811367,-0.0018664358061650788,0.004084537686768419,0.06086055725851059,0.08518042813840751,0.08835347427000599,0.0966731165861771,0.004252619223630072
2016-10-24,184.44471740722656,1.7630000114440918,13.020000457763672,17.912295490060103,0.004252619223630072,0.0004674606959811367,0.004035215608138909,0.05041818610426825,0.08351154135613073,0.08498619943278762,0.09702510364371666,-0.0033504942061682863
2016-10-25,183.8267364501953,1.7580000162124634,13.460000038146973,18.013348408660043,-0.0033504942061682863,0.004252619223630072,0.011818192015088602,0.049684227518087695,0.053672352838265096,0.08271393764279801,0.09724675416771232,-0.0020075089217315156
2016-10-26,183.45770263671875,1.7899999618530273,14.239999771118164,18.14236138419546,-0.0020075089217315156,-0.0033504942061682863,0.002152245878931147,0.047483365750719486,0.05458760191413152,0.08048757995679916,0.09644486130844838,-0.002666786658065412
2016-10-27,182.9684600830078,1.843000054359436,15.359999656677246,18.16217165174958,-0.002666786658065412,-0.0020075089217315156,-0.0025196924865111825,0.049240872670977424,0.05363565270342541,0.07464466044090325,0.09639211111247874,-0.002955795006947315
2016-10-28,182.42764282226562,1.8450000286102295,16.190000534057617,18.76159453795224,-0.002955795006947315,-0.002666786658065412,-0.003319519526209014,0.05028489657602775,0.05563975767434532,0.06902112168288654,0.09653111094069006,4.734191855892966e-05
2016-10-31,182.436279296875,1.8339999914169312,17.059999465942383,17.930841703193053,4.734191855892966e-05,-0.002955795006947315,-0.006729817484731115,0.021297088542971146,0.05268982964149687,0.06884554617730997,0.09494240791894935,-0.007245396174552554
2016-11-01,181.1144561767578,1.8200000524520874,18.559999465942383,18.62591936236883,-0.007245396174552554,4.734191855892966e-05,-0.010889106170046792,0.04230027537475896,0.051974924540096355,0.0710337467745133,0.09599292908916339,-0.006018694779239997
2016-11-02,180.02438354492188,1.7990000247955322,19.31999969482422,18.453446060023456,-0.006018694779239997,-0.007245396174552554,-0.014754547275403262,0.0459998570157349,0.051861756658472674,0.0704133723421607,0.09664157147434234,-0.0045770166971264015
2016-11-03,179.20040893554688,1.812000036239624,22.079999923706055,18.303464683785,-0.0045770166971264015,-0.006018694779239997,-0.018714499541049534,0.0451096184228892,0.05323647452276441,0.07084361475498939,0.09691557452785624,-0.0011018319190319037
2016-11-04,179.00296020507812,1.7829999923706055,22.510000228881836,18.507978005906327,-0.0011018319190319037,-0.0045770166971264015,-0.02059399278843732,0.049870396923610824,0.05141703270335031,0.07054414764631714,0.09630447462280162,0.022057195133157625
2016-11-07,182.95126342773438,1.8279999494552612,18.709999084472656,18.51412464698142,0.022057195133157625,-0.0011018319190319037,-0.018772827210863374,0.1936858631353558,0.13201173768809796,0.10752345981648716,0.10698712494067508,0.004503792944291263
2016-11-08,183.77523803710938,1.8619999885559082,18.739999771118164,18.486207223773,0.004503792944291263,0.022057195133157625,0.0028228164531975963,0.1811724786003406,0.13361104474734734,0.09914001478225404,0.10724451719106726,0.010601803702357415
2016-11-09,185.7235870361328,2.072000026702881,14.380000114440918,19.370131556547207,0.010601803702357415,0.004503792944291263,0.014691162243585909,0.16708204773514557,0.14296342724679142,0.1058097835278042,0.10902943284918809,0.0024956494969716747
2016-11-10,186.1870880126953,2.117000102996826,14.739999771118164,18.963663544656683,0.0024956494969716747,0.010601803702357415,0.03165795310049657,0.14403920944588813,0.1413280957284428,0.10495539697463563,0.10908231546389903,-0.002304958130896595
2016-11-11,185.7579345703125,2.117000102996826,14.170000076293945,18.426192536079736,-0.002304958130896595,0.0024956494969716747,0.03898807552197803,0.14884981986928264,0.14075395022651183,0.10557899083212521,0.10908030738795259,0.0007858659459076822
2016-11-14,185.90391540527344,2.2219998836517334,14.479999542236328,18.364956605753065,0.0007858659459076822,-0.002304958130896595,0.03773666288811883,0.07659098047802597,0.14053839351812625,0.10437446477491985,0.1090558937387329,0.007802666562918947
2016-11-15,187.35446166992188,2.23799991607666,13.369999885559082,18.33351591155269,0.007802666562918947,0.0007858659459076822,0.01613900840157556,0.0833652334634299,0.13316957118310593,0.10554070107445898,0.11023456297010656,-0.0018786554863304827
2016-11-16,187.0024871826172,2.2230000495910645,13.720000267028809,17.9993560498332,-0.0018786554863304827,0.007802666562918947,0.019476093031041364,0.06499155489732354,0.12639913760242333,0.10586670498120726,0.11023289805294599,0.005141001167241033
2016-11-17,187.9638671875,2.2760000228881836,13.350000381469727,18.06110446664203,0.005141001167241033,-0.0018786554863304827,0.006886040523412795,0.07034500470899042,0.11737484139848525,0.10640092704964994,0.1101947388115083,-0.0022376282634107847
2016-11-18,187.54327392578125,2.3350000381469727,12.850000381469727,18.272943797096673,-0.0022376282634107847,0.005141001167241033,0.009542977409279452,0.07009206249461532,0.11910246848088599,0.10707985394887042,0.11029345784009327,0.007551723902263552
2016-11-21,188.9595489501953,2.3389999866485596,12.420000076293945,18.097752782125006,0.007551723902263552,-0.0022376282634107847,0.009611106839654049,0.07906290796623223,0.07338688121016929,0.10900460630903451,0.11123454771091698,0.00195305860072148
2016-11-22,189.32859802246094,2.321000099182129,12.40999984741211,18.026585765236934,0.00195305860072148,0.007551723902263552,0.016436628234862916,0.06811029598378353,0.07327990988325322,0.10766482504980167,0.1108760355434198,0.0005437691446512627
2016-11-23,189.43154907226562,2.3570001125335693,12.430000305175781,17.851876387624063,0.0005437691446512627,0.00195305860072148,0.010536906006631819,0.060980150708041296,0.06027042809143629,0.10694174727845994,0.11080446041478632,0.003715629341163762
2016-11-25,190.13540649414062,2.371999979019165,12.34000015258789,17.449730558528568,0.003715629341163762,0.0005437691446512627,0.012989463007924362,0.0579904565503318,0.06086789719351316,0.10593968932112519,0.11082166436907326,-0.00469507606064945
2016-11-28,189.24270629882812,2.319999933242798,13.149999618530273,18.1537485754787,-0.00469507606064945,0.003715629341163762,0.011552961423561436,0.07123152083558763,0.06662896325875582,0.10717925813513432,0.11131529687887225,0.0019507007218875216
2016-11-29,189.6118621826172,2.302000045776367,12.899999618530273,18.062385931592054,0.0019507007218875216,-0.00469507606064945,0.00906154796956038,0.05104553991857546,0.06635516061501485,0.10696575025432715,0.11102969719317811,-0.0023993266595329077
2016-11-30,189.15692138671875,2.368000030517578,13.329999923706055,18.545477357978143,-0.0023993266595329077,0.0019507007218875216,0.0034521316125379897,0.05356966032269893,0.06084389077911745,0.1027387055389217,0.11101802366946135,-0.003675446824561779
2016-12-01,188.46168518066406,2.440999984741211,14.069999694824219,18.185470949946552,-0.003675446824561779,-0.0023993266595329077,-0.0009067654730207098,0.05817057913893877,0.06379198532352304,0.10056795353133388,0.11130226394145067,0.0005009300847500509
2016-12-02,188.55609130859375,2.390000104904175,14.119999885559082,18.13086708127549,0.0005009300847500509,-0.003675446824561779,-0.005119864649534067,0.04456683526250256,0.05899201478615526,0.09752391325789342,0.11118843355756447,0.006008798748455613
2016-12-05,189.6890869140625,2.38700008392334,12.140000343322754,18.032630134417843,0.006008798748455613,0.0005009300847500509,-0.008306265596016438,0.06059885896449942,0.06334232478873845,0.09724323680811613,0.0997796824819609,0.003167285848231449
2016-12-06,190.28988647460938,2.3959999084472656,11.789999961853027,17.90780971310013,0.003167285848231449,0.006008798748455613,0.0023587731541394596,0.06302936437872246,0.05407180950361446,0.06605730026748363,0.09579783397058765,0.013080917256723223
2016-12-07,192.779052734375,2.3469998836517334,12.220000267028809,18.52267852093682,0.013080917256723223,0.003167285848231449,0.003575853768785775,0.09982634478715036,0.0825877184931796,0.07658656743922201,0.09408585735640096,0.0024487951845373335
2016-12-08,193.25112915039062,2.38700008392334,12.640000343322754,18.417820667831123,0.0024487951845373335,0.013080917256723223,0.019148817400400864,0.07793860742136849,0.08231679297883508,0.07021695783590765,0.09409173727684957,0.006040234329413918
2016-12-09,194.4184112548828,2.4639999866485596,11.75,18.292913290724368,0.006040234329413918,0.0024487951845373335,0.025413356381353003,0.06672256868288569,0.0844643316848091,0.07166268339728832,0.09282084432207087,-0.0011477541134592428
2016-12-12,194.1952667236328,2.4790000915527344,12.640000343322754,18.440641211732256,-0.0011477541134592428,0.006040234329413918,0.031090589042253258,0.084615655659616,0.07793023669708919,0.07081591823874395,0.0923848181148411,0.006674115002057501
2016-12-13,195.49134826660156,2.4809999465942383,12.720000267028809,18.520322447330848,0.006674115002057501,-0.0011477541134592428,0.023755609154320068,0.08422866290689807,0.08040062667044373,0.07228929022596328,0.09309666599687984,-0.008254394550115451
2016-12-14,193.877685546875,2.5250000953674316,13.1899995803833,18.774865196189605,-0.008254394550115451,0.006674115002057501,0.027334410085352756,0.0971590542209328,0.09550611850166424,0.07891401930073667,0.09503284563245724,0.004117513911573001
2016-12-15,194.6759796142578,2.5799999237060547,12.789999961853027,18.643605079240498,0.004117513911573001,-0.008254394550115451,0.005698922143858587,0.09926150908477013,0.08923928734918612,0.07814953256421044,0.09283646480561053,-0.0019560622763953317
2016-12-16,194.29518127441406,2.5969998836517334,12.199999809265137,18.86805654013883,-0.0019560622763953317,0.004117513911573001,0.007373051169902167,0.09212416009661453,0.09217322946537389,0.0784552892271541,0.09230425691770619,0.0021774352959857968
2016-12-19,194.71824645996094,2.5420000553131104,11.710000038146973,18.31910307540892,0.0021774352959857968,-0.0019560622763953317,-0.0006338390467927058,0.09279399491600386,0.09068691779471195,0.07709260484351776,0.09144204705858704,0.0038573613231820403
2016-12-20,195.46934509277344,2.568000078201294,11.449999809265137,18.313527522357052,0.0038573613231820403,0.0021774352959857968,0.0026930611911999414,0.08269038403639158,0.09086635557693774,0.07456819557162851,0.08971813311769286,-0.002782531122077825
2016-12-21,194.92544555664062,2.5460000038146973,11.270000457763672,18.033679146335327,-0.002782531122077825,0.0038573613231820403,-0.00011255318469705067,0.05161130271520467,0.07334656905064108,0.07623564601404531,0.08939496574351312,-0.00172748589118088
2016-12-22,194.58871459960938,2.552999973297119,11.430000305175781,17.844767132564183,-0.00172748589118088,-0.002782531122077825,0.00540423208999119,0.0463743028841951,0.07421510299630589,0.07702333416900271,0.0891422907622751,0.0014643327468368827
2016-12-23,194.8736572265625,2.5429999828338623,11.4399995803833,17.4182273929735,0.0014643327468368827,-0.00172748589118088,-0.00044825773997059226,0.04398159795201101,0.06831590833369036,0.07652115034694655,0.08676757278265988,0.0024808084414669196
2016-12-27,195.3571014404297,2.562999963760376,11.989999771118164,17.56906526605492,0.0024808084414669196,0.0014643327468368827,0.00297730467814028,0.04471465377073636,0.06867612044019444,0.07330813536584731,0.08573721074099189,-0.008264362755286414
2016-12-28,193.7425994873047,2.50600004196167,12.949999809265137,17.975876931330212,-0.008264362755286414,0.0024808084414669196,0.003280919955285899,0.06722529313182764,0.07254611292406699,0.0812046067231032,0.08751395730913808,-0.00022280651943373808
2016-12-29,193.69943237304688,2.4769999980926514,13.369999885559082,17.701109523246075,-0.00022280651943373808,-0.008264362755286414,-0.00883384350957539,0.06724257798656316,0.0597967950236957,0.0803267618069971,0.08668514533031732,-0.0036549515270098976
2016-12-30,192.99147033691406,2.446000099182129,14.039999961853027,18.506842852915973,-0.0036549515270098976,-0.00022280651943373808,-0.006289651820944542,0.06945373453330105,0.05717157536700825,0.08031029623527937,0.08684211268819074,0.00765005132477059
2017-01-03,194.46786499023438,2.450000047683716,12.850000381469727,18.3303894593964,0.00765005132477059,-0.0036549515270098976,-0.008208308821926469,0.0957670611755687,0.07075225787980818,0.08343308568405511,0.08799816239866282,0.005949164849302191
2017-01-04,195.62478637695312,2.4519999027252197,11.850000381469727,18.181717734729705,0.005949164849302191,0.00765005132477059,-0.0020823349964451676,0.10505975123455108,0.07618157878782233,0.08339114945179528,0.08815882304245276,-0.0007945889018386998
2017-01-05,195.46934509277344,2.368000030517578,11.670000076293945,18.177066605056165,-0.0007945889018386998,0.005949164849302191,0.001370233969227197,0.07613880237924642,0.0739447759712855,0.08356078842599507,0.08778802854704058,0.0035779860844560307
2017-01-06,196.16873168945312,2.4179999828338623,11.319999694824219,18.08604543314939,0.0035779860844560307,-0.0007945889018386998,0.008912575809544077,0.0745887360577858,0.07411303013187401,0.07186699823586845,0.08330021727756928,-0.0033011530544921897
2017-01-09,195.52114868164062,2.375999927520752,11.5600004196167,17.664374378533033,-0.0033011530544921897,0.0035779860844560307,0.012748097844967443,0.07275561384522113,0.07592295574285715,0.07309183021678735,0.08379805075924651,0.0
2017-01-10,195.52114868164062,2.378999948501587,11.489999771118164,17.970823228102745,0.0,-0.0033011530544921897,0.013107720980157334,0.05823126149992087,0.07575160532125332,0.07021053354667445,0.08333878908705529,0.0028263556572454274
2017-01-11,196.07376098632812,2.369999885559082,11.260000228881836,18.12832109534532,0.0028263556572454274,0.0,0.005416235178285822,0.044372960345541806,0.0760440773230733,0.07054592056929627,0.08340028575287155,-0.0025100603974042013
2017-01-12,195.58160400390625,2.3610000610351562,11.539999961853027,18.093747678422204,-0.0025100603974042013,0.0028263556572454274,0.0022950803816335075,0.04887565125997056,0.06190849632286885,0.06732860638226837,0.08319455868690914,0.0022955871113830018
2017-01-13,196.03057861328125,2.380000114440918,11.229999542236328,17.95415746724744,0.0022955871113830018,-0.0025100603974042013,0.0005743044316208756,0.04373491909998111,0.06186117571587643,0.06013888875038238,0.08255569413216693,-0.003523452058291965
2017-01-17,195.33987426757812,2.3269999027252197,11.869999885559082,17.930324208354698,-0.003523452058291965,0.0022955871113830018,-0.0007042563561586723,0.044764234950939986,0.06157483928035907,0.06025854149006202,0.08303396765592229,0.0022099246402496053
2017-01-18,195.7715606689453,2.3889999389648438,12.479999542236328,17.819078499920227,0.0022099246402496053,-0.003523452058291965,-0.0009271345595338598,0.047966071250100835,0.050768499687265635,0.06011688951055028,0.0828492373973809,-0.0037043402284552274
2017-01-19,195.04635620117188,2.4590001106262207,12.779999732971191,18.0143472739271,-0.0037043402284552274,0.0022099246402496053,0.0012807411832078675,0.04835557427266552,0.04553619137249693,0.06140310527626206,0.08342137520508577,0.003673677835062339
2017-01-20,195.7628936767578,2.4670000076293945,11.539999961853027,18.676629093461305,0.003673677835062339,-0.0037043402284552274,-0.005239889213059401,0.055902849453420646,0.04950764928643557,0.06125697092213717,0.08333383309107949,-0.0026021244603362526
2017-01-23,195.2534942626953,2.4030001163482666,11.770000457763672,18.13381968104666,-0.0026021244603362526,0.003673677835062339,0.0009269259947777275,0.05508985972959759,0.047208606989328536,0.06114832601681632,0.08318068310790935,0.006412015254921188
2017-01-24,196.50546264648438,2.4709999561309814,11.069999694824219,18.37521570591857,0.006412015254921188,-0.0026021244603362526,-0.003964097622335405,0.06772892443756309,0.05534156474324423,0.06466241314848523,0.08366051034067597,0.0086554142502413
2017-01-25,198.206298828125,2.5230000019073486,10.8100004196167,18.25152455414078,0.0086554142502413,0.006412015254921188,0.0059669761909932895,0.08661983256220625,0.06858910142636972,0.07083152963858601,0.084660679336471,-0.0010453708984261567
2017-01-26,197.9990997314453,2.507999897003174,10.630000114440918,17.909366684254298,-0.0010453708984261567,0.0086554142502413,0.012436628440107844,0.07605963268047926,0.06904471583757248,0.07086571307453979,0.08433577302932317,-0.001569966990773608
2017-01-27,197.68824768066406,2.4809999465942383,10.579999923706055,17.905028507475603,-0.001569966990773608,-0.0010453708984261567,0.015138675686040326,0.08208610135086236,0.06786299678517918,0.06323020688936949,0.08450987241693865,-0.006201673287048903
2017-01-30,196.46224975585938,2.4830000400543213,11.880000114440918,18.194248051840255,-0.006201673287048903,-0.001569966990773608,0.009835132530710222,0.09728720925202818,0.0764627022226379,0.06815388121857816,0.08408229438955442,-8.784227224889474e-05
2017-01-31,196.4449920654297,2.4509999752044678,11.989999771118164,18.14467425911665,-8.784227224889474e-05,-0.006201673287048903,0.00619069839302222,0.08582877390583299,0.07363266740120374,0.06626900889277376,0.08272371476380383,0.0003955191378988143
2017-02-01,196.52268981933594,2.4739999771118164,11.8100004196167,18.186447187728152,0.0003955191378988143,-8.784227224889474e-05,-0.0003077297711742144,0.041774956436548334,0.07306508044382969,0.06127703163046895,0.0817938682744963,0.0006591967536151433
2017-02-02,196.65223693847656,2.4700000286102295,11.930000305175781,18.059102383606835,0.0006591967536151433,0.0003955191378988143,-0.008494225555611634,0.04508421025543561,0.06940620963680723,0.05785690076165793,0.08162927569074128,0.006892719712230155
2017-02-03,198.00770568847656,2.490999937057495,10.970000267028809,18.204552539944675,0.006892719712230155,0.0006591967536151433,-0.006802368267308068,0.07361531903235057,0.07477413081246975,0.062251774791586854,0.07054594165096018,-0.0017876748151851585
2017-02-06,197.6537322998047,2.4130001068115234,11.369999885559082,17.87232805599965,-0.0017876748151851585,0.006892719712230155,0.0016159686352652525,0.05260814026297021,0.07373411162256341,0.06181966222908819,0.07051476643950212,4.346337477278972e-05
2017-02-07,197.66232299804688,2.3889999389648438,11.289999961853027,17.874766674775735,4.346337477278972e-05,-0.0017876748151851585,0.006064689503586296,0.05241126486152444,0.06790788322965616,0.06029628509346723,0.06778428849815561,0.001310560646990977
2017-02-08,197.92137145996094,2.3510000705718994,11.449999809265137,17.758376996453027,0.001310560646990977,4.346337477278972e-05,0.006196803083744262,0.051881612267335155,0.051534008311570505,0.060316734436521996,0.06771965348988954,0.005932630353539414
2017-02-09,199.09556579589844,2.3949999809265137,10.880000114440918,18.004486296792923,0.005932630353539414,0.001310560646990977,0.007117150909703218,0.05987767007272309,0.059402575718129715,0.0627831483816316,0.06809121323983619,0.003946067448108881
2017-02-10,199.88121032714844,2.4089999198913574,10.850000381469727,18.00540619521554,0.003946067448108881,0.005932630353539414,0.012424617667513571,0.048826053626357675,0.06031482806800258,0.06248811655693924,0.06832359120935547,0.00544276213861461
2017-02-13,200.9691162109375,2.434000015258789,11.069999694824219,17.8261492014182,0.00544276213861461,0.003946067448108881,0.009461776409951606,0.04085667528388672,0.04782016598418612,0.06426332195606461,0.06751861180826892,0.00399522820026732
2017-02-14,201.77203369140625,2.4700000286102295,10.739999771118164,18.079724483104005,0.00399522820026732,0.00544276213861461,0.016773697478699612,0.028589488439146746,0.04654761097896182,0.062365974898970986,0.06745564613114012,0.0052204693945518965
2017-02-15,202.82537841796875,2.502000093460083,11.970000267028809,18.27895358330012,0.0052204693945518965,0.00399522820026732,0.02079157338143789,0.014180698867039139,0.04620883038395807,0.06364074525680509,0.06747528472963189,-0.0008513158381759922
2017-02-16,202.6527099609375,2.450000047683716,11.760000228881836,18.25489059927133,-0.0008513158381759922,0.0052204693945518965,0.02477755141768445,0.04054973079068187,0.04903837342855609,0.06113691264912067,0.06722613454752469,0.0015763063276332812
2017-02-17,202.97215270996094,2.424999952316284,11.489999771118164,18.16196313534575,0.0015763063276332812,-0.0008513158381759922,0.017866516267296628,0.04253522537213358,0.04429896460512308,0.06079207321283049,0.06595646553145487,0.0059552774950921705
2017-02-21,204.180908203125,2.427000045776367,11.569999694824219,18.303541137501007,0.0059552774950921705,0.0015763063276332812,0.015463896670194766,0.0444440969017177,0.040267846852395525,0.06012719109952118,0.06665752948370533,-0.0008879622156457989
2017-02-22,203.99960327148438,2.4179999828338623,11.739999771118164,17.944501299558027,-0.0008879622156457989,0.0059552774950921705,0.015981520209385813,0.05172041867743991,0.04255569217290523,0.05898950489717648,0.0667884356133262,0.0006769978842600111
2017-02-23,204.13771057128906,2.388000011444092,11.710000038146973,18.127864192594775,0.0006769978842600111,-0.0008879622156457989,0.011040031362745895,0.04458394140698861,0.043438018771571885,0.053364929651099194,0.06659824398555372,0.0012686897782532292
2017-02-24,204.39669799804688,2.316999912261963,11.470000267028809,18.226872681112084,0.0012686897782532292,0.0006769978842600111,0.006470256156090759,0.04051204399255088,0.04117476094957204,0.05253783214780861,0.06545766620331349,0.0015632299645653713
2017-02-27,204.71621704101562,2.36899995803833,12.09000015258789,17.850023743043177,0.0015632299645653713,0.0012686897782532292,0.008605796771459673,0.0405150287717767,0.040784766555210634,0.05119323551059757,0.06544585422546198,-0.0026993320504146157
2017-02-28,204.1636199951172,2.3580000400543213,12.920000076293945,18.389828686116186,-0.0026993320504146157,0.0015632299645653713,0.008592628632888788,0.028157937916470765,0.04409977956993677,0.045125037205584945,0.06552086653439584,0.013997687754478294
2017-03-01,207.0214385986328,2.4630000591278076,12.539999961853027,18.820518052327934,0.013997687754478294,-0.0026993320504146157,-8.467103099873974e-05,0.10160992585043457,0.07627519620855631,0.0615048713800511,0.06968819737493306,-0.006297541960456954
2017-03-02,205.71771240234375,2.489000082015991,11.8100004196167,18.067513939290922,-0.006297541960456954,0.013997687754478294,0.014812947077779137,0.12158868124561277,0.08636678004923243,0.06888000795235566,0.07150530330036092,0.0006295841036243477
2017-03-03,205.84722900390625,2.492000102996826,10.960000038146973,18.221916353668696,0.0006295841036243477,-0.006297541960456954,0.007739882193412262,0.1217718325828452,0.08558784144555898,0.06888943132690727,0.07089179386022568,-0.0029779686360764668
2017-03-06,205.23422241210938,2.49399995803833,11.239999771118164,17.829936728396408,-0.0029779686360764668,0.0006295841036243477,0.0070966459833574635,0.1256841761704677,0.08859158684013786,0.0690645187319644,0.07134475477317193,-0.002986789073495366
2017-03-07,204.62123107910156,2.510999917984009,11.449999809265137,17.991491956561305,-0.002986789073495366,-0.0029779686360764668,0.0025303582617002274,0.12616520690218738,0.08627640235473293,0.07001594774931404,0.0674786894682315,-0.0018566662319183802
2017-03-08,204.24131774902344,2.552000045776367,11.859999656677246,18.17438116171378,-0.0018566662319183802,-0.002986789073495366,0.002241393858491092,0.03960613543785572,0.08676311902646784,0.07094633681314834,0.06766130943273695,0.0012680461995258074
2017-03-09,204.50030517578125,2.5980000495910645,12.300000190734863,18.322890402087204,0.0012680461995258074,-0.0018566662319183802,-0.013429144674235394,0.03196897567520985,0.08691770732655574,0.07094917837212715,0.06682386457364159,0.003504591657506495
2017-03-10,205.2169952392578,2.5820000171661377,11.65999984741211,18.222128592789648,0.003504591657506495,0.0012680461995258074,-0.005917853219082558,0.04578048178369863,0.08840599801217978,0.06951233073412348,0.06690944548196355,0.0005044946870427225
2017-03-13,205.32052612304688,2.6080000400543213,11.350000381469727,17.863056988102908,0.0005044946870427225,0.003504591657506495,-0.003061657753170355,0.040840331622223634,0.08818026699551149,0.0689936336483669,0.06583288326774657,-0.0038265038809038865
2017-03-14,204.5348663330078,2.5950000286102295,12.300000190734863,17.90786649417974,-0.0038265038809038865,0.0005044946870427225,0.0004205132551635682,0.04504067243906088,0.0894295405467102,0.06954812211300317,0.06381878372588032,0.008653727579092108
2017-03-15,206.3048553466797,2.507999897003174,11.630000114440918,18.380710480356324,0.008653727579092108,-0.0038265038809038865,-0.0004220712857522235,0.07242245071383324,0.06772704538563984,0.0741231983410188,0.06545176418893449,-0.0019671762548357785
2017-03-16,205.89901733398438,2.5220000743865967,11.210000038146973,18.176619957146986,-0.0019671762548357785,0.008653727579092108,0.010103428730282582,0.07797058014984753,0.06012017012271365,0.07323744980735142,0.0654538944804454,-0.0017561401171115598
2017-03-17,205.5374298095703,2.500999927520752,11.279999732971191,18.30417053415935,-0.0017561401171115598,-0.0019671762548357785,0.006839658048435782,0.07785797466782579,0.06071558451916176,0.07357153569809016,0.06564156200229121,-0.0010969479738867083
2017-03-20,205.3119659423828,2.4730000495910645,11.34000015258789,17.77702826027277,-0.0010969479738867083,-0.0017561401171115598,0.001561442657022294,0.07844891589931065,0.05896632654193706,0.073769155997956,0.06547647680563691,-0.012839674998560091
2017-03-21,202.6758270263672,2.436000108718872,12.470000267028809,18.69686674658681,-0.012839674998560091,-0.0010969479738867083,-4.169179197865969e-05,0.12081298106955252,0.08715351830675784,0.08493918990444968,0.07086694756552855,0.002353235591655123
2017-03-22,203.15277099609375,2.3959999084472656,12.8100004196167,18.396072438058084,0.002353235591655123,-0.012839674998560091,-0.009089107104183758,0.09108601209145303,0.08846775025098781,0.08544776959164235,0.07077318556395379,-0.0010670115714347395
2017-03-23,202.93600463867188,2.4179999828338623,13.119999885559082,18.424775359560517,-0.0010670115714347395,0.002353235591655123,-0.015278769592160568,0.09198696373951652,0.0879210117137897,0.08543617828118336,0.07085076449657314,-0.000726261679474316
2017-03-24,202.7886199951172,2.4000000953674316,12.960000038146973,18.53850734310429,-0.000726261679474316,-0.0010670115714347395,-0.014390611153360933,0.09306484442215894,0.08468925612636398,0.0852493779878026,0.07080854068339036,-0.0010263390658583615
2017-03-27,202.5804901123047,2.372999906539917,12.5,18.286629227515473,-0.0010263390658583615,-0.000726261679474316,-0.013373767576056017,0.09314160718028036,0.08418545626977512,0.08496108599696613,0.06843835609069428,0.0072770192632518604
2017-03-28,204.05467224121094,2.4089999198913574,11.529999732971191,18.353299797615744,0.0072770192632518604,-0.0010263390658583615,-0.013304026472790498,0.057200622339634424,0.09296062902662464,0.08884385066261134,0.06969606064460118,0.000934574756894957
2017-03-29,204.24537658691406,2.385999917984009,11.420000076293945,17.94184463898054,0.000934574756894957,0.0072770192632518604,0.006803205074201513,0.05653480802543448,0.07942009336782921,0.07203353040966537,0.0690528654152943,0.0031843591070137567
2017-03-30,204.89576721191406,2.4159998893737793,11.539999961853027,17.853952993357925,0.0031843591070137567,0.000934574756894957,0.005378246063113323,0.05438644455341213,0.08182200113171734,0.07003535657232145,0.06779845828664295,-0.002327813966124248
2017-03-31,204.41880798339844,2.3959999084472656,12.369999885559082,18.115962387944805,-0.002327813966124248,0.0031843591070137567,0.009657047189489898,0.06019064230589847,0.08212214909225203,0.07036183538895201,0.06727513933602719,-0.0017392224749942509
2017-04-03,204.0632781982422,2.3499999046325684,12.380000114440918,18.2645706574076,-0.0017392224749942509,-0.002327813966124248,0.008038853404695567,0.06233124602898751,0.08230862064652888,0.06988132665078449,0.06739503861901033,0.0006373803220116603
2017-04-04,204.19334411621094,2.3499999046325684,11.789999961853027,17.849152804726867,0.0006373803220116603,-0.0017392224749942509,0.0073195009307929215,0.03529037212715446,0.04596321976243764,0.06919805693200293,0.06713250781331448,-0.002972422314576728
2017-04-05,203.58639526367188,2.3570001125335693,12.890000343322754,18.505027416267918,-0.002972422314576728,0.0006373803220116603,0.0006795819643672374,0.04028073100141876,0.04846864555790493,0.06968628689211477,0.06705263363370459,0.002810697875423873
2017-04-06,204.1586151123047,2.3429999351501465,12.390000343322754,18.051583258765074,0.002810697875423873,-0.002972422314576728,-0.0032264197812172934,0.038070350255466685,0.049489542340921636,0.07031535306643837,0.06717770795114959,-0.0010190781748433686
2017-04-07,203.9505615234375,2.372999906539917,12.869999885559082,18.12513182215833,-0.0010190781748433686,0.002810697875423873,-0.003597693157062487,0.0356407381853646,0.049731362152079066,0.06908429457527786,0.06712728594383939,0.000595162210319522
2017-04-10,204.0719451904297,2.3610000610351562,14.050000190734863,18.029344861554613,0.000595162210319522,-0.0010190781748433686,-0.002290623179834639,0.03417056829910184,0.04892826027369138,0.06909905427406635,0.06680072885357433,-0.0011897659491407753
2017-04-11,203.8291473388672,2.2980000972747803,15.069999694824219,18.293362024077513,-0.0011897659491407753,0.000595162210319522,4.2472081523081684e-05,0.03451855505999874,0.03316766440589412,0.0679362942366068,0.06683086029695627,-0.0043818203228337405
2017-04-12,202.93600463867188,2.2960000038146973,15.770000457763672,18.220574790104756,-0.0043818203228337405,-0.0011897659491407753,-0.0017835878976372177,0.04190994659817567,0.03875270737070301,0.06088787788887632,0.06708298623791518,-0.006494925341442248
2017-04-13,201.61795043945312,2.2320001125335693,15.960000038146973,18.346823212743384,-0.006494925341442248,-0.0043818203228337405,-0.0031946664420167137,0.04558950945052283,0.04230403752215827,0.06406183039260255,0.06857110724426956,0.008859980834366565
2017-04-17,203.40428161621094,2.252000093460083,14.65999984741211,18.04096234146375,0.008859980834366565,-0.006494925341442248,-0.012444562633097678,0.09401193190310034,0.06702963302360773,0.07295839493419122,0.07009850158484007,-0.0029843282632060486
2017-04-18,202.79725646972656,2.178999900817871,14.420000076293945,18.237067965890912,-0.0029843282632060486,0.008859980834366565,-0.0026784918028469606,0.09476299270606756,0.06796457831588107,0.073465124935845,0.07022373106081485,-0.0018386788599182857
2017-04-19,202.42437744140625,2.2019999027252197,14.930000305175781,18.045258316143503,-0.0018386788599182857,-0.0029843282632060486,-0.006246271232989153,0.09485404477677885,0.06782461561416481,0.05789615893044632,0.07009243394076771,0.008139176564839978
2017-04-20,204.0719451904297,2.240999937057495,14.149999618530273,18.343499449362227,0.008139176564839978,-0.0018386788599182857,-0.006891899003656721,0.11019961777691924,0.07998783290119743,0.06437009555458414,0.070788901061133,-0.003186616718230395
2017-04-21,203.42164611816406,2.236999988555908,14.630000114440918,18.519528305293388,-0.003186616718230395,0.008139176564839978,0.005597530875708134,0.09754255187331219,0.08027647171393576,0.06537003244888258,0.06920393586444541,0.010997760857209604
2017-04-24,205.65882873535156,2.2730000019073486,10.84000015258789,18.596396371226597,0.010997760857209604,-0.003186616718230395,0.008946106607965909,0.10792184636140603,0.09814841822823753,0.07576023191129169,0.07242439659378336,0.005818642850375255
2017-04-25,206.85548400878906,2.3269999027252197,10.760000228881836,18.15539011485355,0.005818642850375255,0.010997760857209604,0.011084069131811924,0.09886440353677652,0.10122093375702997,0.07755009805158364,0.07304041592275033,-0.0006288505106892828
2017-04-26,206.72540283203125,2.311000108718872,10.850000381469727,18.25465568693133,-0.0006288505106892828,0.005818642850375255,0.02001125463779796,0.09465741782741888,0.10086167102877422,0.07414122486706652,0.07164938462331935,0.0008388719302010461
2017-04-27,206.89881896972656,2.2960000038146973,10.359999656677246,17.8657343051191,0.0008388719302010461,-0.0006288505106892828,0.02124756635040148,0.08971308367419586,0.09571192144866411,0.07413731439164802,0.0716222410350862,-0.0021793126661725504
2017-04-28,206.4479217529297,2.2820000648498535,10.819999694824219,17.967066881677386,-0.0021793126661725504,0.0008388719302010461,0.01385233906923844,0.08569608730742088,0.08711302889815578,0.07415584163564816,0.071889675214001,0.0025201461281199045
2017-05-01,206.96820068359375,2.325000047683716,10.109999656677246,18.01844792137646,0.0025201461281199045,-0.0021793126661725504,0.014876861398553931,0.04889129604426818,0.0793868045692128,0.07379706375028416,0.07197173256352667,0.00037717854523511285
2017-05-02,207.0462646484375,2.2960000038146973,10.59000015258789,17.86513144413527,0.00037717854523511285,0.0025201461281199045,0.006366718882402811,0.027689203040979014,0.07547096936237026,0.07327637534256401,0.07087033083931514,-0.0012146819540800324
2017-05-03,206.79476928710938,2.309000015258789,10.680000305175781,18.107854537323014,-0.0012146819540800324,0.00037717854523511285,0.0009222894938589743,0.029053539068687035,0.0746226639398178,0.0736036000378199,0.07079224511873758,0.0011740267590441
2017-05-04,207.0375518798828,2.3559999465942383,10.460000038146973,17.933941060983745,0.0011740267590441,-0.0012146819540800324,0.00033554877208041844,0.029703609996563015,0.06674068444688686,0.07236313031753508,0.0707810422737049,0.003937085346679803
2017-05-05,207.85267639160156,2.3519999980926514,10.569999694824219,17.942665926660176,0.003937085346679803,0.0011740267590441,0.0006705350511282404,0.03136652857341264,0.062312028018794416,0.07287641649996292,0.07106884428671148,-0.00016679106255379494
2017-05-08,207.81800842285156,2.375999927520752,9.770000457763672,17.694714894153375,-0.00016679106255379494,0.003937085346679803,0.006804401937032134,0.030895524962375645,0.03874214779394541,0.07264007035478041,0.07029202043642649,-0.0009179444183259333
2017-05-09,207.6272430419922,2.4070000648498535,9.960000038146973,17.754432540170228,-0.0009179444183259333,-0.00016679106255379494,0.00410598215789193,0.03334000779883294,0.029063926606856392,0.07293595861727224,0.07004625531123845,0.001795759098274008
2017-05-10,208.00009155273438,2.4140000343322754,10.210000038146973,17.809920616324565,0.001795759098274008,-0.0009179444183259333,0.0028060317559517323,0.029904302247450342,0.029269342096517107,0.07258461159543442,0.06937450699410612,-0.002042769486602092
2017-05-11,207.5751953125,2.4000000953674316,10.600000381469727,17.948407356753833,-0.002042769486602092,0.001795759098274008,0.005828591650456794,0.037575316738310854,0.03209449044379961,0.07072551361859129,0.06920929864453199,-0.001671169380448534
2017-05-12,207.22830200195312,2.3350000381469727,10.399999618530273,17.802876648194676,-0.001671169380448534,-0.002042769486602092,0.002596840175781878,0.02414987768699874,0.031067786801828735,0.06571393247704997,0.06863270348887222,0.0055236341235942454
2017-05-15,208.37295532226562,2.3380000591278076,10.420000076293945,17.941336038380225,0.0055236341235942454,-0.001671169380448534,-0.0030039275918299913,0.050261734698872344,0.03940370187905013,0.06161744965903811,0.06938862232629896,-0.0009154997133113962
2017-05-16,208.18218994140625,2.3289999961853027,10.649999618530273,17.752066182696744,-0.0009154997133113962,0.0055236341235942454,0.002670350387945719,0.0502572775912274,0.04020748101151963,0.06016818638355216,0.0694073700230006,-0.01774392769910904
2017-05-17,204.48822021484375,2.2160000801086426,15.59000015258789,18.96401673794972,-0.01774392769910904,-0.0009154997133113962,0.0026728038733425663,0.13664499914998987,0.10067419115869583,0.0902194346473227,0.07783396286727118,0.004028328510432555
2017-05-18,205.3119659423828,2.2330000400543213,14.65999984741211,18.488785096823534,0.004028328510432555,-0.01774392769910904,-0.01688398938516933,0.14678128529231868,0.10346265857125819,0.08672908937756642,0.07823553098717531,0.006504339360067446
2017-05-19,206.6473846435547,2.244999885559082,12.039999961853027,18.560541820544,0.006504339360067446,0.004028328510432555,-0.01090317832393195,0.15941323003797792,0.10749015757416241,0.08834337005255606,0.07931712613485205,0.0050771466522945286
2017-05-22,207.69656372070312,2.253999948501587,10.930000305175781,17.92655819392364,0.0050771466522945286,0.006504339360067446,-0.0028032722981679026,0.1583748425965815,0.11118791818030868,0.08151638615110951,0.07991478936738125,0.0022128916199577464
2017-05-23,208.1561737060547,2.2850000858306885,10.720000267028809,17.693805120870415,0.0022128916199577464,0.0050771466522945286,-0.0032460623333598893,0.15954747113169435,0.11160275666559255,0.0793761411193803,0.07997043733195343,0.0023327698414634668
2017-05-24,208.64175415039062,2.2660000324249268,10.020000457763672,17.664118698716404,0.0023327698414634668,0.0022128916199577464,-0.00012496859293720242,0.029056574108405103,0.1118397037379134,0.07959975043382617,0.07983177694404604,0.004779667249446451
2017-05-25,209.6389923095703,2.255000114440918,9.989999771118164,17.97551334234972,0.004779667249446451,0.0023327698414634668,0.020311849412073757,0.029537668820696274,0.1130235293454591,0.08105547638091631,0.07521452079025256,-0.0002072218149035132
2017-05-26,209.59555053710938,2.25,9.8100004196167,17.657752545685533,-0.0002072218149035132,0.004779667249446451,0.021075373504541917,0.0343264327109228,0.11228663870252364,0.08043575624457205,0.07398584050151123,-0.0008685172612163949
2017-05-30,209.41351318359375,2.2170000076293945,10.380000114440918,17.37661064479189,-0.0008685172612163949,-0.0002072218149035132,0.014266649919813634,0.03582335226641035,0.10988931157107715,0.08035671828640269,0.07402293171592202,-0.0002483947245012219
2017-05-31,209.3614959716797,2.196000099182129,10.40999984741211,18.33507929255036,-0.0002483947245012219,-0.0008685172612163949,0.008266624310643289,0.037603745703558254,0.10969616397931048,0.08041035934321042,0.07371786444908991,0.0079523552526235
2017-06-01,211.0264129638672,2.2170000076293945,9.890000343322754,18.049066200720077,0.0079523552526235,-0.0002483947245012219,0.005790470895795208,0.06194931416935372,0.04790768813072271,0.08420845930024005,0.07500536128064386,0.003328313506741676
2017-06-02,211.72877502441406,2.1589999198913574,9.75,18.300388198358267,0.003328313506741676,0.0079523552526235,0.011429441931156692,0.059051286396246655,0.047679264787450104,0.08460469598869032,0.07505488130232171,-0.0007371796927569951
2017-06-05,211.57269287109375,2.181999921798706,10.069999694824219,17.615457235957827,-0.0007371796927569951,0.003328313506741676,0.009968482923051747,0.06039880479003568,0.04699684782242656,0.08417691949201651,0.0750924281080694,-0.003196898113810631
2017-06-06,210.8963165283203,2.1470000743865967,10.449999809265137,17.735013538497206,-0.003196898113810631,-0.0007371796927569951,0.00943313123259415,0.06876889132229853,0.051729316570834113,0.08536539596062823,0.07523262518817445,0.0018504046760865478
2017-06-07,211.28656005859375,2.177999973297119,10.390000343322754,17.80716328118199,0.0018504046760865478,-0.003196898113810631,0.007080743368392817,0.06715698688650874,0.0516281724746187,0.08521374730135638,0.07528610078843384,0.0004923854304754727
2017-06-08,211.39059448242188,2.194000005722046,10.15999984741211,18.004418066335703,0.0004923854304754727,0.0018504046760865478,0.009194928981470785,0.03961019866034923,0.05162211660163489,0.08515510839062466,0.07474717362200652,-0.0015176457629278994
2017-06-09,211.0697784423828,2.1989998817443848,10.699999809265137,18.70025302828755,-0.0015176457629278994,0.0004923854304754727,0.0017257627300761857,0.03053541901785718,0.049418471443773135,0.08494088819433432,0.07292778830773072,-0.00020545564995444465
2017-06-12,211.0264129638672,2.2130000591278076,11.460000038146973,18.27111405324139,-0.00020545564995444465,-0.0015176457629278994,-0.0031124564053953696,0.030641971515572172,0.04941757963274431,0.08452246641834534,0.07277367839824152,0.004889793632270267
2017-06-13,212.05828857421875,2.2070000171661377,10.420000076293945,17.91097118049265,0.004889793632270267,-0.00020545564995444465,-0.0025819962860679224,0.03876363716753088,0.05269485007472048,0.0840936461641475,0.07319801279549949,-0.0012677863539302114
2017-06-14,211.78944396972656,2.138000011444092,10.640000343322754,18.179911531780096,-0.0012677863539302114,0.004889793632270267,0.005509683929175724,0.04121385249320484,0.053750218510156614,0.08420321128215798,0.0732150781546313,-0.0019240865506090499
2017-06-15,211.38194274902344,2.1619999408721924,10.899999618530273,18.012184561776973,-0.0019240865506090499,-0.0012677863539302114,0.002380103642150022,0.04459352909023459,0.03987265571775508,0.049307202356218195,0.06792922125600069,0.00021829006548479413
2017-06-16,211.42808532714844,2.1570000648498535,10.380000114440918,18.252890309159064,0.00021829006548479413,-0.0019240865506090499,-4.092771213226598e-05,0.0425395338159269,0.0358290320575956,0.048735291676522505,0.06784952923453512,0.008325183523187674
2017-06-19,213.18826293945312,2.190000057220459,10.369999885559082,17.991800647119764,0.008325183523187674,0.00021829006548479413,0.001697575500433146,0.06991931125441016,0.055228153431234446,0.05157427913237104,0.06952925482961436,-0.006744083279211277
2017-06-20,211.75050354003906,2.1530001163482666,10.859999656677246,17.85691838837573,-0.006744083279211277,0.008325183523187674,0.010244452081721533,0.08686147912927555,0.06445549705904464,0.05761174252847396,0.07117921303067987,-0.0002470224534618648
2017-06-21,211.6981964111328,2.1549999713897705,10.75,17.84046218654237,-0.0002470224534618648,-0.006744083279211277,-0.0014514171374724327,0.08643027558068712,0.06400302002178135,0.057571410863544635,0.07111492702829196,-0.00045257795365138964
2017-06-22,211.60238647460938,2.1530001163482666,10.479999542236328,17.60306047163165,-0.00045257795365138964,-0.0002470224534618648,-0.0004308409186191131,0.08506682420823977,0.06405872457945681,0.057468980490769477,0.06983474947086803,0.0011941526326089136
2017-06-23,211.85507202148438,2.1440000534057617,10.020000457763672,18.020006157948192,0.0011941526326089136,-0.00045257795365138964,0.0010428692381150295,0.08534726595996259,0.06357709786633094,0.05547695950248657,0.06984184791354911,0.0006580892981873365
2017-06-26,211.99449157714844,2.13700008392334,9.899999618530273,17.85329360463778,0.0006580892981873365,0.0011941526326089136,0.0020195363055728333,0.051042618209603416,0.0635027025072871,0.055409083997709496,0.06963716953410123,-0.0080562741488307
2017-06-27,210.28660583496094,2.197999954223633,11.0600004196167,18.225245995851328,-0.0080562741488307,0.0006580892981873365,-0.005599611094179835,0.06018535174503623,0.07105097263082413,0.06321670986299521,0.07161926736422314,0.008950433930858592
2017-06-28,212.16876220703125,2.2209999561309814,10.029999732971191,18.064614200614734,0.008950433930858592,-0.0080562741488307,-0.00691331392655381,0.09591454767628543,0.08618985562197752,0.07035147726813301,0.07352846031120328,-0.008789047610691436
2017-06-29,210.3040008544922,2.2669999599456787,11.4399995803833,18.487869197789855,-0.008789047610691436,0.008950433930858592,0.002222814383286309,0.11687388692887513,0.09710763942587504,0.0724516144788857,0.0760358818923454,0.001864685775414987
2017-06-30,210.69615173339844,2.302000045776367,11.180000305175781,18.27935564197958,0.001864685775414987,-0.008789047610691436,-0.006135968699355732,0.11783531655511513,0.09779519106008111,0.07169892246554302,0.07573721096670973,0.0016958060303806644
2017-07-03,211.05345153808594,2.3459999561309814,11.220000267028809,17.483008063810946,0.0016958060303806644,0.001864685775414987,-0.005470344783477299,0.11902086075234349,0.08636169212730566,0.0719923129294128,0.07563156789915391,0.0023120248063872584
2017-07-05,211.54141235351562,2.3340001106262207,11.069999694824219,17.81238195448039,0.0023120248063872584,0.0016958060303806644,-0.004438983447454525,0.10095435006734159,0.0812911099906238,0.07151670070250944,0.07564169035422529,-0.009144753252010362
2017-07-06,209.60691833496094,2.369999885559082,12.539999961853027,17.996045064058848,-0.009144753252010362,0.0023120248063872584,0.005967125264932482,0.09507399816119437,0.09318297669021677,0.07839362679850205,0.07824451316211861,0.006485499278252593
2017-07-07,210.96632385253906,2.3929998874664307,11.1899995803833,17.8754758854728,0.006485499278252593,-0.009144753252010362,-0.012074557278938691,0.0923322949940922,0.1004976301646122,0.08208521995062197,0.07913016515719079,0.0010736380134399592
2017-07-10,211.1928253173828,2.371000051498413,11.109999656677246,17.417286839966447,0.0010736380134399592,0.006485499278252593,0.0031493599520493465,0.09184219242653063,0.10044984344811202,0.08200183766354707,0.078454253975118,-0.0007427352294130385
2017-07-11,211.0359649658203,2.361999988555908,10.890000343322754,17.734600553291553,-0.0007427352294130385,0.0010736380134399592,0.0023572978428805236,0.0914466635219351,0.10032375509899412,0.08204549272533136,0.077081982990276,0.007514721318238715
2017-07-12,212.62184143066406,2.3269999027252197,10.300000190734863,17.9033406302327,0.007514721318238715,-0.0007427352294130385,-8.285376115946264e-05,0.10604002426410673,0.09761783286112102,0.08460326751932172,0.07652644938533386,0.0016803037952517474
2017-07-13,212.97911071777344,2.3480000495910645,9.899999618530273,17.49109200926889,0.0016803037952517474,0.007514721318238715,0.0051074116653002655,0.05711920167857348,0.08760150740900205,0.08459695802217733,0.07615029391423586,0.0046641307845169955
2017-07-14,213.97247314453125,2.319000005722046,9.510000228881836,17.914223913098045,0.0046641307845169955,0.0016803037952517474,0.016088173088941504,0.05173322519830088,0.07290988840725608,0.08553347754376013,0.07634350794112606,-0.00012208601644447814
2017-07-17,213.94635009765625,2.309000015258789,9.819999694824219,17.32800781233185,-0.00012208601644447814,0.0046641307845169955,0.01424942728818368,0.05490181236463691,0.07349481168357493,0.08556336756967241,0.07487774472453604,0.0005294843775007774
2017-07-18,214.05963134765625,2.263000011444092,9.890000343322754,17.57070432275532,0.0005294843775007774,-0.00012208601644447814,0.01303796554705583,0.050597686007913374,0.07365934316283053,0.08056407760838112,0.0744188230150407,0.005414078028531888
2017-07-19,215.21856689453125,2.2679998874664307,9.789999961853027,17.748008533243134,0.005414078028531888,0.0005294843775007774,0.014327730263065108,0.03935402119290885,0.07630384836423716,0.07815585699900096,0.07201106042871816,0.0004451750511393904
2017-07-20,215.3143768310547,2.2660000324249268,9.579999923706055,17.668530647150384,0.0004451750511393904,0.005414078028531888,0.012212882018115545,0.04174678397918655,0.04792595574942596,0.0780686060278657,0.07123913755905828,-0.0008902373869512648
2017-07-21,215.12269592285156,2.2320001125335693,9.359999656677246,18.226377302215965,-0.0008902373869512648,0.0004451750511393904,0.010964766006445581,0.03954078093843881,0.04584605174290086,0.07818148393342755,0.0712616306128277,-0.000243008349741336
2017-07-24,215.07041931152344,2.253999948501587,9.430000305175781,17.65758954685325,-0.000243008349741336,-0.0008902373869512648,0.0053755642556103655,0.039780066419288704,0.04701757464205244,0.07826076756274297,0.07128541353913122,0.0024308160672812384
2017-07-25,215.5932159423828,2.3259999752044678,9.430000305175781,17.821308037331168,0.0024308160672812384,-0.000243008349741336,0.005253977052443792,0.04049309709320313,0.04481205621423249,0.0784813150176402,0.07112823113118903,4.0271447961037765e-05
2017-07-26,215.60189819335938,2.2820000648498535,9.600000381469727,17.6778263999076,4.0271447961037765e-05,0.0024308160672812384,0.007164286816115473,0.019960915796002066,0.034165254832453626,0.07121589391886136,0.07104355394783333,-0.0009293200146132108
2017-07-27,215.4015350341797,2.309999942779541,10.109999656677246,18.074897710072772,-0.0009293200146132108,4.0271447961037765e-05,0.0017811255987778551,0.021870443045344627,0.03601625208746439,0.0654654215148807,0.07111863987124144,-0.001173161582269877
2017-07-28,215.14883422851562,2.2890000343322754,10.289999961853027,17.729300022284836,-0.001173161582269877,-0.0009293200146132108,0.00040479509268154246,0.022737608001189156,0.03165206638527457,0.05555652644403976,0.07111399229251414,-0.0005668087518334586
2017-07-31,215.02688598632812,2.2920000553131104,10.260000228881836,18.002718384490827,-0.0005668087518334586,-0.001173161582269877,0.00012150417487077902,0.023091608865038117,0.031993441170283465,0.05580877526829663,0.07115079213177117,0.002228640047028163
2017-08-01,215.506103515625,2.250999927520752,10.09000015258789,17.823759705393446,0.002228640047028163,-0.0005668087518334586,-0.0002024142852126154,0.021733606552821364,0.0331450803734303,0.055925811867409955,0.07089846767196564,0.00048501041674930967
2017-08-02,215.61062622070312,2.26200008392334,10.279999732971191,17.670141731724414,0.00048501041674930967,0.002228640047028163,-0.00040405922040276376,0.022114753418292474,0.020072589594834073,0.05575489618861317,0.0708804417716608,-0.0019398088838858962
2017-08-03,215.1923828125,2.2279999256134033,10.4399995803833,17.525564271785825,-0.0019398088838858962,0.00048501041674930967,4.0482145180043005e-05,0.025690022394285666,0.02260971682081844,0.042797867336507714,0.0710061868454414,0.00182218513593857
2017-08-04,215.58450317382812,2.2669999599456787,10.029999732971191,17.91304670499024,0.00182218513593857,-0.0019398088838858962,-0.0009709876099374126,0.02724573351647985,0.023871494551801525,0.03829612291467616,0.07100809788431452,0.0018594977855470596
2017-08-07,215.98538208007812,2.256999969482422,9.930000305175781,17.28109022981058,0.0018594977855470596,0.00182218513593857,0.002024965400694523,0.027233782428137454,0.02504521712950128,0.03839421105230827,0.07083628144453029,-0.002461423382483563
2017-08-08,215.45375061035156,2.2829999923706055,10.960000038146973,17.938108880292244,-0.002461423382483563,0.0018594977855470596,0.004457563943008225,0.032556084264128204,0.02609743746088075,0.03995624675159997,0.07096632662641292,-4.015587277517163e-05
2017-08-09,215.44509887695312,2.240999937057495,11.109999656677246,17.952796483257657,-4.015587277517163e-05,-0.002461423382483563,-0.00024293003501707489,0.03222733916964902,0.026091606069390746,0.03190598379950432,0.07024969009287445,-0.014115391507152242
2017-08-10,212.4040069580078,2.2119998931884766,16.040000915527344,18.606990180241013,-0.014115391507152242,-4.015587277517163e-05,-0.0007677142200800402,0.10607992191958371,0.07547028828564052,0.06111412858779639,0.07637981824138643,0.0014771436057001708
2017-08-11,212.71775817871094,2.188999891281128,15.510000228881836,18.13126251191402,0.0014771436057001708,-0.014115391507152242,-0.012957595515459053,0.10520103272178338,0.07684383988932877,0.058802912196154127,0.06644772546609473,0.009913080941369223
2017-08-14,214.82644653320312,2.2190001010894775,12.329999923706055,18.10996066961995,0.009913080941369223,0.0014771436057001708,-0.013297546683147754,0.1375441250831386,0.09486989302897214,0.06907011436999906,0.06877316826472654,-0.00012160070278388613
2017-08-15,214.80032348632812,2.2660000324249268,12.039999961853027,17.827246781037744,-0.00012160070278388613,0.009913080941369223,-0.005365805480508468,0.13702857767906249,0.09400012087753037,0.06906937477144545,0.06774408300589324,0.0017443156478931243
2017-08-16,215.1750030517578,2.2260000705718994,11.739999771118164,17.853558117578157,0.0017443156478931243,-0.00012160070278388613,-0.0030327953083776338,0.13805112868253572,0.0945103301003883,0.06656517253013494,0.06715644194486262,-0.01559108899495798
2017-08-17,211.8201904296875,2.1989998817443848,15.550000190734863,18.67136475912023,-0.01559108899495798,0.0017443156478931243,-0.0012536642820061283,0.1474837545622231,0.12234779328879401,0.08649306781223358,0.07480499609975574,-0.001563120414515451
2017-08-18,211.4890899658203,2.194000005722046,14.260000228881836,18.733650381243617,-0.001563120414515451,-0.01559108899495798,-0.002748613534563571,0.14647162575391806,0.12090590583838526,0.08653498110172718,0.07477930342897951,0.00078274771793585
2017-08-21,211.65463256835938,2.180000066757202,13.1899995803833,17.997098013429603,0.00078274771793585,-0.001563120414515451,-0.005776049086876789,0.11383539005581324,0.12008902972741735,0.08670483228774344,0.07418851328389808,0.010457214397983527
2017-08-22,213.86795043945312,2.2149999141693115,11.350000381469727,17.960866640712734,0.010457214397983527,0.00078274771793585,-0.014764541405536513,0.1495612020888345,0.13524587447034558,0.09494384638383431,0.07711817976866765,-0.0035856749940247346
2017-08-23,213.10108947753906,2.1710000038146973,12.25,17.731601298927036,-0.0035856749940247346,0.010457214397983527,-0.004340650105838173,0.14855579322562104,0.13592677460944377,0.09559878655685328,0.07750134614413812,-0.002330479909017691
2017-08-24,212.60446166992188,2.194000005722046,12.229999542236328,17.742258635420562,-0.002330479909017691,-0.0035856749940247346,-0.009638264411781616,0.08975382070020912,0.1155861304975967,0.09579860596025702,0.07768183852478411,0.0023359237323450355
2017-08-25,213.10108947753906,2.1689999103546143,11.279999732971191,17.981336685637242,0.0023359237323450355,-0.002330479909017691,0.003702532976877393,0.08766138137720274,0.11594865222775423,0.09634583221260593,0.07614642179433717,4.1315233585415e-05
2017-08-28,213.10989379882812,2.1589999198913574,11.319999694824219,17.518430999429395,4.1315233585415e-05,0.0023359237323450355,0.007622140281464462,0.08821685933425838,0.10262837736752442,0.0963611124242449,0.0758623629043597,0.0011448930538142665
2017-08-29,213.3538818359375,2.135999917984009,11.699999809265137,17.7499934609383,0.0011448930538142665,4.1315233585415e-05,0.006875640815462658,0.03881224602785772,0.10305298071953498,0.09604077410195175,0.0758696261006111,0.004737183136466205
2017-08-30,214.3645782470703,2.1429998874664307,11.220000267028809,17.94314160997249,0.004737183136466205,0.0011448930538142665,-0.0024036729321028627,0.04170711624912189,0.10605658986038567,0.09778026447472464,0.0761162425588257,0.006016045588039809
2017-08-31,215.65420532226562,2.121000051498413,10.59000015258789,18.45801410987813,0.006016045588039809,0.004737183136466205,0.005929058235361273,0.039403929729628286,0.06767548621672925,0.10003229520907232,0.07695667795085923,0.0014142672308452564
2017-09-01,215.95919799804688,2.1570000648498535,10.130000114440918,17.942757855989292,0.0014142672308452564,0.006016045588039809,0.01434468321308624,0.040691154252930066,0.06513078197134171,0.09995101013887969,0.07698701254543577,-0.0071820297769351615
2017-09-05,214.40817260742188,2.069999933242798,12.229999542236328,18.33074291817641,-0.0071820297769351615,0.0014142672308452564,0.013411984553974188,0.0817228589483262,0.08017966295022032,0.10295447939917479,0.0784410630869289,0.003413739247198233
2017-09-06,215.14010620117188,2.1080000400543213,11.630000114440918,17.874519799776046,0.003413739247198233,-0.0071820297769351615,0.006092062576030788,0.08315564283825806,0.06378840777563426,0.10346457308811428,0.0786969073447707,-0.00012163619189498043
2017-09-07,215.1139373779297,2.061000108718872,11.550000190734863,17.87655168270818,-0.00012163619189498043,0.003413739247198233,0.008372120300149666,0.0789491690584564,0.05965975521867242,0.10346484753393752,0.07812585825284016,-0.0011746591130032957
2017-09-08,214.8612518310547,2.061000108718872,12.119999885559082,17.971777738456506,-0.0011746591130032957,-0.00012163619189498043,0.0034957227401426483,0.06348065313789432,0.058144807260303126,0.0893815525781419,0.07811836138865158,0.010666034521193524
2017-09-11,217.15296936035156,2.125,10.729999542236328,18.08331532256037,0.010666034521193524,-0.0011746591130032957,-0.0036769674397305607,0.10413206289334098,0.07565380388166375,0.09627615779468865,0.08083435078408784,0.003370730381832665
2017-09-12,217.8849334716797,2.1710000038146973,10.579999923706055,17.856735615431642,0.003370730381832665,0.010666034521193524,0.005527763454258983,0.07359964306044982,0.07521389283024434,0.09094085431719204,0.08105167412836103,0.0004798552198646
2017-09-13,217.98948669433594,2.194999933242798,10.5,17.896904977894653,0.0004798552198646,0.003370730381832665,0.016215617259253134,0.07604684545992449,0.07555547116326385,0.09089184016887894,0.07940034860456076,-0.0003199600396439628
2017-09-14,217.91973876953125,2.197000026702881,10.4399995803833,18.374074354111137,-0.0003199600396439628,0.0004798552198646,0.013244301787690205,0.07651285265319424,0.07499204208426377,0.09088852486270889,0.07801666443270866,0.00134627885918559
2017-09-15,218.21311950683594,2.2019999027252197,10.170000076293945,18.37392871187993,0.00134627885918559,-0.0003199600396439628,0.013043326833221958,0.07052759423105612,0.07094516199249551,0.06766567675196378,0.07802065063630995,0.0021269417162588233
2017-09-18,218.67724609375,2.2290000915527344,10.149999618530273,17.649251992340325,0.0021269417162588233,0.00134627885918559,0.01560014961849343,0.02275658521332809,0.07109848887357863,0.06671380544808177,0.07806278877104794,0.0010009606989824782
2017-09-19,218.89613342285156,2.243000030517578,10.180000305175781,17.66795553995079,0.0010009606989824782,0.0021269417162588233,0.0070193685948130025,0.014583767678066881,0.0536063365872825,0.0666793277305227,0.07805709142491742,0.0003604595339734562
2017-09-20,218.97503662109375,2.2769999504089355,9.779999732971191,17.902731490612812,0.0003604595339734562,0.0010009606989824782,0.004640981526624399,0.014836736549720671,0.0536686018583459,0.058163624172565404,0.07805782793094057,-0.002679720945556241
2017-09-21,218.38824462890625,2.2780001163482666,9.670000076293945,17.69110608632048,-0.002679720945556241,0.0003604595339734562,0.004521089258491484,0.02940039605153617,0.05759085056740435,0.05725952591765009,0.07628282331654104,0.00020052693167516011
2017-09-22,218.43203735351562,2.26200008392334,9.59000015258789,17.751523509658426,0.00020052693167516011,-0.002679720945556241,0.0021499009773984223,0.028256140040623955,0.05618739734551885,0.05585847685792255,0.07429389807907082,-0.0020445454965860588
2017-09-25,217.98544311523438,2.2200000286102295,10.210000038146973,17.859691030112852,-0.0020445454965860588,0.00020052693167516011,0.001003229536218786,0.02576012798086815,0.02853891810927169,0.056994840176826,0.0719423155593536,0.0006026224190098795
2017-09-26,218.11680603027344,2.2290000915527344,10.170000076293945,17.80601198975412,0.0006026224190098795,-0.0020445454965860588,-0.003163580074623029,0.024281654304115986,0.023336696026915234,0.05688607331627972,0.07189464785926201,0.00389429419127052
2017-09-27,218.96621704101562,2.309000015258789,9.869999885559082,18.20997700878343,0.00389429419127052,0.0006026224190098795,-0.0035602611174161414,0.04118954461465392,0.030159917824311017,0.05770262955435582,0.07218005956691527,0.001199916098554965
2017-09-28,219.2289581298828,2.309000015258789,9.550000190734863,17.61724539343028,0.001199916098554965,0.00389429419127052,-4.027664620687155e-05,0.033880102768064975,0.03004002200766134,0.05626045283894918,0.07210490542112609,0.0035150436867825707
2017-09-29,219.9995574951172,2.3259999752044678,9.510000228881836,18.26493881041886,0.0035150436867825707,0.001199916098554965,0.0038496279980873016,0.038255630344658335,0.03333878236070932,0.054035180654421505,0.06941065703112563,0.00433863732219919
2017-10-02,220.9540557861328,2.3369998931884766,9.449999809265137,17.893437773356844,0.00433863732219919,0.0035150436867825707,0.007176237334932001,0.026828037120082093,0.03737519156817017,0.055312050801545956,0.06879845599937247,0.00214012759966975
2017-10-03,221.4269256591797,2.3340001106262207,9.510000228881836,18.01736633642879,0.00214012759966975,0.00433863732219919,0.013618398680544708,0.02075119881011468,0.03777819317615519,0.04576146171990855,0.06885256203629016,0.0011864436563302494
2017-10-04,221.68963623046875,2.3299999237060547,9.630000114440918,17.840033351687765,0.0011864436563302494,0.00214012759966975,0.01517590363232646,0.022384161548927903,0.03751983118171458,0.045281246009697566,0.06878161986543273,0.0059250507204660074
2017-10-05,223.00315856933594,2.3499999046325684,9.1899995803833,17.966909470278544,0.0059250507204660074,0.0011864436563302494,0.012437622690184114,0.02943752814261708,0.03724327666595691,0.04743695519141464,0.0681964439993142,-0.0011388506189130565
2017-10-06,222.7491912841797,2.369999885559082,9.649999618530273,18.205579776681212,-0.0011388506189130565,0.0059250507204660074,0.017215793349786734,0.043624045644001304,0.03967902285294794,0.04740726662621048,0.06828638096097522,-0.001651106298761973
2017-10-09,222.38140869140625,2.3610000610351562,10.329999923706055,17.393545067731356,-0.001651106298761973,-0.0011388506189130565,0.012498360543854892,0.048127865272811654,0.03860121573152095,0.03556719890139932,0.067968767954819,0.002638330702618985
2017-10-10,222.96812438964844,2.3450000286102295,10.079999923706055,17.578044690438393,0.002638330702618985,-0.001651106298761973,0.006459953406128038,0.048805943547169925,0.037882000617710625,0.03506379369377106,0.068069898591341,0.0015709218700588057
2017-10-11,223.31838989257812,2.3450000286102295,9.850000381469727,17.679903047570853,0.0015709218700588057,0.002638330702618985,0.006960304063657441,0.04878025915486658,0.036759453755860476,0.034998544880270384,0.0680923633854783,-0.001490222948558828
2017-10-12,222.985595703125,2.322999954223633,9.90999984741211,17.667042328929497,-0.001490222948558828,0.0015709218700588057,0.007346999570228441,0.03142137734103493,0.04062027519310548,0.03591193990656245,0.0675250822897111,0.001217565793579345
2017-10-13,223.25709533691406,2.2799999713897705,9.609999656677246,17.81920806940972,0.001217565793579345,-0.001490222948558828,-7.875613208174759e-05,0.030548917150779616,0.03936932249969774,0.035905615296084395,0.06753607194355492,0.0013336407092783276
2017-10-16,223.55484008789062,2.306999921798706,9.90999984741211,17.458914001280565,0.0013336407092783276,0.001217565793579345,0.0022801611525780086,0.024277275603525314,0.035991482910478455,0.03572804882514055,0.06747842783789944,0.0007050766199185876
2017-10-17,223.71246337890625,2.2980000972747803,10.3100004196167,17.267432770802714,0.0007050766199185876,0.0013336407092783276,0.00527666140523797,0.01979492439035949,0.035631126038376114,0.035755014067365073,0.06745281139001602,0.0009784315357113105
2017-10-18,223.9313507080078,2.3389999866485596,10.069999694824219,17.526354540976232,0.0009784315357113105,0.0007050766199185876,0.0033383201804981777,0.018495407441463163,0.03562080138963184,0.03565464886797604,0.06735608417298089,0.0002739247177194759
2017-10-19,223.99269104003906,2.321000099182129,10.050000190734863,17.941092141262313,0.0002739247177194759,0.0009784315357113105,0.0027447843221712898,0.006758301438254652,0.022755745617797942,0.032913611169073646,0.06734887768350102,0.005160363865872153
2017-10-20,225.14857482910156,2.38100004196167,9.970000267028809,18.306126999767063,0.005160363865872153,0.0002739247177194759,0.004516414316980688,0.031401937201591776,0.03097552573353857,0.03539189888806039,0.06789482652430305,-0.003889372367435584
2017-10-23,224.27288818359375,2.375999927520752,11.069999694824219,17.973069342952815,-0.003889372367435584,0.005160363865872153,0.0084722032656257,0.05094797352952743,0.037779164084214494,0.03833793075242385,0.06844885080881669,0.0017569799539365327
2017-10-24,224.66693115234375,2.4059998989105225,11.15999984741211,18.01924601793174,0.0017569799539365327,-0.003889372367435584,0.0032119550416391807,0.05156874450180357,0.03685877442736063,0.038228110821568614,0.068430591242675,-0.004949954400271905
2017-10-25,223.55484008789062,2.444000005722046,11.229999542236328,18.45716021294204,-0.004949954400271905,0.0017569799539365327,0.004266493511454028,0.06587319003759971,0.04620203256955537,0.04337428019699926,0.06933914041989057,0.0012926859733435325
2017-10-26,223.8438262939453,2.4519999027252197,11.300000190734863,18.061115928354017,0.0012926859733435325,-0.004949954400271905,-0.0016813662710771782,0.06685101594410642,0.045612097945559205,0.04338003656349973,0.06935214437923473,0.00817623709178883
2017-10-27,225.6740264892578,2.427999973297119,9.800000190734863,18.264757672700306,0.00817623709178883,0.0012926859733435325,-0.0006645964446542196,0.08328406854870452,0.06019984401782368,0.04960752240793664,0.07083144289944983,-0.00372520930510567
2017-10-30,224.83334350585938,2.369999885559082,10.5,17.80977141689252,-0.00372520930510567,0.00817623709178883,0.002333799627890487,0.08274824094278205,0.06479321193948559,0.0512416393462811,0.07140052348678123,0.0015578216232481346
2017-10-31,225.18359375,2.375999927520752,10.180000305175781,17.91492227710182,0.0015578216232481346,-0.00372520930510567,0.0024989882941481856,0.08257107547462192,0.06498120862467571,0.05109251268015722,0.07138245951193567,0.0013223666235884224
2017-11-01,225.4813690185547,2.375999927520752,10.199999809265137,17.808241299116546,0.0013223666235884224,0.0015578216232481346,0.0022996824455037146,0.06720946757022096,0.0650508267932893,0.051106785658280064,0.07108608076558204,0.0003883022886623788
2017-11-02,225.5689239501953,2.3469998836517334,9.930000305175781,17.84885700883974,0.0003883022886623788,0.0013223666235884224,0.008617701723240057,0.06787910842437422,0.06503250062497366,0.04746860569919345,0.07107068809347426,0.0033386581847860697
2017-11-03,226.322021484375,2.3429999351501465,9.140000343322754,17.902993315090168,0.0033386581847860697,0.0003883022886623788,0.007706701966328389,0.0417660596608766,0.062118831415654004,0.04798073956905903,0.06411185760742867,0.001547777004687001
2017-11-06,226.6723175048828,2.319999933242798,9.399999618530273,17.72056133379027,0.001547777004687001,0.0033386581847860697,0.0028713760515459708,0.016964067204265038,0.05708829208176557,0.04714949234271022,0.0641139538205262,-0.0006953122196898809
2017-11-07,226.51470947265625,2.306999921798706,9.890000343322754,17.867333783295855,-0.0006953122196898809,0.001547777004687001,0.00817927612669922,0.023757347805203853,0.05758780450973844,0.04706066520771429,0.06149529601662451,0.0017005877047879814
2017-11-08,226.89991760253906,2.325000047683716,9.779999732971191,17.73688175259865,0.0017005877047879814,-0.0006953122196898809,0.005911246465557518,0.02404971682029629,0.04774986887733674,0.04709131475994924,0.061480554971086766,-0.003627410228826067
2017-11-09,226.0768585205078,2.3310000896453857,10.5,18.3702870553245,-0.003627410228826067,0.0017005877047879814,0.006291200865769175,0.042780549500804635,0.05426368955461267,0.04904060493057355,0.06215527417707958,-0.0003099990800593533
2017-11-10,226.00677490234375,2.4000000953674316,11.289999961853027,17.909600104339265,-0.0003099990800593533,-0.003627410228826067,0.002251793205453545,0.03427017910427167,0.036718248577535396,0.04912365118851506,0.05196403851736276,0.0009300155688993783
2017-11-13,226.2169647216797,2.4000000953674316,11.5,17.73209516345701,0.0009300155688993783,-0.0003099990800593533,-0.0013929116573087041,0.03242919078862132,0.029734939481961285,0.04906638979180277,0.05167148129240289,-0.0023227774309619864
2017-11-14,225.69151306152344,2.38100004196167,11.59000015258789,17.931538347326686,-0.0023227774309619864,0.0009300155688993783,-0.002008859256460882,0.035293257923289335,0.03253963368334629,0.050142929994719795,0.052149812623421644,-0.005005030451454728
2017-11-15,224.56192016601562,2.3350000381469727,13.130000114440918,18.207629852470983,-0.005005030451454728,-0.0023227774309619864,-0.003634185228187925,0.03823209670232696,0.040983974312301635,0.05367292774293613,0.04984620402917973,0.008500776998401127
2017-11-16,226.4708709716797,2.3610000610351562,11.760000228881836,18.031733477074,0.008500776998401127,-0.005005030451454728,-0.010304091165951434,0.08056484908481887,0.06081765018307506,0.06133086197359481,0.051414823159869845,-0.0029386211220256975
2017-11-17,225.80535888671875,2.3540000915527344,11.430000305175781,18.143038780501794,-0.0029386211220256975,0.008500776998401127,0.0017428252221407536,0.08402609587015576,0.060504276637025525,0.05999220573081448,0.05159885734174752,0.0017062678482373528
2017-11-20,226.19064331054688,2.371999979019165,10.649999618530273,17.688283270601666,0.0017062678482373528,-0.0029386211220256975,-0.0008911945923392173,0.08484140091544874,0.060639163303608384,0.058255082491792,0.05154584120985929,0.0065428643321507884
2017-11-21,227.6705780029297,2.36299991607666,9.729999542236328,18.052176118715767,0.0065428643321507884,0.0017062678482373528,-0.00011635471798143726,0.09261772842990677,0.06927546808448745,0.06205188147824842,0.052738117129146014,-0.0008846817950380892
2017-11-22,227.4691619873047,2.322000026702881,9.880000114440918,17.622915016851863,-0.0008846817950380892,0.0065428643321507884,0.008768893940937605,0.07694731077902692,0.06925503785099074,0.058757721053241334,0.05289576698745094,0.002309990750243296
2017-11-24,227.99461364746094,2.3399999141693115,9.670000076293945,17.14257692618162,0.002309990750243296,-0.0008846817950380892,0.012946281449409458,0.05690539610417717,0.06627497657280716,0.05896428879611222,0.05240942135325603,-0.0004992686651021927
2017-11-27,227.8807830810547,2.328000068664551,9.869999885559082,17.772026909446474,-0.0004992686651021927,0.002309990750243296,0.006728206012736049,0.04712593980689558,0.06637469949133003,0.052502786852675905,0.0514559254256753,0.010144702882172396
2017-11-28,230.19256591796875,2.3380000591278076,10.029999732971191,18.41034451875155,0.010144702882172396,-0.0004992686651021927,0.009191208767446168,0.07531790064240415,0.0812090790286191,0.06024058479058665,0.05481195766861936,-0.0006087140972695915
2017-11-29,230.0524444580078,2.375999927520752,10.699999809265137,18.165944624070175,-0.0006087140972695915,0.010144702882172396,0.017692697402728053,0.07435758575520528,0.07923065099250262,0.060552993091634914,0.05217710092348801,0.008755022728091255
2017-11-30,232.06655883789062,2.4170000553131104,11.279999732971191,18.666715489203053,0.008755022728091255,-0.0006087140972695915,0.010461898397110758,0.08121844881485246,0.07554737884552205,0.06641623268181628,0.054260517762057224,-0.0020751918932790936
2017-12-01,231.58497619628906,2.361999988555908,11.430000305175781,18.91775769233934,-0.0020751918932790936,0.008755022728091255,0.02021107745076467,0.09225317250197754,0.07380752497118097,0.06750462484134857,0.054620835577090125,-0.001210108378033703
2017-12-04,231.3047332763672,2.378999948501587,11.680000305175781,18.35923717251321,-0.001210108378033703,-0.0020751918932790936,0.015747576187829404,0.0941401355004568,0.07085945075714624,0.06763631176567457,0.05462756647174672,-0.003596791748574635
2017-12-05,230.4727783203125,2.3559999465942383,11.329999923706055,18.172148882168624,-0.003596791748574635,-0.001210108378033703,0.015025181803481225,0.07752913713168039,0.07707877509223135,0.06961879254973453,0.05186119011885662,0.00018988015569632033
2017-12-06,230.51654052734375,2.3299999237060547,11.020000457763672,18.14490881004842,0.00018988015569632033,-0.003596791748574635,0.0012172956204137275,0.07717653438230254,0.07281548454955329,0.06943039347676251,0.05164884729421525,0.003153477443633923
2017-12-07,231.24346923828125,2.375999927520752,10.15999984741211,18.16215093156813,0.003153477443633923,0.00018988015569632033,0.002017349002438662,0.04061489096565847,0.07231688809474443,0.06984702151006182,0.051836329890158225,0.005452671937261844
2017-12-08,232.50436401367188,2.382999897003174,9.579999923706055,18.15363625731141,0.005452671937261844,0.003153477443633923,-0.003546782456425923,0.0566448332712745,0.07479078729465714,0.06937629404065504,0.052558473861545184,0.003013045658821545
2017-12-11,233.2049102783203,2.384999990463257,9.34000015258789,18.235284477078288,0.003013045658821545,0.005452671937261844,0.003969980404098239,0.05512772328070511,0.07361213713856807,0.06928521172153618,0.05270457223735032,0.0017652581569824743
2017-12-12,233.6165771484375,2.4030001163482666,9.920000076293945,18.260462706547486,0.0017652581569824743,0.003013045658821545,0.008215037258588076,0.030796321285176724,0.05930664585757063,0.06924504859677323,0.05268007225566673,-0.00011286522481346317
2017-12-13,233.5902099609375,2.3489999771118164,10.180000305175781,18.449320687279123,-0.00011286522481346317,0.0017652581569824743,0.013640651408105775,0.03239368353985388,0.05886738128429441,0.06800958627890272,0.05273910731358637,-0.004086077809498545
2017-12-14,232.6357421875,2.3459999561309814,10.489999771118164,18.42732562773058,-0.004086077809498545,-0.00011286522481346317,0.01333383464181015,0.05688187410440749,0.04927110646066813,0.06687125645461646,0.05377845046454499,0.008327290224541262
2017-12-15,234.57296752929688,2.3550000190734863,9.420000076293945,18.78955310304929,0.008327290224541262,-0.004086077809498545,0.006020809814888617,0.07204186213503341,0.06164779442280968,0.06664230907799312,0.055259336685027395,0.006341323416015676
2017-12-18,236.0604705810547,2.3919999599456787,9.529999732971191,18.24219503288657,0.006341323416015676,0.008327290224541262,0.008897052424802432,0.07915092166692493,0.06465594010517357,0.06608954013456038,0.056210668303115205,-0.003840545390411454
2017-12-19,235.15386962890625,2.4630000591278076,10.029999732971191,18.226888461210155,-0.003840545390411454,0.006341323416015676,0.012244854961786178,0.09127001472239839,0.06526021508223964,0.0695180556800463,0.05678474641992289,-0.0005239099959742921
2017-12-20,235.03067016601562,2.496999979019165,9.720000267028809,18.156083501243604,-0.0005239099959742921,-0.003840545390411454,0.006580408373554558,0.09172373297490644,0.06591587677666295,0.06783656433040718,0.05688818602932507,0.002059602790890347
2017-12-21,235.51473999023438,2.4809999465942383,9.619999885559082,18.020685165657827,0.002059602790890347,-0.0005239099959742921,0.006166612056725418,0.0786749089790992,0.06558407950839326,0.06720798793830168,0.05664793865482271,-0.00026122966869313036
2017-12-22,235.45321655273438,2.484999895095825,9.899999618530273,18.181419256272854,-0.00026122966869313036,0.002059602790890347,0.012375560933426843,0.059765133878840984,0.0629913177090205,0.06754168892251274,0.05672937533605218,-0.001196384186239019
2017-12-26,235.17152404785156,2.4670000076293945,10.25,17.627589485647796,-0.001196384186239019,-0.00026122966869313036,0.0037525595242664522,0.03361366553856543,0.06327022058679795,0.06787621669373187,0.05672877475832618,0.0004866923290189895
2017-12-27,235.28598022460938,2.4140000343322754,10.470000267028809,17.87165124054929,0.0004866923290189895,-0.001196384186239019,-0.0037657576934206904,0.019746218446416643,0.06307603869670124,0.059911837536345956,0.05634278451935342,0.0020571733487455557
2017-12-28,235.77000427246094,2.431999921798706,10.180000305175781,17.62474974741308,0.0020571733487455557,0.0004866923290189895,0.0005618048978381918,0.022771884810999992,0.06321485384342328,0.05964920348287242,0.05633621158191024,-0.003770591226452069
2017-12-29,234.88101196289062,2.4049999713897705,11.039999961853027,18.37993584021054,-0.003770591226452069,0.0020571733487455557,0.003145692032121117,0.03436439591270786,0.06252913479199633,0.05510204901764895,0.0571953891808022,0.0071575287780378805
2018-01-02,236.5621795654297,2.4649999141693115,9.770000457763672,18.27745336538341,0.0071575287780378805,-0.003770591226452069,-0.002690821081389738,0.06490363856734661,0.05884121634390153,0.05876225655788769,0.0577049278453122,0.006325024564063364
2018-01-03,238.05844116210938,2.447000026702881,9.149999618530273,18.31610215584283,0.006325024564063364,0.0071575287780378805,0.004709908103748273,0.07094026140755892,0.05879867507029327,0.06093117098960027,0.05854962651582051,0.0042150068859214684
2018-01-04,239.06185913085938,2.453000068664551,9.220000267028809,18.205460730835014,0.0042150068859214684,0.006325024564063364,0.012275793703962146,0.069355975594166,0.05456101018197364,0.0586203114370664,0.05860007975639967,0.006664003771456262
2018-01-05,240.65496826171875,2.4760000705718994,9.220000267028809,18.240644585644695,0.006664003771456262,0.0042150068859214684,0.016048040357719007,0.07223821633316267,0.05832556583207759,0.06067525867714222,0.05959072196927482,0.0018286074862328139
2018-01-08,241.09503173828125,2.4800000190734863,9.520000457763672,17.864146221538885,0.0018286074862328139,0.006664003771456262,0.020719192012282672,0.03511297257083432,0.05837190358201569,0.06057008681080674,0.0595984351426602,0.0022632332692251733
2018-01-09,241.64068603515625,2.5460000038146973,10.079999923706055,17.863008084419562,0.0022632332692251733,0.0018286074862328139,0.026456032880054048,0.035447040711512896,0.05655656238898546,0.05926924467689773,0.059347999607196514,-0.0015298528103143694
2018-01-10,241.27101135253906,2.549999952316284,9.819999694824219,18.05790581861358,-0.0015298528103143694,0.0022632332692251733,0.021467956031923086,0.04818221753274498,0.05720487913526177,0.06035762845324618,0.05963993403329629,0.007296196538096433
2018-01-11,243.0313720703125,2.5309998989105225,9.880000114440918,17.948458671780788,0.007296196538096433,-0.0015298528103143694,0.01349488039469282,0.05824742268275085,0.0603870383744765,0.06353602086404415,0.06089253580984861,0.006518931264198891
2018-01-12,244.6156768798828,2.552000045776367,10.15999984741211,18.324347151640062,0.006518931264198891,0.007296196538096433,0.016604543083053036,0.05772705607844245,0.062048867573093115,0.06497638536837219,0.06176836810082208,-0.0034181613988231163
2018-01-16,243.779541015625,2.5439999103546143,11.65999984741211,18.484172789600414,-0.0034181613988231163,0.006518931264198891,0.016458038023369204,0.07534144381804789,0.060875404267938096,0.06414135243254124,0.06257799338427528,0.009531472047157763
2018-01-17,246.10311889648438,2.578000068664551,11.90999984741211,18.5451860323322,0.009531472047157763,-0.0034181613988231163,0.011134652000037493,0.09150335210649281,0.06559891658008858,0.0657519087402005,0.06469159057691945,-0.0016805535801154292
2018-01-18,245.6895294189453,2.6110000610351562,12.220000267028809,18.4279343825914,-0.0016805535801154292,0.009531472047157763,0.01846722476478524,0.09204851399300444,0.06972971244560842,0.06555626719435029,0.06459278910321092,0.004549449371484382
2018-01-19,246.80728149414062,2.63700008392334,11.270000457763672,18.76370362815576,0.004549449371484382,-0.0016805535801154292,0.01831350580260982,0.0871270261735117,0.06989022811254902,0.06231122821375097,0.06391706947565613,0.008131433402234878
2018-01-22,248.81417846679688,2.6649999618530273,11.029999732971191,18.329906671439677,0.008131433402234878,0.004549449371484382,0.015536716069461498,0.09174291777753303,0.07227291950990486,0.06441067726577099,0.06530184521079953,0.002121635791252574
2018-01-23,249.34207153320312,2.624000072479248,11.100000381469727,18.391094361630493,0.002121635791252574,0.008131433402234878,0.017163665225658153,0.07203101240022138,0.07211510560963706,0.06440081135540067,0.06381201920415018,-0.0003879227571681465
2018-01-24,249.24534606933594,2.6540000438690186,11.470000267028809,18.719422192929837,-0.0003879227571681465,0.002121635791252574,0.022817872633625225,0.062428717461226586,0.07445313705394796,0.06448388423070348,0.06396512245302358,0.00042370331389141036
2018-01-25,249.3509521484375,2.621000051498413,11.579999923706055,18.253294706926383,0.00042370331389141036,-0.0003879227571681465,0.012767929097937447,0.05476936516022409,0.071634416063599,0.06337980032126948,0.06262401707571753,0.01157784883900237
2018-01-26,252.23789978027344,2.6619999408721924,11.079999923706055,18.495260257056035,0.01157784883900237,0.00042370331389141036,0.014902640491645913,0.0830069950281629,0.08092948429992852,0.06960920004509281,0.06480595646436318,-0.006629921618993784
2018-01-29,250.56558227539062,2.6989998817443848,13.84000015258789,18.316633820709683,-0.006629921618993784,0.01157784883900237,0.022003476774495878,0.10431877313166556,0.09411627596676209,0.0782773134784628,0.06713561143483383,-0.010256946777998488
2018-01-30,247.99554443359375,2.7260000705718994,14.789999961853027,18.696768873134815,-0.010256946777998488,-0.006629921618993784,0.0070390032408360614,0.13233475740345083,0.11078371308358351,0.08850203080668897,0.07153060174173018,0.0004969040099094268
2018-01-31,248.1187744140625,2.7200000286102295,13.539999961853027,18.501013880216668,0.0004969040099094268,-0.010256946777998488,-0.005400320496776079,0.13276399761040214,0.10191641028080536,0.08723657892422024,0.07152310662963413,-0.0011353746379617613
2018-02-01,247.83706665039062,2.7730000019073486,13.470000267028809,18.316458480239934,-0.0011353746379617613,0.0004969040099094268,-0.0045199305545309265,0.13226162845462436,0.10157587345983798,0.08680525558755704,0.07164599069838452,-0.021769890255352586
2018-02-02,242.44168090820312,2.8540000915527344,17.309999465942383,18.969812052745677,-0.021769890255352586,-0.0011353746379617613,-0.00607130426013236,0.14105148335228132,0.1495959077427019,0.12056562781102839,0.08609381895638579,-0.041822474874844695
2018-02-05,232.3021697998047,2.7939999103546143,37.31999969482422,19.501406691474614,-0.041822474874844695,-0.021769890255352586,-0.038837220261522476,0.27724800985653064,0.24008399107174322,0.19111629641634764,0.12312437595100535,0.01970250565630738
2018-02-06,236.8791046142578,2.7679998874664307,29.979999542236328,19.687703840364676,0.01970250565630738,-0.041822474874844695,-0.07288875155851637,0.37365990141611843,0.27230887010522437,0.20547818738454346,0.12927847115869062,-0.0054248524021571765
2018-02-07,235.5940704345703,2.8440001010894775,27.729999542236328,18.93575393999729,-0.0054248524021571765,0.01970250565630738,-0.04482515943875198,0.36656986081220305,0.2711017130101802,0.2057696350974937,0.12959056619233011,-0.03750926253180642
2018-02-08,226.75711059570312,2.8510000705718994,33.459999084472656,19.32266766636214,-0.03750926253180642,-0.0054248524021571765,-0.050478662926937035,0.40001945146307705,0.31178128788609305,0.24285986976272775,0.15143688973879663,0.015021512367407563
2018-02-09,230.16334533691406,2.8289999961853027,29.059999465942383,19.462952993232552,0.015021512367407563,-0.03750926253180642,-0.08505570348935643,0.45586905520725607,0.3186348985232212,0.24867570351950222,0.1544893407193441,0.014684647326286715
2018-02-12,233.543212890625,2.8570001125335693,25.610000610351562,18.783488848551745,0.014684647326286715,0.015021512367407563,-0.05064449118358516,0.3771209168518693,0.34018459749977265,0.25427257980048956,0.15714835341583755,0.0024873431020298042
2018-02-13,234.12411499023438,2.8399999141693115,24.969999313354492,18.21271641560995,0.0024873431020298042,0.014684647326286715,0.005342365471187049,0.3423867889410298,0.3425671563970285,0.2547577899303071,0.15675273976337809,0.013496087413362723
2018-02-14,237.28387451171875,2.9130001068115234,19.260000228881836,18.609114425265503,0.013496087413362723,0.0024873431020298042,-0.011630361523485844,0.3570156327968177,0.35495854867050797,0.25749020371945835,0.15813672982288424,0.012760314111911475
2018-02-15,240.3116912841797,2.8910000324249268,19.1299991607666,18.526843646611624,0.012760314111911475,0.013496087413362723,0.007172523799225727,0.08292941717512925,0.36505780289924594,0.2625543527657574,0.1598040416121379,0.00029284274427188173
2018-02-16,240.38206481933594,2.877000093460083,19.459999084472656,18.89330656350016,0.00029284274427188173,0.012760314111911475,0.05977576911642579,0.10783343533825931,0.3494886649070679,0.2618003077605347,0.15980696748614545,-0.0062613310833615765
2018-02-20,238.876953125,2.8929998874664307,20.600000381469727,18.274147489400296,-0.0062613310833615765,0.00029284274427188173,0.04439768403376165,0.1343963510646611,0.2682921766216462,0.259984341495553,0.1600865762933666,-0.004973989207309626
2018-02-21,237.68878173828125,2.943000078201294,20.020000457763672,18.409454980180318,-0.004973989207309626,-0.0062613310833615765,0.02283834399791762,0.1510368558633462,0.2532609807555006,0.2597461022188158,0.160494879804276,0.0012958064531867208
2018-02-22,237.9967803955078,2.9170000553131104,18.719999313354492,18.520628345185923,0.0012958064531867208,-0.004973989207309626,0.015225542863004815,0.11948042188464969,0.25112853054751905,0.2599758332042248,0.1604671402125115,0.015939687730427643
2018-02-23,241.79037475585938,2.871000051498413,16.489999771118164,18.345595074007882,0.015939687730427643,0.0012958064531867208,0.0030044430337126116,0.14016905944068034,0.13930430532471214,0.26775235980925033,0.16342252521463305,0.011612224026115392
2018-02-26,244.5980987548828,2.8589999675750732,15.800000190734863,18.275555556555943,0.011612224026115392,0.015939687730427643,0.006153189900074629,0.1572502078407525,0.13441264358161478,0.2677744875581865,0.16379894731290506,-0.012486477682038477
2018-02-27,241.54393005371094,2.9079999923706055,18.59000015258789,18.411631936704648,-0.012486477682038477,0.011612224026115392,0.017538887265634795,0.18535065139509013,0.15381701840839307,0.2700886433724069,0.1661098423205512,-0.010130119585038955
2018-02-28,239.09706115722656,2.868000030517578,19.850000381469727,18.618775587481835,-0.010130119585038955,-0.012486477682038477,0.011164647295695218,0.20101204579155385,0.16830885292838915,0.2700356736864407,0.16678703937510803,-0.01454082829247838
2018-03-01,235.62039184570312,2.803999900817871,22.469999313354492,18.990841316852606,-0.01454082829247838,-0.010130119585038955,0.005924888034875675,0.23010253130636119,0.17415438988812534,0.2736744730486047,0.16955935587935084,0.005155094498517032
2018-03-02,236.8350372314453,2.8570001125335693,19.59000015258789,18.750582880369713,0.005155094498517032,-0.01454082829247838,-0.009984960913570151,0.18584611661786557,0.16148157864875604,0.2749794042414462,0.16981165679149918,0.01155766031551253
2018-03-05,239.57229614257812,2.88100004196167,18.729999542236328,18.393385607983987,0.01155766031551253,0.005155094498517032,-0.020494353960192058,0.18555607843276892,0.1742070684928396,0.26877562306180725,0.1711039936406687,0.002534997047885401
2018-03-06,240.1796112060547,2.877000093460083,18.360000610351562,18.187653522188132,0.002534997047885401,0.01155766031551253,-0.020547185926171663,0.17294355088586638,0.1713277041167366,0.2199087033602852,0.17114142608513766,-0.00036631826195643313
2018-03-07,240.0916290283203,2.882999897003174,17.760000228881836,18.28214830692564,-0.00036631826195643313,0.002534997047885401,-0.0056483259478011805,0.15357764451547573,0.16867384959571877,0.2094832347878554,0.17108164383355257,0.004839321128630392
2018-03-08,241.25350952148438,2.865999937057495,16.540000915527344,18.018727477104733,0.004839321128630392,-0.00036631826195643313,0.004159682541809762,0.06991954803263713,0.16974877019145063,0.2086323819363322,0.17101322347265527,0.017402356238998884
2018-03-09,245.45188903808594,2.8940000534057617,14.640000343322754,18.548416759523313,0.017402356238998884,0.004839321128630392,0.023907598284065745,0.11437946477340857,0.17337402209431285,0.15821951248440913,0.17436371481046228,-0.0012553202533766017
2018-03-12,245.14376831054688,2.869999885559082,15.779999732971191,18.091131700627116,-0.0012553202533766017,0.017402356238998884,0.03638334896462081,0.11963053831619543,0.16427404039808105,0.15368743644128394,0.17441056545041322,-0.006462508858912308
2018-03-13,243.5595245361328,2.8480000495910645,16.350000381469727,18.336961045258718,-0.006462508858912308,-0.0012553202533766017,0.023255911712984467,0.14411044437034928,0.1536124161723292,0.15104114207168293,0.17504661268524546,-0.0051318397408031124
2018-03-14,242.3096160888672,2.816999912261963,17.229999542236328,18.47795954887835,-0.0051318397408031124,-0.006462508858912308,0.014072440675151343,0.1543779965799072,0.14541803918575474,0.15321768385232126,0.1751832657393389,-0.0010896723382231022
2018-03-15,242.0455780029297,2.8259999752044678,16.59000015258789,18.239554484505824,-0.0010896723382231022,-0.0051318397408031124,0.009238085765519433,0.1529454508203253,0.11712561733396422,0.14702711354762876,0.17450291767449969,0.0010845569218707052
2018-03-16,242.30809020996094,2.8480000495910645,15.800000190734863,18.42411186093255,0.0010845569218707052,-0.0010896723382231022,0.0032831376547282076,0.04956189569299504,0.11653542801289915,0.14036743477925323,0.1740940673769422,-0.013530561238314864
2018-03-19,239.02952575683594,2.8450000286102295,19.020000457763672,18.50876855055038,-0.013530561238314864,0.0010845569218707052,-0.012808207915797287,0.08953134583366601,0.12826265501006526,0.14889133491246406,0.17624417153879246,0.001700602213629887
2018-03-20,239.43601989746094,2.878999948501587,18.200000762939453,17.90580193377962,0.001700602213629887,-0.013530561238314864,-0.024941456174262022,0.09948274574564055,0.12783260292981383,0.14729474067116638,0.17625689687237733,-0.0019189151141825178
2018-03-21,238.9765625,2.9070000648498535,17.860000610351562,18.181275700864266,-0.0019189151141825178,0.001700602213629887,-0.01693017198372848,0.0985561422829584,0.12809896094224935,0.14627873513779535,0.1762826682627829,-0.024997177804929827
2018-03-22,233.00282287597656,2.8320000171661377,23.34000015258789,18.818018924529987,-0.024997177804929827,-0.0019189151141825178,-0.013755350046218529,0.18307511336316254,0.17328656757444608,0.171525206410899,0.18375245775874807,-0.02131456738942894
2018-03-23,228.03646850585938,2.8299999237060547,24.8700008392334,19.027914858703536,-0.02131456738942894,-0.024997177804929827,-0.03735972043597369,0.18569857437899742,0.15052383270094455,0.17367774438997502,0.18881729012257623,0.027358982824429168
2018-03-26,234.2753143310547,2.8429999351501465,21.030000686645508,18.771028419882153,0.027358982824429168,-0.02131456738942894,-0.05889865951951978,0.3330576052968455,0.23013709688675502,0.19833363371864776,0.1972265154509259,-0.01701198823692396
2018-03-27,230.28982543945312,2.7860000133514404,22.5,18.682594145257873,-0.01701198823692396,0.027358982824429168,-0.019889640874816816,0.33989052365235733,0.23868035425179498,0.2020979560842278,0.20022796239370066,-0.0029545580738860044
2018-03-28,229.6094207763672,2.7750000953674316,22.8700008392334,18.802210342961633,-0.0029545580738860044,-0.01701198823692396,-0.03819890784153823,0.33888247299401447,0.2390205861802418,0.20000763269856006,0.20017475203539847,0.012777714682054464
2018-03-29,232.54330444335938,2.740999937057495,19.969999313354492,18.53044595368672,0.012777714682054464,-0.0029545580738860044,-0.03919690544395049,0.3237747766264061,0.2553843591339781,0.20069939145827398,0.2013966225907039,-0.021584705154699235
2018-04-02,227.52392578125,2.7320001125335693,23.6200008392334,19.042795300930475,-0.021584705154699235,0.012777714682054464,-0.001972158220854614,0.3248868801273889,0.2680824248072576,0.2126516463713286,0.20560926729231208,0.012816906811397244
2018-04-03,230.44007873535156,2.7839999198913574,21.100000381469727,18.602643077900186,0.012816906811397244,-0.021584705154699235,-0.00224763489790758,0.25604957942792406,0.28012207761007657,0.21375414747654822,0.20723165512845346,0.010699159409462977
2018-04-04,232.9055938720703,2.7880001068115234,20.059999465942383,18.63349352413518,0.010699159409462977,0.012816906811397244,-0.01637063472374023,0.23665934904869054,0.2883332145208328,0.2179023171029978,0.20799335542457673,0.00789212262478145
2018-04-05,234.74371337890625,2.8320000171661377,18.940000534057617,18.230156851790582,0.00789212262478145,0.010699159409462977,0.01135859314507548,0.23385113671369714,0.2931603681037731,0.22040301181577807,0.20864853386961785,-0.022285968870326633
2018-04-06,229.51222229003906,2.7750000953674316,21.489999771118164,19.005803870338617,-0.022285968870326633,0.00789212262478145,0.02236098407974163,0.2831422086179986,0.28736862737575436,0.231564840037586,0.21334349612071943,0.004928426128756103
2018-04-09,230.6433563232422,2.7860000133514404,21.770000457763672,18.47368014161768,0.004928426128756103,-0.022285968870326633,-0.01303448474070601,0.22763462722623612,0.26572817739870314,0.2214355237538186,0.2136553679775418,0.015900360975195982
2018-04-10,234.3106689453125,2.796999931335449,20.469999313354492,18.45536233431875,0.015900360975195982,0.004928426128756103,0.013710340709360391,0.23703269080611275,0.23911351198515263,0.23139232802242019,0.21574147278499714,-0.0052422592034375715
2018-04-11,233.0823516845703,2.7899999618530273,20.239999771118164,18.327909549195866,-0.0052422592034375715,0.015900360975195982,0.016796514873639312,0.2332064155623725,0.2222067703201267,0.2311315223990837,0.215449364140766,0.008226884146515179
2018-04-12,234.99989318847656,2.8340001106262207,18.489999771118164,18.048028860006283,0.008226884146515179,-0.0052422592034375715,0.0007589247195027848,0.2339096155566937,0.22330637875949708,0.23365412955957665,0.21614558341349013,-0.0029328704528869265
2018-04-13,234.3106689453125,2.8289999961853027,17.40999984741211,18.259093157090952,-0.0029328704528869265,0.008226884146515179,0.0010913170192412558,0.13602056415080743,0.2167181231306166,0.23371040800058052,0.21517730356179626,0.00822159259338373
2018-04-16,236.23707580566406,2.8320000171661377,16.559999465942383,17.96505802789955,0.00822159259338373,-0.0029328704528869265,0.020907150858439083,0.13914145715356965,0.17866600724539913,0.23612569182780804,0.21594544116349393,0.010698271990506658
2018-04-17,238.764404296875,2.813999891281128,15.25,17.984993529114867,0.010698271990506658,0.00822159259338373,0.024252679858605575,0.1160652827914391,0.17597590513732964,0.23495329970293305,0.21693249422989191,0.0007407495457469881
2018-04-18,238.94126892089844,2.867000102996826,15.600000381469727,17.863879259646843,0.0007407495457469881,0.010698271990506658,0.01900782141764945,0.09199444411862998,0.17179494178051893,0.2348884992477896,0.21620994764656007,-0.005547901225186003
2018-04-19,237.6156463623047,2.9140000343322754,15.960000038146973,18.167798099520187,-0.005547901225186003,0.0007407495457469881,0.02513668321082063,0.11139886549371608,0.17347478714949166,0.23563393736294985,0.2163714815548362,-0.008479436571637522
2018-04-20,235.60079956054688,2.9509999752044678,16.8799991607666,18.420211643942157,-0.008479436571637522,-0.005547901225186003,0.011130869628652285,0.13256155345145887,0.12916617658822838,0.21928874635060766,0.21695461950096787,-0.00014967292805967425
2018-04-23,235.56553649902344,2.9730000495910645,16.34000015258789,17.998445820221896,-0.00014967292805967425,-0.008479436571637522,0.0055060685927856845,0.11670864097288798,0.12917509306465752,0.2034769716197585,0.21694347630949096,-0.013467462770330063
2018-04-24,232.39306640625,2.9830000400543213,18.020000457763672,18.541884597489375,-0.013467462770330063,-0.00014967292805967425,-0.0028426499284687212,0.0938684380582045,0.12568228063453485,0.1860655470876954,0.21688488519300195,0.002471551095619029
2018-04-25,232.96743774414062,3.0239999294281006,17.84000015258789,18.45837048769289,0.002471551095619029,-0.013467462770330063,-0.026684622062436936,0.10147535272509281,0.123990472922278,0.17545869753299795,0.2167266128231992,0.010165738850652195
2018-04-26,235.33572387695312,2.990000009536743,16.239999771118164,18.031067838123356,0.010165738850652195,0.002471551095619029,-0.02500125325246949,0.14739611063057595,0.12792177042187822,0.1780588610406623,0.21709049197757918,0.0009388598636241863
2018-04-27,235.55667114257812,2.9570000171661377,15.40999984741211,17.859501752350486,0.0009388598636241863,0.010165738850652195,-0.009595001508761136,0.13556841069103234,0.12676172243284684,0.17281235989520144,0.2171034863871263,-0.007690522821073631
2018-04-30,233.7451171875,2.936000108718872,15.930000305175781,18.224450520540824,-0.007690522821073631,0.0009388598636241863,-0.00018730164774938274,0.14621622130120498,0.12498516570320128,0.15518713227428035,0.21756538217628965,0.0017766497461928488
2018-05-01,234.160400390625,2.9760000705718994,15.489999771118164,18.122320542666706,0.0017766497461928488,-0.007690522821073631,-0.007727867745759953,0.1006783008063679,0.10847364627750121,0.14924443947820573,0.21321798859314062,-0.0067172181612121795
2018-05-02,232.58749389648438,2.9639999866485596,15.970000267028809,18.27413822684994,-0.0067172181612121795,0.0017766497461928488,0.007604934225040605,0.11534425328574789,0.10979619897550709,0.14677360782093538,0.1955580212038118,-0.0022037867711650616
2018-05-03,232.07492065429688,2.946000099182129,15.899999618530273,18.730453273150985,-0.0022037867711650616,-0.0067172181612121795,-0.0016308882105383615,0.06852747380464526,0.10861888771888972,0.14389515707681783,0.19128341691218548,0.01294651903557198
2018-05-04,235.07948303222656,2.944000005722046,14.770000457763672,18.328807761212364,0.01294651903557198,-0.0022037867711650616,-0.013855963595060361,0.13262044448620144,0.1264708606457157,0.12655404256880604,0.19286745346648798,0.0033830603831490613
2018-05-07,235.87477111816406,2.950000047683716,14.75,17.828372088243658,0.0033830603831490613,0.01294651903557198,-0.0020257889875796575,0.11646901622477147,0.12774168589864016,0.1260728977963391,0.17636790638808295,0.0
2018-05-08,235.87477111816406,2.9690001010894775,14.710000038146973,18.027626318735663,0.0,0.0033830603831490613,0.009111009274926474,0.11720767239614464,0.1030084445733868,0.11339917648780139,0.17383306559442666,0.009666076239097432
2018-05-09,238.15475463867188,3.003999948501587,13.420000076293945,17.904274594645052,0.009666076239097432,0.0,0.0073213520504711305,0.10168875493774926,0.11092203872914676,0.11595496386305582,0.17237814927249584,0.00935037875511524
2018-05-10,240.381591796875,2.9709999561309814,13.229999542236328,18.09306379726164,0.00935037875511524,0.009666076239097432,0.02393619987438056,0.08326615787639756,0.10935239686534474,0.1169349577581322,0.173307134811026,0.0030515471718042253
2018-05-11,241.11512756347656,2.9709999561309814,12.649999618530273,17.907711173574402,0.0030515471718042253,0.00935037875511524,0.035793058203613004,0.06738178542510076,0.10921413076681331,0.11608421084138168,0.17127131985153896,0.0004762772358783973
2018-05-14,241.22996520996094,2.994999885559082,12.930000305175781,17.819029222609394,0.0004762772358783973,0.0030515471718042253,0.025674909836442827,0.07477570879392602,0.09494036444611553,0.11332146172863204,0.1693005187057725,-0.00688691877608083
2018-05-15,239.56863403320312,3.0799999237060547,14.630000114440918,18.281833544572233,-0.00688691877608083,0.0004762772358783973,0.02270354759184534,0.10906158191139739,0.10762225027282261,0.11066655705702579,0.16990745996454232,0.004204869057226057
2018-05-16,240.57598876953125,3.0950000286102295,13.420000076293945,17.803431094758015,0.004204869057226057,-0.00688691877608083,0.01566027132757064,0.09434541623791295,0.09523345434552763,0.11157412092208531,0.16961374936859935,-0.0008443912454774161
2018-05-17,240.3728485107422,3.1089999675750732,13.430000305175781,17.850395254153483,-0.0008443912454774161,0.004204869057226057,0.010166641999370896,0.06890448514040329,0.09321735779844913,0.10949827257088175,0.16928919937016448,-0.002500273756076199
2018-05-18,239.7718505859375,3.066999912261963,13.420000076293945,17.980127188707375,-0.002500273756076199,-0.0008443912454774161,-3.637252781074629e-05,0.06455106053766145,0.08099939739404899,0.10488252283568421,0.1693671220105162,0.007518413245827471
2018-05-21,241.57455444335938,3.065000057220459,13.079999923706055,17.876400037793967,0.007518413245827471,-0.002500273756076199,-0.005571102033759434,0.08985463811021326,0.08552450703585232,0.10736852475893248,0.16688126268882666,-0.002779779722243081
2018-05-22,240.9030303955078,3.065000057220459,13.220000267028809,17.78516832709309,-0.002779779722243081,0.007518413245827471,0.001428467782178311,0.07215029567555274,0.08878811055570655,0.09373216921898248,0.16521663408783008,0.0027507279186913536
2018-05-23,241.56568908691406,3.003000020980835,12.579999923706055,17.985182126397017,0.0027507279186913536,-0.002779779722243081,0.005569996121110421,0.06889832721218532,0.07853872049567914,0.09376328535972692,0.16331708106677242,-0.002048417026350835
2018-05-24,241.07086181640625,2.9809999465942383,12.529999732971191,18.14682006118423,-0.002048417026350835,0.0027507279186913536,0.0041138782072343005,0.07123131080376786,0.06625256721276797,0.08927845470711981,0.1619991712798785,-0.002382646298900837
2018-05-25,240.49647521972656,2.930999994277954,13.220000267028809,17.847532825847406,-0.002382646298900837,-0.002048417026350835,0.002903877496933216,0.07091419820356173,0.0655322074977297,0.09019083282955183,0.15916913535673244,-0.011500981176723046
2018-05-29,237.73052978515625,2.7679998874664307,17.020000457763672,18.56831251608283,-0.011500981176723046,-0.002382646298900837,0.0030221422240279683,0.08190690127033129,0.08615638691566622,0.09592267370011118,0.16069271386349177,0.01334494401379005
2018-05-30,240.9030303955078,2.8420000076293945,14.9399995803833,18.059400942484025,0.01334494401379005,-0.011500981176723046,-0.01591237399593093,0.14370469239544995,0.10758524329110658,0.10567745537787222,0.16127706569697753,-0.006126177893706841
2018-05-31,239.42721557617188,2.822000026702881,15.430000305175781,18.353684816530436,-0.006126177893706841,0.01334494401379005,0.0,0.14690974215045402,0.11029458571489399,0.10509145541330218,0.1617046522745383,0.009817474897556577
2018-06-01,241.7777862548828,2.8949999809265137,13.460000038146973,18.08182327893427,0.009817474897556577,-0.006126177893706841,-0.008852554842640692,0.16799290797492566,0.12164757797897938,0.10813529922707618,0.16294849153814767,0.004751548880985501
2018-06-04,242.92660522460938,2.937000036239624,12.739999771118164,17.630696640709086,0.004751548880985501,0.009817474897556577,0.002932434194452549,0.16756565685615268,0.12190389013489439,0.10087371729987168,0.16293784453014576,0.0007277437969985812
2018-06-05,243.1033935546875,2.9189999103546143,12.399999618530273,17.749979771778328,0.0007277437969985812,0.004751548880985501,0.01010463875889478,0.12134329270995628,0.11692310258503248,0.10071316557089721,0.15893871391116954,0.008360394134480309
2018-06-06,245.13583374023438,2.9749999046325684,11.640000343322754,17.954385446337675,0.008360394134480309,0.0007277437969985812,0.02260064693578423,0.10209444114006032,0.12105930861544409,0.10336648972605582,0.15986195737424036,-0.00010781052387576207
2018-06-07,245.10940551757812,2.933000087738037,12.130000114440918,18.105550746855158,-0.00010781052387576207,0.008360394134480309,0.017570569111468926,0.07031666349036095,0.12126084333276206,0.0994341344498875,0.1592857655117388,0.0029562069014890113
2018-06-08,245.83399963378906,2.937000036239624,12.180000305175781,18.094115088712474,0.0029562069014890113,-0.00010781052387576207,0.023732431284940958,0.05386546849386835,0.11977260332085769,0.09520394188622883,0.1590012799062676,0.001329962794931694
2018-06-11,246.16094970703125,2.9570000171661377,12.350000381469727,17.89122432302899,0.001329962794931694,0.0029562069014890113,0.016776617247335368,0.05368388875426409,0.11740933918824775,0.094941037116508,0.15898891927988784,0.0012923678330891697
2018-06-12,246.4790802001953,2.9570000171661377,12.34000015258789,18.09673572703369,0.0012923678330891697,0.001329962794931694,0.013314080931692951,0.05254558362522761,0.08934421048020574,0.09491947161390438,0.1589936995074028,-0.0031909981227929984
2018-06-13,245.69256591796875,2.9769999980926514,12.9399995803833,18.18585169487822,-0.0031909981227929984,0.0012923678330891697,0.013885806348270524,0.03666017674479013,0.07668877468500974,0.09164819053712425,0.15653571692249416,0.0025179316380596894
2018-06-14,246.3112030029297,2.946000099182129,12.119999885559082,18.16058272261496,0.0025179316380596894,-0.0031909981227929984,0.0022711170751328336,0.038793521987429976,0.061964916213316144,0.09112795750029068,0.1565713102556234,-0.0012757204679818557
2018-06-15,245.99697875976562,2.9240000247955322,11.979999542236328,18.603348915668427,-0.0012757204679818557,0.0025179316380596894,0.004903106361070941,0.03680198742990083,0.05108427665398168,0.09126869551210168,0.15653406331109304,-0.0020567983764449016
2018-06-18,245.4910125732422,2.9260001182556152,12.3100004196167,17.784246563606,-0.0020567983764449016,-0.0012757204679818557,0.000662964139294564,0.03771510116456253,0.051264463860113185,0.09104528697735627,0.1473453444985383,-0.0038328622203973595
2018-06-19,244.55007934570312,2.8929998874664307,13.350000381469727,18.395685970966138,-0.0038328622203973595,-0.0020567983764449016,-0.002721541067282951,0.03951358557916165,0.05688449938906177,0.08949145798390871,0.14026710915972387,0.001706013801602957
2018-06-20,244.96728515625,2.927999973297119,12.789999961853027,17.8005144906696,0.001706013801602957,-0.0038328622203973595,-0.007826225466783687,0.04205154526416869,0.038204377518969226,0.08863883001556815,0.12925676981558454,-0.006268773931468075
2018-06-21,243.431640625,2.8970000743865967,14.640000343322754,18.079054864095987,-0.006268773931468075,0.001706013801602957,-0.002951984969544852,0.04712273901583329,0.049299787397244374,0.09180145191855682,0.1247379022721798,0.0018232321662106088
2018-06-22,243.87547302246094,2.9000000953674316,13.770000457763672,17.820996601917557,0.0018232321662106088,-0.006268773931468075,-0.011690748706608467,0.05587784971187488,0.04724370658915322,0.09145957407766243,0.12448221731226457,-0.013612784334586348
2018-06-25,240.55564880371094,2.875,17.329999923706055,18.741707170123874,-0.013612784334586348,0.0018232321662106088,-0.008624112978950382,0.1016596658551023,0.07797524677164876,0.10411875994221473,0.12559378460579954,0.002213756945345313
2018-06-26,241.0881805419922,2.880000114440918,15.920000076293945,18.04303604932241,0.002213756945345313,-0.013612784334586348,-0.02010405072592536,0.11105379926801241,0.07928661182958228,0.09494584908485454,0.11680491111656036,-0.008284264100752226
2018-06-27,239.0909423828125,2.8269999027252197,17.90999984741211,18.47052464798099,-0.008284264100752226,0.002213756945345313,-0.014156195790135495,0.10796393668283441,0.08499058964555427,0.0875496038301688,0.11568073365319152,0.005717508078338263
2018-06-28,240.45794677734375,2.8469998836517334,16.850000381469727,18.154766699464258,0.005717508078338263,-0.008284264100752226,-0.02398827569848494,0.1292976991662495,0.09174730871472254,0.0873026390744495,0.11427255850729269,0.001439590137532143
2018-06-29,240.80410766601562,2.8489999771118164,16.09000015258789,18.396311214415043,0.001439590137532143,0.005717508078338263,-0.012215724463843003,0.12852932898637673,0.09366085003590868,0.07984540287404723,0.11326430489013566,0.002137968276200608
2018-07-02,241.31893920898438,2.865999937057495,15.600000381469727,17.967413099559753,0.002137968276200608,0.001439590137532143,-0.012593990360656115,0.08354253745630733,0.09607067248927491,0.07822267669211401,0.10291079323484519,-0.0035309974443376024
2018-07-03,240.4668426513672,2.8380000591278076,16.139999389648438,17.55762506877452,-0.0035309974443376024,0.002137968276200608,0.003173030477851224,0.08664337978170894,0.0958944680527524,0.07892343184146039,0.10294162846265616,0.008157946753126089
2018-07-05,242.42855834960938,2.8399999141693115,14.970000267028809,17.857260997632473,0.008157946753126089,-0.0035309974443376024,-0.002577222530064205,0.07081025270391791,0.10706564202407144,0.07862355700890603,0.09921934973748046,0.008458126167012026
2018-07-06,244.4790496826172,2.8310000896453857,13.369999885559082,18.012617779335176,0.008458126167012026,0.008157946753126089,0.01395960856372791,0.08003436279578283,0.11225120239687132,0.08488329592307807,0.09975269089492395,0.00900458046311936
2018-07-09,246.68048095703125,2.859999895095825,12.6899995803833,17.738481436139153,0.00900458046311936,0.008458126167012026,0.01672268668665322,0.0865188928621643,0.12021391814777127,0.09032655181616037,0.10001188469894408,0.003598315820935838
2018-07-10,247.568115234375,2.872999906539917,12.640000343322754,17.76611563034693,0.003598315820935838,0.00900458046311936,0.0244031272887002,0.08423064729649947,0.08756754437854758,0.09106302315433534,0.09985835129988677,-0.007314684149228978
2018-07-11,245.75723266601562,2.8420000076293945,13.630000114440918,18.16002613019888,-0.007314684149228978,0.003598315820935838,0.025895920336276523,0.10931169374232563,0.10157519292217436,0.0948656401033178,0.10009348130909138,0.009066154822573003
2018-07-12,247.9853057861328,2.8529999256134033,12.579999923706055,17.91193131340486,0.009066154822573003,-0.007314684149228978,0.022000496851528606,0.11145782487865996,0.08928081618760227,0.09948430345888848,0.09944944482794729,0.000787350944947196
2018-07-13,248.18055725097656,2.8310000896453857,12.180000305175781,17.69120149488502,0.000787350944947196,0.009066154822573003,0.022921175105574676,0.10781108376582778,0.08955023935487916,0.09920411683869969,0.09944967025148047,-0.0008942031180169119
2018-07-16,247.95863342285156,2.8580000400543213,12.829999923706055,17.69089034644004,-0.0008942031180169119,0.000787350944947196,0.015140387583985948,0.09543520341951807,0.09156426549730459,0.09912802659452534,0.09866476061953192,0.004045361363482103
2018-07-17,248.9617156982422,2.864000082015991,12.0600004196167,17.772803271354697,0.004045361363482103,-0.0008942031180169119,0.00518140900675057,0.09623705597653558,0.09159298097862519,0.0994752043180246,0.09699653277156392,0.0021035851104027614
2018-07-18,249.4854278564453,2.875,12.100000381469727,17.613098688883678,0.0021035851104027614,0.004045361363482103,0.005629159726598276,0.06083938253358681,0.08417296824858317,0.09809318443584746,0.09699852334331795,-0.00377149573673885
2018-07-19,248.54449462890625,2.8469998836517334,12.869999885559082,17.933117458389287,-0.00377149573673885,0.0021035851104027614,0.015170235886796002,0.04722672502016156,0.08771574723748266,0.09950024993336795,0.09277546993239552,-0.001142884366083452
2018-07-20,248.26043701171875,2.8949999809265137,12.859999656677246,18.226339653100112,-0.001142884366083452,-0.00377149573673885,0.002254927327249412,0.04834355433978659,0.08257127198979428,0.09632161334797122,0.09284912583850818,0.0018594964620766152
2018-07-23,248.72207641601562,2.9649999141693115,12.619999885559082,17.666670434385406,0.0018594964620766152,-0.001142884366083452,0.0003218614770914563,0.04884053996164725,0.07156152778353185,0.09632580951663143,0.09091668728873531,0.005032070060275062
2018-07-24,249.97366333007812,2.9489998817443848,12.40999984741211,18.035413787851343,0.005032070060275062,0.0018594964620766152,0.0030789127308268327,0.053483400945625856,0.07344948163783296,0.08019149713182155,0.09130291194007246,0.00852238217966561
2018-07-25,252.10403442382812,2.936000108718872,12.289999961853027,18.18347504496575,0.00852238217966561,0.005032070060275062,0.004064671666476061,0.0773190516057559,0.0660419994521259,0.08353998345962019,0.09075061679992935,-0.0023591126681027363
2018-07-26,251.50929260253906,2.9749999046325684,12.140000343322754,17.874564690673132,-0.0023591126681027363,0.00852238217966561,0.010496030128419154,0.07094996388809514,0.05906637237240659,0.07593187700157888,0.09104868050248895,-0.006776290089015258
2018-07-27,249.80499267578125,2.9600000381469727,13.029999732971191,18.156307575988787,-0.006776290089015258,-0.0023591126681027363,0.011928640696948323,0.0955804719482634,0.07209523501052603,0.08173930854042691,0.09107072035642183,-0.005223312618118925
2018-07-30,248.50018310546875,2.9749999046325684,14.260000228881836,17.97036210371115,-0.005223312618118925,-0.006776290089015258,0.006221513514815813,0.10547588377176302,0.07776403383719567,0.08559086801857747,0.09176137663557864,0.004929536990347705
2018-07-31,249.7251739501953,2.9639999866485596,12.829999923706055,18.043372985636072,0.004929536990347705,-0.005223312618118925,-0.0008921335562338539,0.1051598957765486,0.07909430544888965,0.08639855620967506,0.08878448144665632,-0.0016707820101797832
2018-08-01,249.3079376220703,3.003000020980835,13.149999618530273,17.80177425959506,-0.0016707820101797832,0.004929536990347705,-0.0009940622406876543,0.07153070593806383,0.07897700775313543,0.08514004956573562,0.08881484707240947,0.005447636569617664
2018-08-02,250.66607666015625,2.9860000610351562,12.1899995803833,17.965390752287252,0.005447636569617664,-0.0016707820101797832,-0.01109104345810319,0.08972982048816851,0.0803931423630534,0.08298050820724095,0.08926939594811276,0.004284726752185941
2018-08-03,251.7401123046875,2.953000068664551,11.640000343322754,17.80329761063934,0.004284726752185941,0.005447636569617664,-0.003352623410679878,0.07544263149402503,0.08121628189357367,0.07972085088360449,0.08771342145803551,0.0036674659535314014
2018-08-06,252.66336059570312,2.937999963760376,11.270000457763672,17.489299242027,0.0036674659535314014,0.004284726752185941,0.007746521028976439,0.04564859280839405,0.08200311004531714,0.07515670956265409,0.0861452325230547,0.003302463875753281
2018-08-07,253.49777221679688,2.9730000495910645,10.930000305175781,17.581272369563305,0.003302463875753281,0.0036674659535314014,0.016753216992469788,0.04347010782319407,0.08041183078398002,0.07503923820154589,0.08617420943662774,-0.0004203878475167455
2018-08-08,253.39120483398438,2.9709999561309814,10.850000381469727,17.555905055627598,-0.0004203878475167455,0.003302463875753281,0.01510700025522449,0.035093829855328905,0.07014824990763453,0.06836351329142266,0.08621038255405158,-0.0013664135771565
2018-08-09,253.0449676513672,2.934999942779541,11.270000457763672,17.391137351881227,-0.0013664135771565,-0.0004203878475167455,0.016378408368625363,0.041114066153004565,0.0691784470140118,0.06294460370358665,0.08482981563203668,-0.006700010944577284
2018-08-10,251.3495635986328,2.8570001125335693,13.15999984741211,18.160302519002137,-0.006700010944577284,-0.0013664135771565,0.009490278951611586,0.06680053755259217,0.06895085756347913,0.0686598017852995,0.08596605128595843,-0.0037435851204845605
2018-08-13,250.4086151123047,2.877000093460083,14.779999732971191,18.001110134363962,-0.0037435851204845605,-0.006700010944577284,-0.0015513964083005982,0.05935084276709674,0.06576299841660074,0.07023312619887039,0.08639920692219628,0.006380501498435942
2018-08-14,252.00634765625,2.8949999809265137,13.3100004196167,17.596102842810588,0.006380501498435942,-0.0037435851204845605,-0.008923911556002584,0.07728738998675237,0.06866990237423722,0.07225610070608747,0.08691117349961594,-0.007467354279812932
2018-08-15,250.12452697753906,2.8519999980926514,14.640000343322754,18.449515021653458,-0.007467354279812932,0.006380501498435942,-0.005883383303547873,0.08837768869632251,0.08001670885369128,0.07744624877366599,0.08742086716428324,0.008091428579794835
2018-08-16,252.1483917236328,2.871000051498413,13.449999809265137,18.0635471377013,0.008091428579794835,-0.007467354279812932,-0.012891835999538914,0.117321795903897,0.08564596652339622,0.08087323289755415,0.08846127793783712,0.00352052736260533
2018-08-17,253.0360870361328,2.872999906539917,12.640000343322754,17.99936824159108,0.00352052736260533,0.008091428579794835,-0.0035431486192194495,0.10623893294681898,0.08480792006992152,0.08113273832741498,0.08854870170627048,0.00213966458246051
2018-08-20,253.57749938964844,2.822999954223633,12.489999771118164,17.49956591983361,0.00213966458246051,0.00352052736260533,0.006709872153162433,0.09618052559159398,0.08356117646448387,0.08117976297255391,0.08839138440288252,0.002345705422074351
2018-08-21,254.1723175048828,2.8440001010894775,12.859999656677246,18.024254675359895,0.002345705422074351,0.00213966458246051,0.01265485325224347,0.09008413462393762,0.08275637964414065,0.07995187983693385,0.08818174507654941,-0.0005936087286417813
2018-08-22,254.0214385986328,2.822999954223633,12.25,17.622024169986187,-0.0005936087286417813,0.002345705422074351,0.008594901949006806,0.05034068361435467,0.0828018671481219,0.07471908346299934,0.08436086046965331,-0.0013280032994646973
2018-08-23,253.68409729003906,2.821000099182129,12.40999984741211,17.71150379032255,-0.0013280032994646973,-0.0005936087286417813,0.015579886019909228,0.03290551320718372,0.08278095512695834,0.07430451167987746,0.08055181782601986,0.00601818622435335
2018-08-24,255.2108154296875,2.8259999752044678,11.989999771118164,17.86707636871533,0.00601818622435335,-0.0013280032994646973,0.006090483290051907,0.04606690468381234,0.07725654879766686,0.0716539341354646,0.07988591766995799,0.007895251656512947
2018-08-27,257.22576904296875,2.8480000495910645,12.15999984741211,17.85983121276863,0.007895251656512947,0.00601818622435335,0.008594538506454752,0.0640211746050564,0.07707725581584098,0.07147714870619647,0.07908070212441139,0.00048358159798800315
2018-08-28,257.35015869140625,2.884000062942505,12.5,17.664455330181916,0.00048358159798800315,0.007895251656512947,0.01438719784721254,0.06630159828189751,0.07484565961373242,0.07057965777842512,0.0787091290788548,0.005380624581250659
2018-08-29,258.73486328125,2.884000062942505,12.25,17.934311948884346,0.005380624581250659,0.00048358159798800315,0.01250270374728113,0.06220715109714176,0.05357689554749846,0.07079701624668033,0.07922292455713274,-0.004048489400610311
2018-08-30,257.6873779296875,2.859999895095825,13.529999732971191,17.93013967382106,-0.004048489400610311,0.005380624581250659,0.018555223955190048,0.0772191369149517,0.058239413847145524,0.07243250416006523,0.07841063247670593,3.458117694421503e-05
2018-08-31,257.6962890625,2.8529999256134033,12.859999656677246,18.007296376118916,3.458117694421503e-05,-0.004048489400610311,0.015780573880716853,0.07484467912245467,0.05862277054249451,0.0717492545209017,0.07840378800538039,-0.0017221304300044649
2018-09-04,257.25250244140625,2.9019999504089355,13.15999984741211,17.86893591608031,-0.0017221304300044649,3.458117694421503e-05,0.009738904006195037,0.055298730333118586,0.06120518601363058,0.07182114944031102,0.07845243650565062,-0.0026915708244114045
2018-09-05,256.5600891113281,2.9019999504089355,13.90999984741211,18.098440366278464,-0.0026915708244114045,-0.0017221304300044649,0.00010392970555384018,0.05816228098468339,0.06427961228011962,0.0723228539421654,0.07876191377533286,-0.0030100651115189114
2018-09-06,255.78782653808594,2.878999948501587,14.649999618530273,18.003799230979528,-0.0030100651115189114,-0.0026915708244114045,-0.0030700178468726635,0.024461891619041914,0.06698457198133471,0.0733887420949282,0.0791169136263114,-0.0019431722050613498
2018-09-07,255.29078674316406,2.941999912261963,14.880000114440918,18.113133335838278,-0.0019431722050613498,-0.0030100651115189114,-0.0113901803019123,0.018832067693078814,0.06757495267024986,0.07360952425606788,0.07890052854198133,0.001737998750443559
2018-09-10,255.73448181152344,2.937000036239624,14.15999984741211,17.73174271248243,0.001737998750443559,-0.0019431722050613498,-0.009300382524662809,0.030148185631988917,0.06114623002106833,0.06866315899453118,0.07883787314893817,0.003297590098697345
2018-09-11,256.5777893066406,2.9769999980926514,13.220000267028809,17.738087692120978,0.003297590098697345,0.001737998750443559,-0.007612865742512742,0.04532866886689055,0.04788804305973219,0.06690932149506579,0.07892077332315285,0.00024228249377555855
2018-09-12,256.63995361328125,2.9630000591278076,13.140000343322754,17.906696821340358,0.00024228249377555855,0.003297590098697345,-0.0026227660697656363,0.041066199495135146,0.04780005067195037,0.06412744034216658,0.07871636294851941,0.005914684422928307
2018-09-13,258.15789794921875,2.9630000591278076,12.369999885559082,17.748006573774774,0.005914684422928307,0.00024228249377555855,0.0003112896562740275,0.047359959859648755,0.0496094189151317,0.0582384212238285,0.07882581400805183,0.00017188146845881214
2018-09-14,258.2022705078125,2.99399995803833,12.069999694824219,17.82429543443749,0.00017188146845881214,0.005914684422928307,0.009265770944653973,0.03817843007505919,0.04477544136534792,0.05306422777354687,0.07882276536831818,-0.005294434124923808
2018-09-17,256.8352355957031,3.000999927520752,13.680000305175781,18.038600090730238,-0.005294434124923808,0.00017188146845881214,0.011404578292038225,0.06651381699093682,0.05263841148098241,0.05701285412131545,0.0784693321532372,0.005426464449700852
2018-09-18,258.22894287109375,3.0480000972747803,12.789999961853027,17.94152174794576,0.005426464449700852,-0.005294434124923808,0.004304283788335361,0.07283298523375954,0.05917060842909496,0.05922508801389193,0.07899497946694894,0.001065159190067666
2018-09-19,258.5039978027344,3.0829999446868896,11.75,17.708974423045785,0.001065159190067666,0.005426464449700852,0.006435294219796273,0.07231815382542539,0.05665275573207713,0.05898901206397072,0.07291870459768848,0.00810373785557883
2018-09-20,260.5988464355469,3.078000068664551,11.800000190734863,18.424280267886175,0.00810373785557883,0.001065159190067666,0.007263265766724647,0.08185976020635159,0.06304954181782332,0.0640260756425586,0.07425177391446021,-0.0009130721793101371
2018-09-21,260.36090087890625,3.068000078201294,11.680000305175781,18.474029084784743,-0.0009130721793101371,0.00810373785557883,0.009455253957824983,0.08364116793965218,0.061497084857601345,0.06381793331177071,0.07167631068038634,-0.0033220395086166477
2018-09-24,259.4959716796875,3.078000068664551,12.199999809265137,17.79350108177691,-0.0033220395086166477,-0.0009130721793101371,0.008360230012107728,0.07388655770916189,0.06703979462608373,0.06328357634274993,0.07176156875415847,-0.0009277722974647684
2018-09-25,259.2552185058594,3.1019999980926514,12.420000076293945,17.608074145892843,-0.0009277722974647684,-0.0033220395086166477,0.01035970036515077,0.06934358263263242,0.06716858489285558,0.05774550865577904,0.07190305662928992,-0.00299225157514027
2018-09-26,258.4794616699219,3.061000108718872,12.890000343322754,18.194278150223973,-0.00299225157514027,-0.0009277722974647684,0.0039742858540761095,0.07418425087676495,0.07014963884978931,0.05898303167308357,0.07239678880696984,0.0027940265801480457
2018-09-27,259.20166015625,3.055999994277954,12.40999984741211,17.897267916003123,0.0027940265801480457,-0.00299225157514027,-9.491587372367771e-05,0.03867509128611886,0.06526209473126579,0.05665324426886304,0.07180590563720518,0.0001034906611157016
2018-09-28,259.2284851074219,3.055999994277954,12.119999885559082,18.065310676862843,0.0001034906611157016,0.0027940265801480457,-0.005361444605022192,0.03960089683726072,0.06527001857124304,0.054500655140823626,0.07038492246099387,0.003473583004518721
2018-10-01,260.1289367675781,3.0799999237060547,12.0,17.94391673071862,0.003473583004518721,0.0001034906611157016,-0.004349407947436212,0.04237025517750638,0.058304025352618805,0.055630763163791806,0.06889289287996116,-0.0005821275577332363
2018-10-02,259.9775085449219,3.055999994277954,12.050000190734863,17.671136762980733,-0.0005821275577332363,0.003473583004518721,0.0024392096871235225,0.04170737000961231,0.05398456653375672,0.05517874321035486,0.0669350953820872,0.0005485422311195531
2018-10-03,260.1201171875,3.1610000133514404,11.609999656677246,17.985188309312292,0.0005485422311195531,-0.0005821275577332363,0.002786019287192021,0.02805123208676377,0.053943713002842654,0.05385026023944874,0.06669828404508159,-0.007815579678859264
2018-10-04,258.0871276855469,3.197000026702881,14.220000267028809,18.529946732313793,-0.007815579678859264,0.0005485422311195531,0.006347334163335772,0.06647865647020118,0.05130581945084943,0.06052339392421864,0.06696699772146719,-0.005597257372266462
2018-10-05,256.6425476074219,3.2249999046325684,14.819999694824219,18.47849389729251,-0.005597257372266462,-0.007815579678859264,-0.0042998662509772245,0.07327535128845875,0.056320817349243275,0.06374731963273798,0.06599507308594789,0.0
2018-10-08,256.6425476074219,3.2330000400543213,15.6899995803833,18.289913538867534,0.0,-0.005597257372266462,-0.009975514453700596,0.05986767735185891,0.05566398897546218,0.06351521529338254,0.06600426168976477,-0.001459273695033958
2018-10-09,256.2680358886719,3.2079999446868896,15.949999809265137,18.12414628448643,-0.001459273695033958,0.0,-0.013402542613977997,0.05822398096582912,0.055682009340261136,0.06266194771492574,0.06606783702678887,-0.03166316776246336
2018-10-10,248.15377807617188,3.2249999046325684,22.959999084472656,19.18489664460059,-0.03166316776246336,-0.001459273695033958,-0.0142684368236764,0.2045274666237882,0.16361229187691093,0.1284635421692988,0.09304093024568888,-0.022026493749064624
2018-10-11,242.6878204345703,3.132999897003174,24.979999542236328,19.431701491004254,-0.022026493749064624,-0.03166316776246336,-0.04600312824979447,0.22212421892519857,0.1811706651468568,0.14399422264448494,0.10325139969730625,0.013888521249794561
2018-10-12,246.0583953857422,3.1410000324249268,21.309999465942383,19.02601532299165,0.013888521249794561,-0.022026493749064624,-0.05966708758035799,0.29079598089089437,0.2066652981090883,0.15580618292146864,0.1070889296032538,-0.005616878367260436
2018-10-15,244.6763153076172,3.1630001068115234,21.299999237060547,18.443065339020666,-0.005616878367260436,0.013888521249794561,-0.04124083212371288,0.28339401767009714,0.20103878382541981,0.15589092319382009,0.10765801564690425,0.02186552294287769
2018-10-16,250.0262908935547,3.1559998989105225,17.6200008392334,18.58836064121551,0.02186552294287769,-0.005616878367260436,-0.046626065753169854,0.36193530223544257,0.24487982129395885,0.1763782120468121,0.11673286436652681,0.00017857008811872355
2018-10-17,250.07093811035156,3.178999900817871,17.399999618530273,18.521665709839,0.00017857008811872355,0.02186552294287769,-0.02435631495544266,0.27195925996039777,0.24470336736916162,0.17623163280122764,0.11628237291676334,-0.01444115375220989
2018-10-18,246.45962524414062,3.174999952316284,20.059999465942383,18.717502182375554,-0.01444115375220989,0.00017857008811872355,0.007725693515700627,0.23286336311278508,0.2499334988712389,0.17793218143140221,0.11862146968321832,-0.0005425341713566345
2018-10-19,246.32591247558594,3.197999954223633,19.889999389648438,18.75644988345872,-0.0005425341713566345,-0.01444115375220989,0.015541796876400005,0.21269868198392095,0.25059208029659436,0.17798708651651385,0.11854843316697194,-0.004489130572813416
2018-10-22,245.22012329101562,3.196000099182129,19.639999389648438,18.227287736204897,-0.004489130572813416,-0.0005425341713566345,0.0010872097634562206,0.21086883995243527,0.24960622297231796,0.17808878428978453,0.1181082080371822,-0.005090678428991358
2018-10-23,243.97178649902344,3.1659998893737793,20.709999084472656,18.80153002668861,-0.005090678428991358,-0.004489130572813416,0.00222256078490779,0.09256877350877912,0.2490609085392522,0.17813220972598884,0.11808481418207892,-0.03029839073083984
2018-10-24,236.579833984375,3.124000072479248,25.229999542236328,18.996207568747835,-0.03029839073083984,-0.005090678428991358,-0.024215470992643984,0.1896548160883902,0.24499940960362807,0.20282936667590915,0.13262284595883286,0.017940409027162207
2018-10-25,240.8241729736328,3.135999917984009,24.219999313354492,18.743209803265103,0.017940409027162207,-0.03029839073083984,-0.053949108312710825,0.27324674223974144,0.24779655728613337,0.21655496543458758,0.13809181629745113,-0.01758741068437608
2018-10-26,236.5886993408203,3.0769999027252197,24.15999984741211,19.12167009912127,-0.01758741068437608,0.017940409027162207,-0.022865620545050258,0.2842807873397884,0.24642370600353014,0.22160847902999603,0.14184441812076323,-0.0055400563312262285
2018-10-29,235.27798461914062,3.0869998931884766,24.700000762939453,18.895355328531373,-0.0055400563312262285,-0.01758741068437608,-0.039529796264250905,0.2835822751359854,0.24640821915195846,0.21962634366849393,0.1417326950579859,0.01481829965254966
2018-10-30,238.764404296875,3.109999895095825,23.350000381469727,18.872494950362615,0.01481829965254966,-0.0055400563312262285,-0.040543730826185675,0.3286076608662032,0.22768306470925562,0.23020587837219125,0.1451319308093116,0.010680955317036389
2018-10-31,241.31463623046875,3.1589999198913574,21.229999542236328,18.66985299830509,0.010680955317036389,0.01481829965254966,-0.021344198347169496,0.23983319446624293,0.2395283433380505,0.235690948491446,0.14682264704246925,0.010641996267293008
2018-11-01,243.88270568847656,3.1440000534057617,19.34000015258789,18.415617959660658,0.010641996267293008,0.010680955317036389,0.020013549618123738,0.2178128287314795,0.24040997457847735,0.24041277295197322,0.14867644182517456,-0.005923382683593825
2018-11-02,242.43809509277344,3.2139999866485596,19.510000228881836,18.62471569124052,-0.005923382683593825,0.010641996267293008,0.012700272888214625,0.15692830221519,0.24167087620686797,0.24046737644134933,0.14907037158099407,0.005517035894625932
2018-11-05,243.775634765625,3.2009999752044678,19.959999084472656,17.999429198151,0.005517035894625932,-0.005923382683593825,0.024723901725866915,0.12725484245216784,0.24340177578230202,0.24209103786236524,0.1490621425756983,0.006328022894226848
2018-11-06,245.31825256347656,3.2139999866485596,19.90999984741211,17.91128577963826,0.006328022894226848,0.005517035894625932,0.036117489531543034,0.10779742471266478,0.244099407047309,0.24408673266314235,0.14954459275510262,0.021408795835238914
2018-11-07,250.57022094726562,3.2130000591278076,16.360000610351562,18.447829858820132,0.021408795835238914,0.006328022894226848,0.027449017310187562,0.15650183232768072,0.19319266298759336,0.2310924561210823,0.15546562813128723,-0.0018148912057885935
2018-11-08,250.11546325683594,3.2339999675750732,16.719999313354492,17.998856059738745,-0.0018148912057885935,0.021408795835238914,0.038354841883512014,0.1659226728279141,0.18373582447460426,0.21547088276669735,0.15474333056325715,-0.00976855965021528
2018-11-09,247.6721954345703,3.188999891281128,17.360000610351562,18.40873569507133,-0.00976855965021528,-0.0018148912057885935,0.02555637371155295,0.18335149457526959,0.1609710021980678,0.21392874845857754,0.15510577937643963,-0.018684781299508457
2018-11-12,243.04449462890625,3.186000108718872,20.450000762939453,18.417411415517442,-0.018684781299508457,-0.00976855965021528,0.021589430241125918,0.24399000358023804,0.19430797616325354,0.22362366365208716,0.15941536405887302,-0.001871088218328265
2018-11-13,242.58973693847656,3.1449999809265137,20.020000457763672,18.402278465909333,-0.001871088218328265,-0.018684781299508457,-0.0029992338546126485,0.2363447568371429,0.1844685286445501,0.20781734308159347,0.15933054556610157,-0.006836616680172214
2018-11-14,240.93124389648438,3.119999885559082,21.25,18.64650789917834,-0.006836616680172214,-0.001871088218328265,-0.011122350646509682,0.11062584646076697,0.18139405966359684,0.20858900494297147,0.15969460671424002,0.010436570238643306
2018-11-15,243.44573974609375,3.118000030517578,19.979999542236328,18.721536172972883,0.010436570238643306,-0.006836616680172214,-0.03846816678510989,0.17039577759006946,0.18105604085913646,0.20724551802277819,0.16135890273363118,0.002600526749260146
2018-11-16,244.07882690429688,3.0739998817443848,18.139999389648438,18.657080056171637,0.002600526749260146,0.010436570238643306,-0.026666578003189056,0.17277537693460776,0.1784446447925188,0.20754384469003576,0.1614899748191526,-0.016914656522432292
2018-11-19,239.9503173828125,3.056999921798706,20.100000381469727,18.45083840567672,-0.016914656522432292,0.002600526749260146,-0.014508566550914037,0.1627336183189285,0.19624265690403642,0.215349265187174,0.16429523033798932,-0.01850574841288455
2018-11-20,235.50985717773438,3.0480000972747803,22.479999542236328,18.72832205643591,-0.01850574841288455,-0.016914656522432292,-0.012730908596872759,0.1976729383133625,0.20772539511409913,0.2238286854618632,0.16709302804531323,0.0034071352683302525
2018-11-21,236.31227111816406,3.061000108718872,20.799999237060547,18.140486580340355,0.0034071352683302525,-0.01850574841288455,-0.029184580725019393,0.20756224262813608,0.16033312971964053,0.19701850093452594,0.16734208445376586,-0.0066783922294374465
2018-11-23,234.7340850830078,3.053999900817871,21.520000457763672,17.572233246318763,-0.0066783922294374465,0.0034071352683302525,-0.019171331636443356,0.16478675001214652,0.1588040303976577,0.18640791307478347,0.16709040814328852,0.016144340835099413
2018-11-26,238.52371215820312,3.072000026702881,18.899999618530273,18.197304678108747,0.016144340835099413,-0.0066783922294374465,-0.03578478995841916,0.23055519356878657,0.19256145566246002,0.18556474689507602,0.1708906584518281,0.003364212516848486
2018-11-27,239.32615661621094,3.055000066757202,19.020000457763672,18.139675015038105,0.003364212516848486,0.016144340835099413,-0.0227595110012222,0.20538949514416138,0.17554692432785465,0.18442662919590755,0.17113195437537335,0.0230256931071795
2018-11-28,244.83680725097656,3.0439999103546143,18.489999771118164,18.664642884729744,0.0230256931071795,0.003364212516848486,-0.002601208339332084,0.18615072865213164,0.2142408969569935,0.1946491873442824,0.17816471096073874,-0.002185206247808935
2018-11-29,244.30178833007812,3.0350000858306885,18.790000915527344,18.226445309929186,-0.002185206247808935,0.0230256931071795,0.03960322589047016,0.1983954293122085,0.2107177824155172,0.1917862103382936,0.1781443078563919,0.006095288847449476
2018-11-30,245.79087829589844,3.013000011444092,18.06999969482422,18.402559552450388,0.006095288847449476,-0.002185206247808935,0.03380915080757285,0.1612362327449146,0.2066323021913035,0.18931846965083024,0.17862835005454955,0.013240998299556495
2018-12-03,249.04539489746094,2.992000102996826,16.440000534057617,18.451949743167226,0.013240998299556495,0.006095288847449476,0.04710348396561437,0.15464180088528057,0.21559846379450653,0.1929390725744738,0.18083816178069265,-0.032402167480453214
2018-12-04,240.9757843017578,2.9240000247955322,20.739999771118164,18.99721545909618,-0.032402167480453214,0.013240998299556495,0.04411168451159786,0.3353661966865367,0.2627129973124897,0.2263116725384498,0.19232576635570867,-0.0015170406828164396
2018-12-06,240.61021423339844,2.875999927520752,21.190000534057617,19.134538967505357,-0.0015170406828164396,-0.032402167480453214,0.006892801475904875,0.27646488434376604,0.24116724316010962,0.22489014437213103,0.19212806141748476,-0.02323600571286122
2018-12-07,235.01939392089844,2.8499999046325684,23.229999542236328,18.897032313573717,-0.02323600571286122,-0.0015170406828164396,-0.017262898765239787,0.30930208322773156,0.27262208975703645,0.22204086689580882,0.19743257513257392,0.001897127760257522
2018-12-10,235.4652557373047,2.8559999465942383,22.639999389648438,18.835739030033288,0.001897127760257522,-0.02323600571286122,-0.03799560565081972,0.29888265109051826,0.2704959414019759,0.22271685398093718,0.1969688972548714,0.00022700392853525209
2018-12-11,235.51870727539062,2.878999948501587,21.760000228881836,18.61546104231109,0.00022700392853525209,0.001897127760257522,-0.042009787467226944,0.2497500122834638,0.25604062821259566,0.2214625487982332,0.19697087568387256,0.0050351300042748015
2018-12-12,236.70457458496094,2.9059998989105225,21.459999084472656,18.400240263471087,0.0050351300042748015,0.00022700392853525209,-0.054314144727067304,0.17912683125649964,0.2570009129073173,0.21424470683616892,0.1972483244063051,-0.00033862640418269585
2018-12-13,236.62442016601562,2.9110000133514404,20.649999618530273,18.38673816729724,-0.00033862640418269585,0.0050351300042748015,-0.01772464286887987,0.18014889780174975,0.21998711235983562,0.21425329006305777,0.19676397954706376,-0.0184648405040736
2018-12-14,232.25518798828125,2.8910000324249268,21.6299991607666,18.57735196739613,-0.0184648405040736,-0.00033862640418269585,-0.016565356878476045,0.14698942640816695,0.23246495674422116,0.222171290178802,0.19977545760286694,-0.01961845535755813
2018-12-17,227.69869995117188,2.8570001125335693,24.520000457763672,18.924435232061857,-0.01961845535755813,-0.0184648405040736,-0.011761607782664774,0.18297712530376153,0.23409942195418515,0.22590973737310918,0.20202784422283357,-0.0010962668224586691
2018-12-18,227.44908142089844,2.825000047683716,25.579999923706055,18.71718702579673,-0.0010962668224586691,-0.01961845535755813,-0.03298387170461159,0.18007018605463848,0.2081242518177927,0.225021227707952,0.2020233375646567,-0.014975812256228238
2018-12-19,224.0428466796875,2.7780001163482666,25.579999923706055,19.186115101810415,-0.014975812256228238,-0.0010962668224586691,-0.03426320544913841,0.1500763057905216,0.16758090976069615,0.2235803928823534,0.20371190584902996,-0.016278014274046626
2018-12-20,220.3958740234375,2.7890000343322754,28.3799991607666,19.345151531756372,-0.016278014274046626,-0.014975812256228238,-0.05349169076041127,0.11882367764770285,0.1699094579531562,0.22170674276890368,0.20566928645906102,-0.0204894618226813
2018-12-21,215.8800811767578,2.7920000553131104,30.110000610351562,19.358128483574504,-0.0204894618226813,-0.016278014274046626,-0.06858356433030954,0.12426801633763931,0.1637719831402975,0.22836302589187002,0.20890513874242528,-0.026422970957491465
2018-12-24,210.17588806152344,2.749000072479248,36.06999969482422,18.808060635969113,-0.026422970957491465,-0.0204894618226813,-0.07050480531074155,0.1489017694774546,0.1751732839392254,0.24134728403620379,0.21401547308028612,0.05052487326383237
2018-12-26,220.7949981689453,2.796999931335449,30.40999984741211,19.20222975562241,0.05052487326383237,-0.026422970957491465,-0.07695613498630449,0.5024472151987813,0.35601084219035933,0.304614429111156,0.24080840321480707,0.0076773212699552396
2018-12-27,222.4901123046875,2.743000030517578,29.959999084472656,19.042693302184983,0.0076773212699552396,0.05052487326383237,-0.0292552654439594,0.5013488230617695,0.35858592690668345,0.30631742493783415,0.2414114804985993,-0.001290025068046985
2018-12-28,222.20309448242188,2.7360000610351562,28.34000015258789,18.846603173494458,-0.001290025068046985,0.0076773212699552396,-0.00693052421896756,0.48354495809833264,0.35820079139242583,0.29016108256373896,0.24139196868424953,0.008758848704002897
2018-12-31,224.1493377685547,2.686000108718872,25.420000076293945,18.787400872661333,0.008758848704002897,-0.001290025068046985,0.008199883355312743,0.44051238954990507,0.35783710648805916,0.2939848405707182,0.24241905463228933,0.0010403100753029193
2019-01-02,224.3825225830078,2.6610000133514404,23.219999313354492,18.65910850240885,0.0010403100753029193,0.008758848704002897,0.038304861415288105,0.3368508904704585,0.34633507614869713,0.29219420463749163,0.2422475973635983,-0.02386268794712698
2019-01-03,219.0281524658203,2.553999900817871,25.450000762939453,18.786300470776062,-0.02386268794712698,0.0010403100753029193,0.06759402637721101,0.20940637113121707,0.3644267696947457,0.2921888976328529,0.24619667836190018,0.033495842932420805
2019-01-04,226.36468505859375,2.6589999198913574,21.3799991607666,18.77575601609815,0.033495842932420805,-0.02386268794712698,-0.008002199858590409,0.32774561017205167,0.4011862773633616,0.3071822563897156,0.25699432298338437,0.00788457810281007
2019-01-07,228.14947509765625,2.681999921798706,21.399999618530273,18.451589130241167,0.00788457810281007,0.033495842932420805,0.017414584018009105,0.3255361045545314,0.3896886222565602,0.30956614509874075,0.25778452799219964,0.009395262334065624
2019-01-08,230.29299926757812,2.7160000801086426,20.469999313354492,18.44549628557202,0.009395262334065624,0.00788457810281007,0.02676101621845217,0.3259730449816378,0.3658252709217037,0.30212348656884047,0.25111975686183174,0.004673386391979895
2019-01-09,231.36924743652344,2.7279999256134033,19.979999542236328,18.369456931361427,0.004673386391979895,0.009395262334065624,0.027408787196003592,0.32379108169974624,0.31698712678256924,0.30261801209472916,0.24756256293812812,0.0035275965894645545
2019-01-10,232.1854248046875,2.7309999465942383,19.5,18.388404432926286,0.0035275965894645545,0.004673386391979895,0.03113756264564227,0.19620340461845032,0.22144499279284952,0.3029795893721041,0.24586375027900775,0.00038655396798104036
2019-01-11,232.27517700195312,2.7009999752044678,18.190000534057617,18.117656256253937,0.00038655396798104036,0.0035275965894645545,0.06007114697696414,0.056709546781325046,0.22212021045006683,0.30229338922587023,0.24567427980789666,-0.006101014650397141
2019-01-14,230.85806274414062,2.7100000381469727,19.06999969482422,18.07689665477079,-0.006101014650397141,0.00038655396798104036,0.02611048601432442,0.09108560874015922,0.22683451771497123,0.3028748674111067,0.24132578794482315,0.011460579632630585
2019-01-15,233.5038299560547,2.7109999656677246,18.600000381469727,18.260609416631056,0.011460579632630585,-0.006101014650397141,0.011871987193154743,0.10167645116790482,0.22884484926416354,0.29866721425420995,0.2427077556001423,0.002419997716773592
2019-01-16,234.06890869140625,2.7309999465942383,19.040000915527344,18.16755082437829,0.002419997716773592,0.011460579632630585,0.013942372102878853,0.10029511995617539,0.2284175520869105,0.28913472974009863,0.24118258197295336,0.007586731108465861
2019-01-17,235.8447265625,2.749000072479248,18.059999465942383,18.38109133323849,0.007586731108465861,0.002419997716773592,0.01166819395746832,0.10722672635018964,0.16568192730341808,0.28972827783776967,0.24178655008996677,0.013309895240264158
2019-01-18,238.98379516601562,2.7839999198913574,17.799999237060547,18.666761619947398,0.013309895240264158,0.007586731108465861,0.015760256100875836,0.12415415224489654,0.09111635925897311,0.2851461818207581,0.24331382199490775,-0.01351024342802809
2019-01-22,235.75506591796875,2.7300000190734863,20.799999237060547,18.565051189973417,-0.01351024342802809,0.013309895240264158,0.02888220020172927,0.17097055605448763,0.13009813858791758,0.2827741901443628,0.24462808735286404,0.0020921728851286403
2019-01-23,236.24830627441406,2.755000114440918,19.520000457763672,18.270210129370906,0.0020921728851286403,-0.01351024342802809,0.021212181699954202,0.1585777006625486,0.12562983746476167,0.2683329201531444,0.23662567934865916,0.0005313648999090148
2019-01-24,236.37384033203125,2.7119998931884766,18.889999389648438,17.896501371103575,0.0005313648999090148,0.0020921728851286403,0.011753453118417356,0.15911339858032653,0.12542203631673907,0.24277166585205912,0.23368641243212518,0.00846156050908542
2019-01-25,238.37393188476562,2.753000020980835,17.420000076293945,18.389018761877825,0.00846156050908542,0.0005313648999090148,0.009847235386839737,0.1611559628697592,0.12930259939679317,0.17762726232905043,0.23149780994295419,-0.007600271257196756
2019-01-28,236.56222534179688,2.74399995803833,18.8700008392334,18.265355886715206,-0.007600271257196756,0.00846156050908542,0.010724027452847729,0.13666064735713157,0.1390868887758747,0.18154971487790494,0.23175547823335998,-0.0013270042033517448
2019-01-29,236.24830627441406,2.7119998931884766,19.1299991607666,18.007228337132066,-0.0013270042033517448,-0.007600271257196756,-0.010132778343973303,0.09217177465047938,0.1333784417384175,0.18156171088212464,0.22975771045914614,0.015830824576663183
2019-01-30,239.98831176757812,2.694999933242798,17.65999984741211,18.34243484854439,0.015830824576663183,-0.0013270042033517448,0.0020921728851286403,0.14451052974448322,0.1431873296694584,0.18614653332083012,0.23102624291958493,0.008782433023051928
2019-01-31,242.0959930419922,2.634999990463257,16.56999969482422,18.46001780610607,0.008782433023051928,0.015830824576663183,0.015830824576663183,0.14683886375102653,0.14626903879399344,0.18682548719661032,0.23069197706886138,0.0004817218300035009
2019-02-01,242.21261596679688,2.690999984741211,16.139999389648438,18.267325592608397,0.0004817218300035009,0.008782433023051928,0.024208062541621,0.14532423234762815,0.14493861898589375,0.15640036759119613,0.2303650221190305,0.007035371709813942
2019-02-04,243.9166717529297,2.7239999771118164,15.729999542236328,17.92219205627582,0.007035371709813942,0.0004817218300035009,0.016103623628975328,0.10925374194675169,0.13517813190815106,0.11551790778036689,0.23053881680498486,0.0041917201172601
2019-02-05,244.93910217285156,2.7019999027252197,15.569999694824219,18.19193152268759,0.0041917201172601,0.007035371709813942,0.031088845230918594,0.09091069993662501,0.10352396477943862,0.11451102889658267,0.2303343104770081,-0.0013183133737166841
2019-02-06,244.61619567871094,2.7019999027252197,15.380000114440918,17.88193222961137,-0.0013183133737166841,0.0041917201172601,0.03678670139688833,0.06765215114515773,0.10651601529893183,0.11360796767115171,0.2260131064645925,-0.009532618554843775
2019-02-07,242.28436279296875,2.6519999504089355,16.3700008392334,18.37444831648384,-0.009532618554843775,-0.0013183133737166841,0.019283788768907906,0.10032406485787757,0.124799825896538,0.1218040956380934,0.22678595374412205,0.001221411698496544
2019-02-08,242.58029174804688,2.631999969482422,15.720000267028809,18.14346241508933,0.001221411698496544,-0.009532618554843775,0.0007780787637567954,0.10060516759421585,0.12032908842991742,0.12177980856307363,0.22596999953908578,0.0005549844751537858
2019-02-11,242.7149200439453,2.6610000133514404,15.970000267028809,18.03533293421448,0.0005549844751537858,0.001221411698496544,0.0015179877389226437,0.08218441415725655,0.10896221957885217,0.12174763666723618,0.22268098892200341,0.012859218819399443
2019-02-12,245.83604431152344,2.684000015258789,15.430000305175781,18.095922444492324,0.012859218819399443,0.0005549844751537858,-0.004926894501912749,0.12721993538487325,0.11760453807130393,0.12313709854477427,0.22417275220086474,0.0032468276085988457
2019-02-13,246.6342315673828,2.7079999446868896,15.649999618530273,17.994153390862653,0.0032468276085988457,0.012859218819399443,0.0036618985319825104,0.12665533494314252,0.09742545297499693,0.11919685319982151,0.22375003501622223,-0.002218218531831795
2019-02-14,246.08714294433594,2.6570000648498535,16.219999313354492,18.237171293892494,-0.002218218531831795,0.0032468276085988457,0.00824980489567606,0.09172531959789854,0.09394936512864252,0.1205052319884487,0.22284781622301528,0.01089705595394519
2019-02-15,248.76876831054688,2.6659998893737793,14.90999984741211,18.391135561918066,0.01089705595394519,-0.002218218531831795,0.015695524496629032,0.10393073836781257,0.10429506655875362,0.12289536506062855,0.22386370843444614,0.0017308141720915327
2019-02-19,249.1993408203125,2.6470000743865967,14.880000114440918,17.895093383226918,0.0017308141720915327,0.01089705595394519,0.02551104427282813,0.10100821915090599,0.10147336426583593,0.11633412607245748,0.22094104745922225,0.00201542684799616
2019-02-20,249.7015838623047,2.6540000438690186,14.020000457763672,18.15424862999245,0.00201542684799616,0.0017308141720915327,0.026716201769521053,0.07619108372890458,0.10084139679532263,0.1006650392944686,0.21728420394377293,-0.003555880270413092
2019-02-21,248.8136749267578,2.687999963760376,14.460000038146973,17.977742729985486,-0.003555880270413092,0.00201542684799616,0.01572405528085552,0.08967190896740976,0.1034608343484052,0.1032276658121206,0.21743249810867002,0.0061999528647078694
2019-02-22,250.35630798339844,2.6549999713897705,13.510000228881836,18.17368754996129,0.0061999528647078694,-0.003555880270413092,0.008836743162230265,0.08589728413308396,0.08382117384322076,0.10367064645437217,0.2171038947117622,0.0013611581784287452
2019-02-25,250.69708251953125,2.6730000972747803,14.850000381469727,18.050061905633168,0.0013611581784287452,0.0061999528647078694,0.01734818401312488,0.05497776147530682,0.0837272511001868,0.10166085799080266,0.21484987733683206,-0.0007151080933753828
2019-02-26,250.51780700683594,2.635999917984009,15.170000076293945,17.855823008484936,-0.0007151080933753828,0.0013611581784287452,0.007751432071156028,0.057170274979421155,0.08512809744289443,0.0952875804926828,0.2148142829792297,-0.0004295911757477011
2019-02-27,250.41018676757812,2.693000078201294,14.699999809265137,17.85718545798643,-0.0004295911757477011,-0.0007151080933753828,0.005290809286185638,0.057234069011110424,0.06704839776831664,0.09481325678412592,0.20979260820589218,-0.0018629102323689528
2019-02-28,249.94369506835938,2.7109999656677246,14.779999732971191,18.053497942485635,-0.0018629102323689528,-0.0004295911757477011,0.0028377990011636545,0.05039478382426786,0.0689541699333543,0.08294658853041467,0.20977628544247406,0.006244204169518097
2019-03-01,251.50439453125,2.755000114440918,13.569999694824219,18.183444619658363,0.006244204169518097,-0.0018629102323689528,0.004541631973942861,0.0506875135124832,0.0697998204218323,0.08067115958469095,0.2097935744254366,-0.003637656019150337
2019-03-04,250.58950805664062,2.7219998836517334,14.630000114440918,18.483604846993046,-0.003637656019150337,0.006244204169518097,0.004585810348056718,0.05958590135133403,0.055744479809067264,0.0829388434043941,0.2082505867124022,-0.0013602568260365766
2019-03-05,250.24864196777344,2.7219998836517334,14.739999771118164,17.89498850770062,-0.0013602568260365766,-0.003637656019150337,-0.0004291013752911743,0.060191916838258995,0.05635474839454804,0.08112936253028112,0.19691020053628733,-0.006056842270215301
2019-03-06,248.73292541503906,2.691999912261963,15.739999771118164,18.133529210739752,-0.006056842270215301,-0.0013602568260365766,-0.0010744347568679702,0.0733162051966225,0.06402657713336965,0.08436700444543996,0.19734828989865216,-0.008365580409645745
2019-03-07,246.65213012695312,2.635999917984009,16.59000015258789,18.368177254416086,-0.008365580409645745,-0.006056842270215301,-0.006698055595061869,0.08910221129769336,0.07441379667670675,0.09020099858365119,0.19194673792252875,-0.0019999265060415272
2019-03-08,246.15884399414062,2.625,16.049999237060547,18.267480623866682,-0.0019999265060415272,-0.008365580409645745,-0.013169225735044088,0.04627173618586545,0.06315765569567859,0.08282826889849461,0.19202440044988692,0.014501248615662599
2019-03-11,249.72845458984375,2.6429998874664307,14.329999923706055,17.99141822531587,0.014501248615662599,-0.0019999265060415272,-0.021254302721319562,0.14213027406862044,0.10285644777522655,0.09606642727256923,0.19405622515934084,0.0037711249352629928
2019-03-12,250.6702117919922,2.6050000190734863,13.770000457763672,18.193372293976182,0.0037711249352629928,0.014501248615662599,-0.003436111405758613,0.14516520438344546,0.10487844585771239,0.09633787994033467,0.19396261714919724,0.006619522139226008
2019-03-13,252.32952880859375,2.6110000610351562,13.40999984741211,18.20549545400412,0.006619522139226008,0.0037711249352629928,0.0016846038440161415,0.137501353725322,0.10977415227080384,0.08895585058294932,0.1942770416975266,-0.0006398507849344481
2019-03-14,252.16807556152344,2.630000114440918,13.5,18.027910726099517,-0.0006398507849344481,0.006619522139226008,0.014459699645928747,0.10461030538272645,0.10911774190947425,0.08890867450266977,0.18997930518841274,0.004940128900446927
2019-03-15,253.413818359375,2.5929999351501465,12.880000114440918,18.213767281796898,0.004940128900446927,-0.0006398507849344481,0.022363258860692792,0.08792218687172171,0.10751657666577265,0.08896958821129757,0.18495150740283303,0.0036258421380697126
2019-03-18,254.33265686035156,2.6019999980926514,13.100000381469727,17.945862358347377,0.0036258421380697126,0.004940128900446927,0.029472734952423973,0.042669423162212984,0.10532597469433252,0.08225544867785456,0.18488326698886628,0.0002480209767909969
2019-03-19,254.39573669433594,2.614000082015991,13.5600004196167,18.318294700163726,0.0002480209767909969,0.0036258421380697126,0.01843683483353864,0.0489736327139346,0.10440698432613568,0.08227763417552489,0.1815398065281988,-0.0030098225902120967
2019-03-20,253.6300506591797,2.5350000858306885,13.90999984741211,18.25355357752788,-0.0030098225902120967,0.0002480209767909969,0.01486225617200665,0.051284441475219184,0.09908223490073154,0.08341738135235584,0.1777740848410549,0.011294557860085597
2019-03-21,256.49468994140625,2.5369999408721924,13.630000114440918,18.191901353590172,0.011294557860085597,-0.0030098225902120967,0.005154061265546295,0.08540053448342695,0.09044059844058906,0.08957518443555298,0.17213529789245838,-0.019245925372804007
2019-03-22,251.55821228027344,2.4549999237060547,16.479999542236328,18.6249211594666,-0.019245925372804007,0.011294557860085597,0.017157661096664834,0.1792825055818931,0.1463095675043312,0.11416785498314438,0.1674724813828108,-0.0007523298843105097
2019-03-25,251.36895751953125,2.4200000762939453,16.329999923706055,18.264906091194593,-0.0007523298843105097,-0.019245925372804007,-0.007322434471470185,0.17414409181659166,0.1295030497000838,0.11414498547465184,0.1352652765507979,0.007454541525421465
2019-03-26,253.2427978515625,2.4140000343322754,14.680000305175781,18.0368680365483,0.007454541525421465,-0.0007523298843105097,-0.01165284622669438,0.18775257052484948,0.13322723170525425,0.11696466967333845,0.13522750688771668,-0.005229650553248533
2019-03-27,251.91842651367188,2.374000072479248,15.149999618530273,18.09529266446723,-0.005229650553248533,0.007454541525421465,-0.004532068256154487,0.19000783433188495,0.13264340486344828,0.11873470188550068,0.13590059729319232,0.0037904323790716177
2019-03-28,252.87330627441406,2.3889999389648438,14.430000305175781,17.84511215148416,0.0037904323790716177,-0.005229650553248533,-0.006748506894428852,0.1644284058652937,0.13402518840425123,0.11904720326140301,0.13524536504109883,0.006305640645643429
2019-03-29,254.46783447265625,2.4140000343322754,13.710000038146973,18.224505275357224,0.006305640645643429,0.0037904323790716177,-0.014118747128135323,0.08356660334004394,0.13551265094599216,0.11908596391151811,0.13550815292593574,0.011859226743925255
2019-04-01,257.4856262207031,2.496999979019165,13.399999618530273,18.167308641539908,0.011859226743925255,0.006305640645643429,0.011566397161151043,0.10063513077779405,0.14675523084783296,0.12433905021818319,0.1256531303699166,0.0004898492868976589
2019-04-02,257.61175537109375,2.4809999465942383,13.359999656677246,17.50614849004915,0.0004898492868976589,0.011859226743925255,0.024333429081817348,0.10136226310642603,0.1467130245438373,0.12396966290876213,0.10811961053647307,0.0015735500487950027
2019-04-03,258.0171203613281,2.5169999599456787,13.739999771118164,18.03858836801942,0.0015735500487950027,0.0004898492868976589,0.01725205042984923,0.07192140704157765,0.14473774338805762,0.1207335082682943,0.10746908586902178,0.0026533155207661974
2019-04-04,258.70172119140625,2.51200008392334,13.579999923706055,17.707279854774356,0.0026533155207661974,0.0015735500487950027,0.024209002620636966,0.07336921093364591,0.13495907842578142,0.11453005314593419,0.10639042800503323,0.004840430815211461
2019-04-05,259.9539489746094,2.500999927520752,12.819999694824219,17.88661551022623,0.004840430815211461,0.0026533155207661974,0.02304875513695892,0.07191648049601507,0.07532542272253488,0.11360486481749596,0.10640915572302259,0.000762370231825571
2019-04-08,260.1521301269531,2.5190000534057617,13.180000305175781,17.796430715631764,0.000762370231825571,0.004840430815211461,0.021559166852353817,0.028027153377647305,0.07340389395325386,0.10489705207591014,0.10638667032546664,-0.005125010777549566
2019-04-09,258.81884765625,2.499000072479248,14.279999732971191,18.007319054752504,-0.005125010777549566,0.000762370231825571,0.010355933049110977,0.05905983661367958,0.08096214792660118,0.10769660266884622,0.10732137123631685,0.0034112819090632573
2019-04-10,259.7017517089844,2.4769999980926514,13.300000190734863,17.778255213422465,0.0034112819090632573,-0.005125010777549566,0.004685703427692589,0.061682766569764895,0.06960717613895226,0.10631560385339309,0.10608324583100202,-0.00027767636003539486
2019-04-11,259.629638671875,2.503999948501587,13.020000457763672,17.824535057572444,-0.00027767636003539486,0.0034112819090632573,0.0065291456059082265,0.06116437106476275,0.07137868943090366,0.10622835966142449,0.10431838041381196,0.006765877437718837
2019-04-12,261.3862609863281,2.559999942779541,12.010000228881836,18.060109662775645,0.006765877437718837,-0.00027767636003539486,0.0035868237605662934,0.07019273388440796,0.07207281728932122,0.1072101619431353,0.10480945092000044,-0.0006549832138660339
2019-04-15,261.2150573730469,2.552999973297119,12.319999694824219,17.719434877386355,-0.0006549832138660339,0.006765877437718837,0.005509868256929895,0.07134339513144149,0.05214328744443896,0.10719918619212082,0.10424647129237319,0.0006554124980504561
2019-04-16,261.3862609863281,2.5920000076293945,12.180000305175781,17.76969611816013,0.0006554124980504561,-0.0006549832138660339,0.004085791054545762,0.0494077078880154,0.052065033020711714,0.10715299821307529,0.10142796212935186,-0.0024469052043144535
2019-04-17,260.7466735839844,2.5920000076293945,12.600000381469727,17.880568781323312,-0.0024469052043144535,0.0006554124980504561,0.009919730936628124,0.055805729376576865,0.05561150558725304,0.10686551051913425,0.09685941979406618,0.0019690672456829095
2019-04-18,261.2601013183594,2.559999942779541,12.09000015258789,18.04538349043978,0.0019690672456829095,-0.0024469052043144535,0.004023545733226053,0.05532856361516323,0.05516633664610036,0.10034889886209195,0.09685761383202957,0.0008624021737722032
2019-04-22,261.48541259765625,2.5899999141693115,12.420000076293945,17.508384548284823,0.0008624021737722032,0.0019690672456829095,0.006279955766317569,0.02684298188549154,0.05083645811613537,0.06631377351082322,0.09684297398945742,0.008991458569522326
2019-04-23,263.8365478515625,2.569999933242798,12.279999732971191,17.771485394061603,0.008991458569522326,0.0008624021737722032,0.0003793298505971876,0.06723667548720878,0.06610040358106282,0.06997513622388392,0.09700688995315009,-0.002219447206351255
2019-04-24,263.2509765625,2.5220000743865967,13.140000343322754,17.735360869946255,-0.002219447206351255,0.008991458569522326,0.010035755614087094,0.07366578447944887,0.059311541121013556,0.0691880012929506,0.09541454530956313,-0.0006157978105790773
2019-04-25,263.0888671875,2.5339999198913574,13.25,17.8719957639661,-0.0006157978105790773,-0.002219447206351255,0.007133946402291702,0.06856278526539893,0.059513765714525955,0.06462692874283815,0.09532605280523164,0.004656708537024379
2019-04-26,264.3139953613281,2.505000114440918,12.729999542236328,17.745695649658316,0.004656708537024379,-0.0006157978105790773,0.008982640396987485,0.07157515836990874,0.06098111906018424,0.06498548009797676,0.09095824957557923,0.001567825391890043
2019-04-29,264.7283935546875,2.5360000133514404,13.109999656677246,17.862024263234602,0.001567825391890043,0.004656708537024379,0.011689094613216211,0.07083211336718372,0.0543416847416108,0.06318884431102263,0.08972736728198484,0.0005102240789798262
2019-04-30,264.86346435546875,2.509000062942505,13.119999885559082,18.211337787346785,0.0005102240789798262,0.001567825391890043,0.01240214865072109,0.04098825290326089,0.05349014602453391,0.051413860335050604,0.08972599614714617,-0.007516724764449867
2019-05-01,262.87255859375,2.510999917984009,14.800000190734863,18.087609331966043,-0.007516724764449867,0.0005102240789798262,0.0038922450747196358,0.07138806449064346,0.06986945601058413,0.060401505033083336,0.09084551346136605,-0.0021586271716295125
2019-05-02,262.30511474609375,2.552000045776367,14.420000076293945,17.99036235072169,-0.0021586271716295125,-0.007516724764449867,-0.0014374798289120694,0.07267454047697654,0.06953442706932303,0.06139108913818068,0.09090365504083066,0.009787656246836862
2019-05-03,264.8724670410156,2.5309998989105225,12.869999885559082,17.850524366170205,0.009787656246836862,-0.0021586271716295125,-0.0029790406936819336,0.09999614232822955,0.08350384998697401,0.0689561751279832,0.09244750859322046,-0.004115058965882268
2019-05-06,263.7825012207031,2.5,15.4399995803833,18.490189091891832,-0.004115058965882268,0.009787656246836862,0.0021129099839152232,0.10400938370310546,0.0879961974103243,0.06998494527366833,0.09036856018759286,-0.01669970643104024
2019-05-07,259.3774108886719,2.447999954223633,19.31999969482422,18.790379811581218,-0.01669970643104024,-0.004115058965882268,-0.003573067177582434,0.1520672137442515,0.11277823722588214,0.09343343794999134,0.0977133188407244,-0.001389294315435441
2019-05-08,259.0170593261719,2.4820001125335693,19.399999618530273,18.332595710800177,-0.001389294315435441,-0.01669970643104024,-0.02071276036559777,0.1496999814918803,0.11274410427392771,0.09171109966109572,0.0978437791459138,-0.0030256362584332175
2019-05-09,258.2333679199219,2.4570000171661377,19.100000381469727,18.45480291428996,-0.0030256362584332175,-0.001389294315435441,-0.014666800095846089,0.14955046359843194,0.1128056986780523,0.0914318129370095,0.09506784781588215,0.005023168263078137
2019-05-10,259.530517578125,2.4549999237060547,16.040000915527344,18.5378351465048,0.005023168263078137,-0.0030256362584332175,-0.015522941022759862,0.12561691404888628,0.11340986723387592,0.09334031815908435,0.09532943183926411,-0.025130240057495645
2019-05-13,253.00845336914062,2.4049999713897705,20.549999237060547,18.661982441733286,-0.025130240057495645,0.005023168263078137,-0.020168005842839953,0.1955337533087383,0.16058143407906506,0.12571573774721456,0.10907107039123179,0.009043937933903567
2019-05-14,255.29664611816406,2.4189999103546143,18.059999465942383,18.159357550382463,0.009043937933903567,-0.025130240057495645,-0.040844437374365494,0.21025851825220485,0.17321154209926948,0.13127141828181155,0.10837947058341882,0.005857049267649295
2019-05-15,256.79193115234375,2.378999948501587,16.440000534057617,18.118986301860577,0.005857049267649295,0.009043937933903567,-0.015732922757330403,0.22002967745610244,0.1777346838759053,0.13348047753347797,0.10891553458389408,0.009261567868448894
2019-05-16,259.17022705078125,2.4049999713897705,15.289999961853027,18.156058745720998,0.009261567868448894,0.005857049267649295,-0.008590662636726587,0.23213533833765235,0.1869606291380114,0.13801856543667138,0.110342484972634,-0.006465241642910402
2019-05-17,257.49462890625,2.3929998874664307,15.960000038146973,18.424204538090805,-0.006465241642910402,0.009261567868448894,0.0036279553583868918,0.23332733698607677,0.17795029774558108,0.13944599608368985,0.11097478379193616,-0.006611845286518037
2019-05-20,255.7921142578125,2.4159998893737793,16.309999465942383,17.956700553321795,-0.006611845286518037,-0.006465241642910402,-0.007844505882673936,0.12867481011210513,0.17891986067603555,0.14086004068205724,0.11131699158016782,0.00901549023622139
2019-05-21,258.09820556640625,2.4260001182556152,14.949999809265137,17.66239968639905,0.00901549023622139,-0.006611845286518037,0.011002244595402999,0.1285798480956497,0.17019899389885515,0.14088281437981726,0.11270113534352261,-0.0030715251398721888
2019-05-22,257.3054504394531,2.3929998874664307,14.75,17.717129649886193,-0.0030715251398721888,0.00901549023622139,0.010973741687720695,0.12825476585832385,0.17066997678001322,0.14100813710293447,0.1129138008480071,-0.012218277305567238
2019-05-23,254.16162109375,2.2960000038146973,16.920000076293945,18.40793790778306,-0.012218277305567238,-0.0030715251398721888,0.0019997485310576657,0.12565456375068487,0.18028069743959305,0.14638743660654827,0.11586142996335606,0.002268031383819702
2019-05-24,254.73806762695312,2.3239998817443848,15.850000381469727,17.827706464615954,0.002268031383819702,-0.012218277305567238,-0.019325545275884926,0.1295283908615555,0.177992717513125,0.14525637309901335,0.11584528093104102,-0.009300300685602503
2019-05-28,252.36892700195312,2.2679998874664307,17.5,18.06442572611804,-0.009300300685602503,0.002268031383819702,-0.01070531564485755,0.1366098407517806,0.13160172151981633,0.14702310581881387,0.11683912854328032,-0.00671100563810334
2019-05-29,250.67527770996094,2.2360000610351562,17.899999618530273,18.46921278909766,-0.00671100563810334,-0.009300300685602503,-0.013382692683047925,0.08938271534337572,0.12409227316776755,0.14739596668541383,0.1174255458156326,0.0027311482564642553
2019-05-30,251.3599090576172,2.2269999980926514,17.299999237060547,17.95105785821462,0.0027311482564642553,-0.00671100563810334,-0.028760090912509084,0.10810187077364702,0.11960425198656946,0.14745021892439172,0.11751757308541888,-0.013474858410272295
2019-05-31,247.97286987304688,2.1419999599456787,18.709999084472656,18.279840431845514,-0.013474858410272295,0.0027311482564642553,-0.02310693913277595,0.11386173996332706,0.1133719991892796,0.1527875562625328,0.12013198842743053,-0.002542896964214836
2019-06-03,247.34230041503906,2.0810000896453857,18.860000610351562,18.38430718420844,-0.002542896964214836,-0.013474858410272295,-0.024349668506482902,0.09893173266203631,0.11306513134025284,0.14544836211484857,0.11899210019669532,0.02170621829661945
2019-06-04,252.71116638183594,2.11899995803833,16.969999313354492,18.162323155029508,0.02170621829661945,-0.002542896964214836,-0.029032830785011177,0.21166008057807903,0.1698137674124882,0.17044392452941692,0.12688337691561796,0.008662044470249652
2019-06-05,254.90016174316406,2.122999906539917,16.09000015258789,18.080577738058256,0.008662044470249652,0.02170621829661945,0.0013561074413894758,0.20748468215621038,0.16922902998840844,0.16530195051802046,0.12467028260747498,0.006502969715243889
2019-06-06,256.5577697753906,2.124000072479248,15.930000305175781,18.055835384314104,0.006502969715243889,0.008662044470249652,0.016854011579440442,0.2084257254265922,0.17303903925783554,0.16730239092273327,0.12511332785071458,0.01000727379998656
2019-06-07,259.1252136230469,2.0840001106262207,16.299999237060547,18.123247294321487,0.01000727379998656,0.006502969715243889,0.020678956868105614,0.13792612211496083,0.16576874500855882,0.1709703587441974,0.1260199454062705,0.004588497370455746
2019-06-10,260.314208984375,2.1429998874664307,15.9399995803833,17.923085560642868,0.004588497370455746,0.01000727379998656,0.044974047990449906,0.1064624808867445,0.1662881971003969,0.17081554572619723,0.12627780634584082,-0.00024197020015059856
2019-06-11,260.251220703125,2.140000104904175,15.989999771118164,17.88694980151757,-0.00024197020015059856,0.004588497370455746,0.05244516828528378,0.06364961404925532,0.15452253623435638,0.14232338670025277,0.12595645956349574,-0.001765613904083474
2019-06-12,259.7917175292969,2.127000093460083,15.90999984741211,17.667705020870763,-0.001765613904083474,-0.00024197020015059856,0.029836648808372557,0.07686030357694755,0.14754711427225312,0.13982429752613615,0.1258649829319667,0.004126582679958801
2019-06-13,260.86376953125,2.0910000801086426,15.819999694824219,17.706211883319558,0.004126582679958801,-0.001765613904083474,0.019190085061858486,0.07340469169646194,0.14747872742117876,0.13914551265725345,0.1260977265917202,-0.0011051728688308282
2019-06-14,260.5754699707031,2.0929999351501465,15.279999732971191,17.772979111994296,-0.0011051728688308282,0.004126582679958801,0.01678374332466781,0.04775769713041244,0.11691611012215462,0.13562868279072485,0.12593484992377824,0.0003803930345445128
2019-06-17,260.6745910644531,2.0859999656677246,15.350000381469727,17.48433272785971,0.0003803930345445128,-0.0011051728688308282,0.005596739612402146,0.03653031199286593,0.11247639041152378,0.13325242708161072,0.12390215752662634,0.010471113473354832
2019-06-18,263.4041442871094,2.059999942779541,15.149999618530273,18.263264081605637,0.010471113473354832,0.0003803930345445128,0.0013844118670438554,0.08009906303690027,0.07416811581005908,0.1346988760805967,0.11873958946873366,0.0022570371512649068
2019-06-19,263.9986572265625,2.0290000438690186,14.329999923706055,18.18082838728551,0.0022570371512649068,0.010471113473354832,0.012114923324724636,0.07147855009861397,0.07014883338843145,0.13180368829274497,0.11873228159654599,0.009554246889387441
2019-06-20,266.5209655761719,2.000999927520752,14.75,18.57400251747455,0.009554246889387441,0.0022570371512649068,0.01619350969798039,0.08491081115063737,0.07526501215420613,0.13402391804462535,0.11930810706702176,-0.001453163668183155
2019-06-21,266.1336669921875,2.068000078201294,15.399999618530273,18.238073158256043,-0.001453163668183155,0.009554246889387441,0.021686399974543802,0.08633338979560302,0.07076991137292925,0.12418150175902833,0.11873174819395416,-0.0012247914953303907
2019-06-24,265.8077087402344,2.0209999084472656,15.260000228881836,17.67797982877726,-0.0012247914953303907,-0.001453163668183155,0.02133046914243031,0.09145667377672619,0.07238153235649272,0.12482301518656314,0.11866285693295063,-0.009807706946060923
2019-06-25,263.20074462890625,1.99399995803833,16.280000686645508,18.22257975618367,-0.009807706946060923,-0.0012247914953303907,0.019691668661760975,0.11114701020030562,0.09380537136623322,0.12545221681951407,0.12009034788290195,-0.0009977318268452606
2019-06-26,262.9381408691406,2.0490000247955322,16.209999084472656,17.758739571352226,-0.0009977318268452606,-0.009807706946060923,-0.0007721961199722571,0.10911757779217353,0.09321598394859283,0.12169310287279922,0.11780641217486683,0.0035464429546248066
2019-06-27,263.8706359863281,2.005000114440918,15.819999694824219,17.513230841523647,0.0035464429546248066,-0.0009977318268452606,-0.004017127846645652,0.07680171636836838,0.0927538414298553,0.1217552636745657,0.11798538589856462,0.005145773793435504
2019-06-28,265.22845458984375,2.0,15.079999923706055,17.898977860033614,0.005145773793435504,0.0035464429546248066,-0.009944169248052193,0.09239811722738171,0.0937778987251644,0.10640760136727202,0.11836013627509559,0.009078120530580769
2019-07-01,267.63623046875,2.0339999198913574,14.0600004196167,18.181224879851428,0.009078120530580769,0.005145773793435504,-0.0034013449428415,0.11473468447648232,0.10007740744582017,0.10580711028942465,0.11958841024215806,0.0026044754879870347
2019-07-02,268.3332824707031,1.9759999513626099,12.930000305175781,17.93462091709058,0.0026044754879870347,0.009078120530580769,0.006879114744947401,0.05840925138462574,0.09018076384329128,0.08250116464712039,0.11933682402468536,0.007995114153771077
2019-07-03,270.4786376953125,1.9529999494552612,12.569999694824219,17.526613750236365,0.007995114153771077,0.0026044754879870347,0.01950046854553311,0.04433729737623808,0.09532352362239825,0.08192782845271648,0.1203066705603863,-0.0011379837446366947
2019-07-05,270.17083740234375,2.0480000972747803,13.279999732971191,17.760529190842636,-0.0011379837446366947,0.007995114153771077,0.028677835787713324,0.06578390412305407,0.08780782500090788,0.08206326203161053,0.11976160127281013,-0.005494547698068786
2019-07-08,268.6863708496094,2.0339999198913574,13.960000038146973,17.64070691842969,-0.005494547698068786,-0.0011379837446366947,0.023876098954572766,0.09739471115369144,0.09360464958567712,0.08195580489067597,0.1203038684886484,0.0012463206961585982
2019-07-09,269.021240234375,2.053999900817871,14.09000015258789,17.531550333466686,0.0012463206961585982,-0.005494547698068786,0.013037501067195256,0.07869804513571092,0.0928002811347754,0.0813177895883788,0.12029717593411142,0.004778176277394408
2019-07-10,270.3066711425781,2.061000108718872,13.029999732971191,17.883656599702338,0.004778176277394408,0.0012463206961585982,0.005174971128532269,0.08282074979806432,0.07047964580579505,0.0817129260160498,0.11993190379084746,0.002343913440149281
2019-07-11,270.94024658203125,2.119999885559082,12.930000305175781,17.74392057981169,0.002343913440149281,0.004778176277394408,0.007354244891669248,0.061870179227202546,0.06753686015901866,0.08055512848119373,0.1199566676099842,0.00447704876117494
2019-07-12,272.15325927734375,2.1059999465942383,12.390000343322754,17.512507004978055,0.00447704876117494,0.002343913440149281,0.0017066371327953966,0.06607736685690342,0.06790417701413151,0.08068069218672984,0.12021449748635847,0.0003322524382933789
2019-07-15,272.2436828613281,2.0920000076293945,12.680000305175781,17.338925601849205,0.0003322524382933789,0.00447704876117494,0.00733766047461204,0.031048924989807866,0.06814975719534194,0.0800746117459578,0.12003843448268692,-0.003224793605026255
2019-07-16,271.3657531738281,2.121999979019165,12.859999656677246,17.416926742091228,-0.003224793605026255,0.0003322524382933789,0.013239644424353214,0.052480545889513196,0.06333146041777767,0.08215945126316855,0.1202843746076115,-0.006805131693670585
2019-07-17,269.5190734863281,2.061000108718872,13.970000267028809,17.400037349476936,-0.006805131693670585,-0.003224793605026255,0.008714973350842259,0.0713038937726367,0.07485451915470508,0.08148614487683675,0.12125206165120037,0.003660944374638264
2019-07-18,270.5057678222656,2.0380001068115234,13.529999732971191,17.75500477064734,0.003660944374638264,-0.006805131693670585,-0.0029137188990595586,0.07520708813729661,0.06515774922286864,0.08188806813541355,0.12015096723336925,-0.005554983323993956
2019-07-19,269.00311279296875,2.0480000972747803,14.449999809265137,17.88758566978239,-0.005554983323993956,0.003660944374638264,-0.0016035962366117706,0.06837394887306665,0.07087328300939504,0.07903253752944248,0.12066020350235776,0.002456579888082233
2019-07-22,269.6639404296875,2.0429999828338623,13.529999732971191,17.591441202858594,0.002456579888082233,-0.005554983323993956,-0.011574898984269666,0.07491269912294321,0.06601882079862892,0.07898566096992404,0.12071522247922002,0.007150012652285653
2019-07-23,271.592041015625,2.0739998817443848,12.609999656677246,17.612448158356475,0.007150012652285653,0.002456579888082233,-0.009475857821665823,0.09641818332638356,0.07433822027838811,0.08186169943347309,0.12119441090887219,0.004699575078588536
2019-07-24,272.868408203125,2.049999952316284,12.069999694824219,17.670184093655397,0.004699575078588536,0.007150012652285653,0.0008338850394726816,0.07641709990035517,0.07422618482220261,0.07183028810050544,0.1214839041735065,-0.004777577261246391
2019-07-25,271.56475830078125,2.0739998817443848,12.739999771118164,17.829983665903693,-0.004777577261246391,0.004699575078588536,0.012427078623683308,0.09041805488981777,0.07894982797518822,0.07497750929925937,0.12197063935821029,0.0067008037413383015
2019-07-26,273.38446044921875,2.0810000896453857,12.15999984741211,17.624040214604218,0.0067008037413383015,-0.004777577261246391,0.003914853598284251,0.07707349050529036,0.08297685783744935,0.07686148732904312,0.12148571796682509,-0.0018215586907370795
2019-07-29,272.886474609375,2.055000066757202,12.829999923706055,17.456420162608655,-0.0018215586907370795,0.0067008037413383015,0.0162873492829132,0.08537116268385692,0.08377303770460615,0.07679823814742243,0.12145400778147314,-0.002454499826883283
2019-07-30,272.2166748046875,2.061000108718872,13.9399995803833,17.64086396798881,-0.002454499826883283,-0.0018215586907370795,0.011950185755472686,0.07859614012420682,0.08296417080514967,0.07235828898888667,0.12012050665885426,-0.010940699973408075
2019-07-31,269.2384338378906,2.0209999084472656,16.1200008392334,18.462256384010466,-0.010940699973408075,-0.002454499826883283,0.002299897252977967,0.10084498307980196,0.09468592295464785,0.08318777257997373,0.1220359724106678,-0.008707376276650192
2019-08-01,266.8940734863281,1.8940000534057617,17.8700008392334,18.775880807789957,-0.008707376276650192,-0.010940699973408075,-0.013303021735415421,0.10953183450092277,0.10111226230254726,0.08350676464004295,0.11830312160853183,-0.007529856493304954
2019-08-02,264.8843994140625,1.8550000190734863,17.610000610351562,18.575542893482165,-0.007529856493304954,-0.008707376276650192,-0.017199156634602586,0.06334306022775923,0.10387387485870453,0.08700736474976067,0.11938713301184958,-0.030073048338358888
2019-08-05,256.91851806640625,1.7350000143051147,24.59000015258789,19.001473010536074,-0.030073048338358888,-0.007529856493304954,-0.031091968509070145,0.1683146999991603,0.17380270713948257,0.1346467412446401,0.13460174681147072,0.014022938917215955
2019-08-06,260.5212707519531,1.7389999628067017,20.170000076293945,18.608915624202577,0.014022938917215955,-0.030073048338358888,-0.058515016421485044,0.24841378003301648,0.1897041485470076,0.1461347084240367,0.13728728725092074,0.0005905049936387741
2019-08-07,260.67510986328125,1.684000015258789,19.489999771118164,18.761232512242767,0.0005905049936387741,0.014022938917215955,-0.04296358428860281,0.2551007966327317,0.1854481915052597,0.14447101307468696,0.12681775792051952,0.019620215968480625
2019-08-08,265.78961181640625,1.715999960899353,16.90999984741211,18.289590951053,0.019620215968480625,0.0005905049936387741,-0.03180572644307311,0.3115572868200628,0.22138389046658963,0.16284708527963954,0.1316124162233473,-0.006811380906639464
2019-08-09,263.9792175292969,1.7339999675750732,17.969999313354492,18.355928877391612,-0.006811380906639464,0.019620215968480625,-0.0041382023043626814,0.3106015126916916,0.21675617042828565,0.16282503944334403,0.13205445920885214,-0.012173310484965949
2019-08-12,260.7657165527344,1.6390000581741333,21.09000015258789,17.997982001158913,-0.012173310484965949,-0.006811380906639464,-0.0034172714088407385,0.21445610817217609,0.22082243074400268,0.1669836180097509,0.13327698097551208,0.015551382243011558
2019-08-13,264.82098388671875,1.6799999475479126,17.520000457763672,18.36198963731514,0.015551382243011558,-0.012173310484965949,0.01497439155138558,0.21959602544282855,0.24277648055166567,0.17822652375028042,0.13622375381871527,-0.02956766886534079
2019-08-14,256.9908447265625,1.5809999704360962,22.100000381469727,18.72538290691534,-0.02956766886534079,0.015551382243011558,0.01650426900788249,0.323370860299256,0.2762918303934532,0.204210291889306,0.14888107792167238,0.0026420614182796065
2019-08-15,257.6698303222656,1.5290000438690186,21.18000030517578,18.41623689466392,0.0026420614182796065,-0.02956766886534079,-0.014133551679142209,0.26720676126162723,0.27733380064040647,0.2038476670392636,0.1478240459524302,0.014754732288523753
2019-08-16,261.4716796875,1.5390000343322754,18.469999313354492,18.23457163543155,0.014754732288523753,0.0026420614182796065,-0.030549657071433423,0.3046811828287413,0.29024249457109946,0.2121884117117339,0.15072017663040008,0.012047754036459857
2019-08-19,264.621826171875,1.5980000495910645,16.8799991607666,17.796533386855206,0.012047754036459857,0.014754732288523753,-0.009498997175861335,0.30102157444661853,0.24640131054261977,0.21713416845356556,0.15030719903008746,-0.007662440226923195
2019-08-20,262.59417724609375,1.5609999895095825,17.5,17.758962479957265,-0.007662440226923195,0.012047754036459857,0.01478764030071722,0.2851527413362228,0.24343426224709586,0.21625661016162975,0.15124428441398938,0.008135334630456015
2019-08-21,264.73046875,1.5770000219345093,15.800000190734863,17.717982113175793,0.008135334630456015,-0.007662440226923195,-0.008408724293455405,0.14103251342316964,0.24609818311367057,0.21792036297923217,0.15061322516127681,-0.00030756149385435805
2019-08-22,264.6490478515625,1.6100000143051147,16.68000030517578,17.760318244266706,-0.00030756149385435805,0.008135334630456015,0.030116341427152582,0.14686903478042737,0.22477050110852947,0.2175850312987058,0.14981127912300557,-0.02568767138452166
2019-08-23,257.850830078125,1.527999997138977,19.8700008392334,18.82054017624384,-0.02568767138452166,-0.00030756149385435805,0.027085893294407137,0.23728051342706408,0.25757049122423276,0.23189127591735167,0.15938223883914318,0.011058370109746862
2019-08-26,260.7022399902344,1.5449999570846558,19.31999969482422,18.098045546425695,0.011058370109746862,-0.02568767138452166,-0.013847960948208615,0.2334813081691138,0.25884945900713807,0.23707479603351864,0.15813640795439082,-0.003923470953122399
2019-08-27,259.67938232421875,1.4900000095367432,20.309999465942383,18.015249150282585,-0.003923470953122399,0.011058370109746862,-0.014812029069343646,0.23015446765481257,0.24434729266785638,0.23715512731641464,0.15828941916214678,0.007041576538451277
2019-08-28,261.5079345703125,1.465999960899353,19.350000381469727,17.90478731720447,0.007041576538451277,-0.003923470953122399,-0.011099998303250147,0.22718847631295153,0.19146082711538595,0.2370031617734998,0.1527986421635,0.012772881887602505
2019-08-29,264.84814453125,1.5160000324249268,17.8799991607666,17.874217597066565,0.012772881887602505,0.007041576538451277,-0.012172887370704322,0.2522435793315163,0.19928807727972223,0.24039838141833872,0.15395108669993857,-0.0004443141614538515
2019-08-30,264.73046875,1.50600004196167,18.979999542236328,17.957075815288068,-0.0004443141614538515,0.012772881887602505,0.0007523045380430915,0.11505060812274698,0.18809976021901997,0.23887313906211813,0.1534873413894892,-0.005847011442947525
2019-09-03,263.1825866699219,1.465999960899353,19.65999984741211,18.051085563496184,-0.005847011442947525,-0.0004443141614538515,0.026680692359185132,0.12400373432161399,0.1807865711337803,0.21231714624375342,0.15276065847804574,0.011350113004838791
2019-09-04,266.16973876953125,1.4589999914169312,17.329999923706055,17.663257429161728,0.011350113004838791,-0.005847011442947525,0.009514098075184885,0.12605115546133563,0.18480446547555304,0.21039454022620646,0.1541923075700513,0.012855300194339447
2019-09-05,269.5914306640625,1.565000057220459,16.270000457763672,18.237455991399894,0.012855300194339447,0.011350113004838791,0.02499373029626617,0.13822614549603285,0.19102473708823814,0.2144222822446923,0.15627522882118494,0.0007726988493963471
2019-09-06,269.79974365234375,1.5499999523162842,15.0,17.719184829497856,0.0007726988493963471,0.012855300194339447,0.03091109303062689,0.12779388806897027,0.1907540546693995,0.20378570472107108,0.1561951915273023,0.0005034613391234899
2019-09-09,269.9355773925781,1.621999979019165,15.270000457763672,17.75242715090793,0.0005034613391234899,0.0007726988493963471,0.01869599324494975,0.12600467076406766,0.11433129567241868,0.2017932421199298,0.15602993375151294,-0.0002352675430618012
2019-09-10,269.8720703125,1.7020000219345093,15.199999809265137,17.875041100614315,-0.0002352675430618012,0.0005034613391234899,0.019661917523719596,0.10272980952213424,0.1104992507501268,0.1956611648414794,0.1559990888547785,0.007111139356393625
2019-09-11,271.7911682128906,1.7330000400543213,14.609999656677246,18.04702095646196,0.007111139356393625,-0.0002352675430618012,0.025417652920054046,0.0899649595470815,0.10344454887111929,0.18999996162126806,0.15656152129007028,0.003463936268962353
2019-09-12,272.7326354980469,1.7910000085830688,14.220000267028809,18.104718545137818,0.003463936268962353,0.007111139356393625,0.02111971657389211,0.04794449688625244,0.1026243885455835,0.15080185304350133,0.15535607556345477,-0.0006638765129262092
2019-09-13,272.55157470703125,1.902999997138977,13.739999771118164,17.944333854704432,-0.0006638765129262092,0.003463936268962353,0.011651723596135533,0.05180096960380322,0.0930246931894616,0.15136729276410504,0.1553405498391119,-0.003088578284329735
2019-09-16,271.70977783203125,1.840999960899353,14.670000076293945,17.879244715704967,-0.003088578284329735,-0.0006638765129262092,0.010199531761725611,0.06346027434157979,0.0965558682096599,0.14591518485377217,0.1543783829802029,0.0025317334326513397
2019-09-17,272.3976745605469,1.812000036239624,14.4399995803833,17.540613473533828,0.0025317334326513397,-0.003088578284329735,0.006572680995187374,0.06222325702505665,0.08437018553881183,0.14101946595968215,0.15439358332136188,0.0005982571894214139
2019-09-18,272.5606384277344,1.7860000133514404,13.949999809265137,18.111104752577653,0.0005982571894214139,0.0025317334326513397,0.009358524004067226,0.041343642942746596,0.07266966703171421,0.1368994654152137,0.15435509419987822,-6.650792099260894e-05
2019-09-19,272.5425109863281,1.7740000486373901,14.050000190734863,18.15359184897471,-6.650792099260894e-05,0.0005982571894214139,0.002831108236162505,0.03239442220414268,0.04372625035862886,0.13502758179467758,0.15286992829374632,-0.004724951859731097
2019-09-20,271.2547607421875,1.7549999952316284,15.319999694824219,18.310475187796413,-0.004724951859731097,-6.650792099260894e-05,-0.0006971095020277263,0.046366000565146386,0.052651230025992195,0.1367074279437091,0.15322957812476334,-0.00023446089070833231
2019-09-23,271.191162109375,1.7079999446868896,14.90999984741211,17.58773804345354,-0.00023446089070833231,-0.004724951859731097,-0.004758049797502384,0.042323683459821085,0.05279683074135262,0.09301345326072213,0.1531112561084234,-0.007846829174315118
2019-09-24,269.06317138671875,1.6349999904632568,17.049999237060547,18.36801177744589,-0.007846829174315118,-0.00023446089070833231,-0.0019087120338262542,0.05842518272305197,0.06743694968220565,0.09425373143494112,0.1537422246392489,0.005914596703378239
2019-09-25,270.6545715332031,1.7319999933242798,15.960000038146973,18.090146854394742,0.005914596703378239,-0.007846829174315118,-0.012241305580921735,0.08296483481786018,0.06393561467315267,0.09307421604558787,0.15310485831047196,-0.00208291778524039
2019-09-26,270.0908203125,1.684999942779541,16.06999969482422,17.8440660574475,-0.00208291778524039,0.005914596703378239,-0.006993184729557456,0.0821669934587252,0.060491743456507194,0.09226552801864438,0.15309611080803526,-0.005387366084180334
2019-09-27,268.6357421875,1.6749999523162842,17.219999313354492,18.255176197225868,-0.005387366084180334,-0.00208291778524039,-0.00899562664538267,0.08377400146453068,0.0643543884410005,0.08544875576980314,0.15262474595514075,0.004637463965421418
2019-09-30,269.88153076171875,1.6749999523162842,16.239999771118164,17.760240821516717,0.004637463965421418,-0.005387366084180334,-0.009655198483969563,0.09619557819788728,0.07022738998052637,0.08642565663627383,0.1529105273853184,-0.011894641452152688
2019-10-01,266.67138671875,1.6440000534057617,18.559999465942383,18.29559814242148,-0.011894641452152688,0.004637463965421418,-0.00482918151708811,0.11659930433267664,0.087138183538118,0.09500057554296498,0.1544525729463496,-0.01766444411079149
2019-10-02,261.9607849121094,1.5959999561309814,20.559999465942383,18.62394399311378,-0.01766444411079149,-0.011894641452152688,-0.008889305272222092,0.1371414861004963,0.11501935739932607,0.10684928164467898,0.15856718730555353,0.008192749918423115
2019-10-03,264.1069641113281,1.5360000133514404,19.1200008392334,18.261436458714492,0.008192749918423115,-0.01766444411079149,-0.03212133669808426,0.17268597699723942,0.12937438221880534,0.10002438702142351,0.15919604682476404,0.013531953118563589
2019-10-04,267.68084716796875,1.5149999856948853,17.040000915527344,17.991299936753364,0.013531953118563589,0.008192749918423115,-0.022154978070889064,0.21345340502027388,0.15324885771103894,0.11251174420107898,0.1616332771223007,-0.004314607325700437
2019-10-07,266.5259094238281,1.5529999732971191,17.860000610351562,17.903342307790886,-0.004314607325700437,0.013531953118563589,-0.0035546089725646546,0.20892417924972448,0.15383453433370883,0.11331250568480392,0.16156242345925564,-0.015524780898792168
2019-10-08,262.3881530761719,1.5369999408721924,20.280000686645508,18.37681350278833,-0.015524780898792168,-0.004314607325700437,-0.012433682765988663,0.22055084645466058,0.16672506357518102,0.1250310981383283,0.1645395303155947,0.00949646630266443
2019-10-09,264.8799133300781,1.5889999866485596,18.639999389648438,17.94842499659136,0.00949646630266443,-0.015524780898792168,-0.016061841861929937,0.1901868483091188,0.1726273816218467,0.12744197349524283,0.1657211436536784,0.00676334179571958
2019-10-10,266.67138671875,1.6579999923706055,17.56999969482422,17.828216574562763,0.00676334179571958,0.00949646630266443,0.01114337941439647,0.18763912262633944,0.17827292497744524,0.12958296509801068,0.16579640238652413,0.010367477016092863
2019-10-11,269.43609619140625,1.7519999742507935,15.579999923706055,18.407802180106618,0.010367477016092863,0.00676334179571958,0.009709787911313494,0.17638389098860913,0.18535458069379734,0.13583130003625046,0.16701538399856264,-0.001114070841585657
2019-10-14,269.13592529296875,1.7330000400543213,14.569999694824219,17.51421164653154,-0.001114070841585657,0.010367477016092863,0.006557245473510109,0.17128962887862434,0.18388022953497393,0.1355203663778317,0.1666333250564062,0.009900277195515228
2019-10-15,271.8004455566406,1.7710000276565552,13.539999961853027,17.6604210871394,0.009900277195515228,-0.001114070841585657,0.009792728499765424,0.07606681332952811,0.17756269354674772,0.14011052307292785,0.16778438488490893,-0.0016060438628273666
2019-10-16,271.3639221191406,1.7480000257492065,13.680000305175781,17.70586449577966,-0.0016060438628273666,0.009900277195515228,0.035871636619723146,0.09285522933941573,0.14274494029663118,0.14018898707725982,0.1671908331266778,0.002948925293180249
2019-10-17,272.1641540527344,1.7569999694824219,13.789999961853027,17.638409432472805,0.002948925293180249,-0.0016060438628273666,0.024479050553684267,0.0918786172836064,0.14039714231578518,0.14063011428384833,0.16702088705068543,-0.004376743260327776
2019-10-18,270.97296142578125,1.746999979019165,14.25,17.979132411222253,-0.004376743260327776,0.002948925293180249,0.02059751292243983,0.08805350967819327,0.13143896511690453,0.14048135213148868,0.166973808762799,0.006778731788141368
2019-10-21,272.809814453125,1.7920000553131104,14.0,17.48031760774393,0.006778731788141368,-0.004376743260327776,0.005704006464238631,0.09295744480217312,0.1300691513622572,0.14252667620426926,0.16698720540693263,-0.0032666504985998657
2019-10-22,271.91864013671875,1.7680000066757202,14.460000038146973,17.69902505000439,-0.0032666504985998657,0.006778731788141368,0.013650682851637175,0.07403713313593853,0.09178873938243381,0.1399428615201226,0.16708149596563046,0.0029098014304904662
2019-10-23,272.7098693847656,1.7589999437332153,14.010000228881836,17.352176650271286,0.0029098014304904662,-0.0032666504985998657,0.000434857933496291,0.07443818088690958,0.08567104777106593,0.1388213615648926,0.16710719122174106,0.0016338119395171713
2019-10-24,273.1554260253906,1.7660000324249268,13.710000038146973,17.383721282434017,0.0016338119395171713,0.0029098014304904662,0.004959934449333625,0.07283590304931421,0.08307584605828139,0.13856110669497138,0.16554327596199445,0.004094960906658507
2019-10-25,274.27398681640625,1.8009999990463257,12.649999618530273,17.6267271288144,0.004094960906658507,0.0016338119395171713,0.0036421841667810817,0.05886399088186426,0.07141833505513209,0.13720767979094295,0.16464654687280975,0.005636551576037929
2019-10-28,275.8199462890625,1.8530000448226929,13.109999656677246,17.55667408922838,0.005636551576037929,0.004094960906658507,0.012182120951315545,0.053897054129595126,0.07177055053284705,0.13759703926804348,0.16411138616509327,-0.0002966341921747384
2019-10-29,275.7381286621094,1.8350000381469727,13.199999809265137,17.606154341703395,-0.0002966341921747384,0.005636551576037929,0.011033810649267117,0.03609840953990223,0.05937756237708107,0.12892789236578225,0.1510694760454292,0.0030671624801461572
2019-10-30,276.5838623046875,1.7979999780654907,12.329999923706055,17.720386101030865,0.0030671624801461572,-0.0002966341921747384,0.01404643875635081,0.03614699959343234,0.0572485953706923,0.10670623904358346,0.14875564477762462,-0.002663106442607921
2019-10-31,275.8472900390625,1.690999984741211,13.220000267028809,18.050396483371884,-0.002663106442607921,0.0030671624801461572,0.014205547194392487,0.05369603980502507,0.061200542549367486,0.10630732469985521,0.14894705289636426,0.00926367225270508
2019-11-01,278.40264892578125,1.7280000448226929,12.300000190734863,18.080181423502932,0.00926367225270508,-0.002663106442607921,0.009854697206057583,0.07493375804131576,0.06370578410626646,0.10123035767815029,0.14486966491105482,0.004017780704787199
2019-11-04,279.5212097167969,1.7860000133514404,12.829999923706055,17.919919322443736,0.004017780704787199,0.00926367225270508,0.01505305755495745,0.07217814436752147,0.0601859144387391,0.09864084400952382,0.14413306454834685,-0.0011061919125056052
2019-11-05,279.2120056152344,1.8660000562667847,13.100000381469727,17.57515600066353,-0.0011061919125056052,0.004017780704787199,0.013419128955435955,0.07447226534401052,0.05522296994157063,0.07411600991093148,0.14157636375610474,0.00022810690180219417
2019-11-06,279.27569580078125,1.8140000104904175,12.619999885559082,17.654685434226224,0.00022810690180219417,-0.0011061919125056052,0.012598464238443796,0.07586265863399481,0.05650357807172573,0.07077057388853226,0.13837901383311282,0.00351654725565953
2019-11-07,280.2577819824219,1.9259999990463257,12.729999542236328,17.809524544256305,0.00351654725565953,0.00022810690180219417,0.009732431507982975,0.06394848182338425,0.05659068037581455,0.06919404417371934,0.12299802408794788,0.0024660567385788035
2019-11-08,280.94891357421875,1.9329999685287476,12.069999694824219,17.707985764024844,0.0024660567385788035,0.00351654725565953,0.015988889877202705,0.034799699547821576,0.05595356072974462,0.0626481313792827,0.12299142074481526,-0.0019091618696838175
2019-11-11,280.41253662109375,1.9429999589920044,12.6899995803833,17.393383057467428,-0.0019091618696838175,0.0024660567385788035,0.009145978525212595,0.03665436531280251,0.05659935680412661,0.06325010582171518,0.12001004831724196,0.002107621239371804
2019-11-12,281.0035400390625,1.909000039100647,12.680000305175781,17.65463165442125,0.002107621239371804,-0.0019091618696838175,0.003188763046639398,0.03402022854748635,0.055551136561464994,0.05608423145069579,0.11788053724843307,0.0003238515000776321
2019-11-13,281.09454345703125,1.8700000047683716,13.0,17.802969386418976,0.0003238515000776321,0.002107621239371804,0.006416394667129621,0.033839710320966554,0.055642565710002256,0.05499584909183697,0.11649363612640538,0.001455557140633168
2019-11-14,281.5036926269531,1.815000057220459,13.050000190734863,17.75163870589505,0.001455557140633168,0.0003238515000776321,0.00651273162540944,0.027997514399712316,0.0503453353834969,0.054826020595938184,0.11558657992918443,0.007236419666158289
2019-11-15,283.540771484375,1.8339999914169312,12.050000190734863,17.94302553186656,0.007236419666158289,0.001455557140633168,0.004445588042973236,0.05365468756731972,0.04263487302844841,0.05324521186802102,0.11624010802782514,0.0007372675508423576
2019-11-18,283.74981689453125,1.8079999685287476,12.460000038146973,17.711973145588008,0.0007372675508423576,0.007236419666158289,0.009225370823409795,0.04450500078978567,0.04108146331218558,0.05072617263808077,0.10188461310000342,-0.0002880215928002805
2019-11-19,283.6680908203125,1.7860000133514404,12.859999656677246,18.03214208679016,-0.0002880215928002805,0.0007372675508423576,0.011901323363252336,0.048474655747450926,0.039810668924831205,0.04765464443187028,0.10003026162324422,-0.003719217026872723
2019-11-20,282.6130676269531,1.7380000352859497,12.779999732971191,18.190087021404633,-0.003719217026872723,-0.0002880215928002805,0.009482267664242316,0.06303193295820367,0.04772857763906326,0.05182719860918163,0.0999844577785061,-0.0016085237939176267
2019-11-21,282.1584777832031,1.7719999551773071,13.130000114440918,17.816728739156808,-0.0016085237939176267,-0.003719217026872723,0.005402183020866813,0.06559661466612494,0.047675712249353554,0.05321621373518914,0.09948154101379805,0.0022238280017594647
2019-11-22,282.78594970703125,1.7740000486373901,12.34000015258789,17.61883862806439,0.0022238280017594647,-0.0016085237939176267,0.0023260268813514173,0.03600960197523308,0.047436559027312364,0.0524750959755377,0.09658629855441635,0.007750101712328483
2019-11-25,284.9775695800781,1.7640000581741333,11.869999885559082,17.700104831539328,0.007750101712328483,0.0022238280017594647,-0.00266212782518771,0.06997113367509405,0.056691252077715325,0.05513531159459293,0.09747851970532206,0.0022658675786251248
2019-11-26,285.623291015625,1.7400000095367432,11.539999961853027,17.44168982683197,0.0022658675786251248,0.007750101712328483,0.004326884503341288,0.06965285738559605,0.05673476520274926,0.0546899311974105,0.09636814804504532,0.0044575964195627815
2019-11-27,286.896484375,1.7669999599456787,11.75,17.60975405022983,0.0044575964195627815,0.0022658675786251248,0.006892563029061272,0.05445347202035134,0.057838584756530975,0.05534668014012229,0.0943371109526729,-0.0037086385483113826
2019-11-29,285.8324890136719,1.7760000228881836,12.619999885559082,17.415359352254033,-0.0037086385483113826,0.0044575964195627815,0.01515647094458128,0.06642028448284959,0.06472698814633021,0.056584956143093425,0.091718398594368,-0.008494624103647985
2019-12-02,283.4044494628906,1.8359999656677246,14.90999984741211,18.143183971446025,-0.008494624103647985,-0.0037086385483113826,0.013021091052566769,0.10347396504578829,0.0735039271742204,0.06043744479452722,0.09375674284781646,-0.0067068701269151765
2019-12-03,281.5036926269531,1.7089999914169312,15.960000038146973,18.11878751634745,-0.0067068701269151765,-0.008494624103647985,0.002187165792713941,0.08916475504540863,0.08047310710511567,0.06491741161810302,0.09502236998207031,0.00617021560304809
2019-12-04,283.2406311035156,1.781000018119812,14.800000190734863,17.708962198181883,0.00617021560304809,-0.0067068701269151765,-0.012190001333241218,0.10503512545961506,0.08778350502664099,0.06780948501300389,0.09565279405967143,0.0017977145052665566
2019-12-05,283.74981689453125,1.7970000505447388,14.520000457763672,17.521959780752862,0.0017977145052665566,0.00617021560304809,-0.008341966453915828,0.09664294380811297,0.08582676263726416,0.06788572452313482,0.09477692703029986,0.009134414450381101
2019-12-06,286.3417053222656,1.8420000076293945,13.619999885559082,17.705839969745778,0.009134414450381101,0.0017977145052665566,-0.010967954129252333,0.12325994794180532,0.09517049320826317,0.07355547690626564,0.09617629314682982,-0.0031440357375615013
2019-12-09,285.4414367675781,1.8289999961853027,15.859999656677246,17.36623368376464,-0.0031440357375615013,0.009134414450381101,0.001781520044662921,0.10321215724662387,0.09778871698784491,0.07484239480540525,0.09647467924475785,-0.0011154298275108943
2019-12-10,285.123046875,1.8329999446868896,15.680000305175781,17.779173016860003,-0.0011154298275108943,-0.0031440357375615013,0.0071875628930597735,0.0805082132631231,0.09037880526953108,0.07451305733924102,0.09622039154093756,0.002838943575621755
2019-12-11,285.9324951171875,1.7899999618530273,14.989999771118164,17.793866118039077,0.002838943575621755,-0.0011154298275108943,0.012857217659461462,0.07435809797611462,0.09081418062745912,0.07472250471713877,0.09624577001749605,0.008618981975008877
2019-12-12,288.3969421386719,1.8969999551773071,13.9399995803833,18.38390888031803,0.008618981975008877,0.002838943575621755,0.009503806015345617,0.08822876859876347,0.09845683122328702,0.07954874858865205,0.09755918522943513,0.000599141329524544
2019-12-13,288.5697326660156,1.819000005722046,12.630000114440918,18.216161442096272,0.000599141329524544,0.008618981975008877,0.016377544468576533,0.0717318970178543,0.09558600862578497,0.07958391256498748,0.09753879642834588,0.006870136411807559
2019-12-16,290.55224609375,1.8919999599456787,12.140000343322754,18.231330958921866,0.006870136411807559,0.000599141329524544,0.007781008851792892,0.06530605669976246,0.08332056080535684,0.07922844565176657,0.0975411066223361,0.000218783768114017
2019-12-17,290.6158142089844,1.8890000581741333,12.289999961853027,17.92798479659267,0.000218783768114017,0.006870136411807559,0.017904931337398455,0.0597345190087582,0.06765953638360994,0.07929290511153597,0.09751775819758753,6.300602369080366e-05
2019-12-18,290.6341247558594,1.9240000247955322,12.579999923706055,17.689478591298922,6.300602369080366e-05,0.000218783768114017,0.019264550495605715,0.06559684284814761,0.06709334592311506,0.07921481584200275,0.09572398918900688,0.00409870363823206
2019-12-19,291.8253479003906,1.9079999923706055,12.5,18.2618081115672,0.00409870363823206,6.300602369080366e-05,0.016443145563938,0.04783836143219302,0.06732819513966198,0.07758636865890237,0.09542228538098305,0.004384298595361713
2019-12-20,293.10479736328125,1.9170000553131104,12.510000228881836,18.80690935128449,0.004384298595361713,0.00409870363823206,0.011887802056064212,0.046540918503451316,0.05849403172733024,0.07719774278092734,0.09537103658645331,0.0015276239429649063
2019-12-23,293.55255126953125,1.934999942779541,12.609999656677246,17.78561379334043,0.0015276239429649063,0.004384298595361713,0.015715663092478183,0.03293735779165506,0.050358524486537715,0.07720049092622697,0.09432190723419796,3.1291811213751686e-05
2019-12-24,293.5617370605469,1.909999966621399,12.670000076293945,16.824652567762172,3.1291811213751686e-05,0.0015276239429649063,0.010326215736130129,0.03361699415184779,0.04813537497803631,0.0742224827807551,0.09413902532302507,0.005323495745226614
2019-12-26,295.12451171875,1.9049999713897705,12.649999618530273,17.24662916809304,0.005323495745226614,3.1291811213751686e-05,0.010136829131549119,0.03502881913441233,0.049604312123273035,0.07542724860325675,0.09027142661227626,-0.0002481738540571765
2019-12-27,295.05126953125,1.8739999532699585,13.430000305175781,17.565692074967853,-0.0002481738540571765,0.005323495745226614,0.01545030875731701,0.04021945063798616,0.04168914608891115,0.07495068072007426,0.08087574896988034,-0.005513102695009597
2019-12-30,293.42462158203125,1.8949999809265137,14.819999694824219,17.722100852908376,-0.005513102695009597,-0.0002481738540571765,0.011054288649252175,0.06193028020558873,0.0570711562493221,0.07683605986580014,0.08126802245226498,0.002429344838209113
2019-12-31,294.137451171875,1.9190000295639038,13.779999732971191,17.859917064941996,0.002429344838209113,-0.005513102695009597,0.001091159959260679,0.06343837725610783,0.04962135150793395,0.06754685515752128,0.07750209375990073,0.009352068041902806
2020-01-02,296.88824462890625,1.8819999694824219,12.470000267028809,17.895607452493614,0.009352068041902806,0.002429344838209113,0.00199248788611861,0.08924480942693112,0.06361133725218095,0.06448899224982223,0.07811802141437449,-0.007572441772231819
2020-01-03,294.64007568359375,1.7879999876022339,14.020000457763672,18.168490659539366,-0.007572441772231819,0.009352068041902806,0.011331543414574208,0.10669001780173541,0.08003581467052313,0.07254777970056397,0.07204401241406973,0.0038151105889050463
2020-01-06,295.76416015625,1.8109999895095825,13.850000381469727,17.834662732061005,0.0038151105889050463,-0.007572441772231819,-0.001641463233043483,0.11066511405314636,0.07977846108125919,0.07283167244474835,0.07042282961361243,-0.002811816418341606
2020-01-07,294.9325256347656,1.8270000219345093,13.789999961853027,17.51672366393058,-0.002811816418341606,0.0038151105889050463,0.0024161584735173935,0.10279666420714567,0.08029932632023125,0.06977776485710964,0.07030303323003999,0.00532958815953366
2020-01-08,296.50439453125,1.8739999532699585,13.449999809265137,18.039361772314425,0.00532958815953366,-0.002811816418341606,0.005138982695468197,0.10722827089964052,0.08368182644653728,0.06879256877439928,0.06837885744518094,0.006780668630741227
2020-01-09,298.514892578125,1.8580000400543213,12.539999961853027,17.69652370948443,0.006780668630741227,0.00532958815953366,0.008047065580886859,0.09657536215980439,0.08820066262959975,0.06988492800192515,0.06894930758176909,-0.002877914513333857
2020-01-10,297.6557922363281,1.8250000476837158,12.5600004196167,17.78635516780826,-0.002877914513333857,0.006780668630741227,0.005478990760486191,0.07282061669111765,0.08834533812721583,0.07221496748106195,0.06744459129294444,0.006877266153932027
2020-01-13,299.7028503417969,1.8480000495910645,12.319999694824219,17.66750328616824,0.006877266153932027,-0.002877914513333857,0.010235255831161583,0.0803590480062453,0.09294534277955047,0.07034476814293689,0.06800124199323195,-0.0015246424808589287
2020-01-14,299.24591064453125,1.8179999589920044,12.390000343322754,17.9559878039998,-0.0015246424808589287,0.006877266153932027,0.013316996161624406,0.07519116414455898,0.08634376951122524,0.0712770001748268,0.06825827325335183,0.002259912357009064
2020-01-15,299.92218017578125,1.7879999876022339,12.420000076293945,18.092962493145915,0.002259912357009064,-0.0015246424808589287,0.014624989225865193,0.07207970845911053,0.08632325208044518,0.06878632124150841,0.06712551422335919,0.00831860478131019
2020-01-16,302.4171142578125,1.809000015258789,12.319999694824219,17.805425670951653,0.00831860478131019,0.002259912357009064,0.011526930823182235,0.0786280104761827,0.08397006238886234,0.07254001048039571,0.06769471638306675,0.0031123342567473955
2020-01-17,303.35833740234375,1.8359999656677246,12.100000381469727,18.378253305145815,0.0031123342567473955,0.00831860478131019,0.013072117260167326,0.06203437464697865,0.0654551496538543,0.07226590505600768,0.06694275951489932,-0.0019579604375900006
2020-01-21,302.7643737792969,1.7690000534057617,12.850000381469727,18.168911367912706,-0.0019579604375900006,0.0031123342567473955,0.019158186451443182,0.06607948158961499,0.06955161071051823,0.07329549277083176,0.06735068864427957,0.00012085495963454207
2020-01-22,302.80096435546875,1.7690000534057617,12.90999984741211,17.705592631952573,0.00012085495963454207,-0.0019579604375900006,0.01021519626526235,0.0613478209684214,0.06485629087642342,0.07290299945822687,0.06743342667903655,0.0011467235735043158
2020-01-23,303.148193359375,1.7400000095367432,12.979999542236328,17.766042504064988,0.0011467235735043158,0.00012085495963454207,0.011880041078190295,0.06198029080259204,0.06338882533960442,0.07292322502425844,0.06726181366091534,-0.008893186329976377
2020-01-24,300.4522399902344,1.680999994277954,14.5600004196167,18.288044961577796,-0.008893186329976377,0.0011467235735043158,0.01075616742217278,0.07341990081331444,0.07880900830051873,0.0818372575393759,0.07013952792182175,-0.016029303157197416
2020-01-27,295.6361999511719,1.6050000190734863,18.229999542236328,18.24707113965634,-0.016029303157197416,-0.008893186329976377,-0.006497232381838858,0.11501808824682419,0.11477672377338757,0.1004565083970618,0.07868937958065508,0.010479171567788992
2020-01-28,298.7342224121094,1.6410000324249268,16.280000686645508,17.97179653739219,0.010479171567788992,-0.016029303157197416,-0.025455497670828886,0.1611966031944071,0.12255747198818195,0.10696153787571396,0.080886468338673,-0.0008261378703254829
2020-01-29,298.4874267578125,1.593999981880188,16.389999389648438,17.802435096307782,-0.0008261378703254829,0.010479171567788992,-0.013311180958580415,0.16031436021118708,0.12241159521988425,0.10465325524758944,0.0805893398592232,0.0032451213781725663
2020-01-30,299.4560546875,1.5579999685287476,15.489999771118164,18.139534612295787,0.0032451213781725663,-0.0008261378703254829,-0.01424545528392851,0.16423341744750994,0.1230701437987536,0.10485367795896228,0.07898604373539628,-0.018157617326989395
2020-01-31,294.0186462402344,1.5199999809265137,18.84000015258789,18.550353711168025,-0.018157617326989395,0.0032451213781725663,-0.012179319398080812,0.19716076036596608,0.14243294010564791,0.11989402144735707,0.08817965538811713,0.007428379319403655
2020-02-03,296.2027282714844,1.5199999809265137,17.969999313354492,18.0508192526848,0.007428379319403655,-0.018157617326989395,-0.02141303306711617,0.17836148731902599,0.14892876109621936,0.11991265802581452,0.08909742514577824,0.015241442613005862
2020-02-04,300.71728515625,1.6030000448226929,16.049999237060547,17.95184764536824,0.015241442613005862,0.007428379319403655,0.0019163022674695274,0.19744252234127488,0.17322421215261882,0.1307365207308575,0.09373347766636442,0.011547707385823891
2020-02-05,304.18988037109375,1.6490000486373901,15.149999618530273,18.00442413145375,0.011547707385823891,0.015241442613005862,0.0066382175036008295,0.2079689211790663,0.18377701947040148,0.13524171404138308,0.09598075697117271,0.0033652718472296783
2020-02-06,305.21356201171875,1.6440000534057617,14.960000038146973,17.734701829871007,0.0033652718472296783,0.011547707385823891,0.01910450190556312,0.20794825292677194,0.18432609527703703,0.13469824507781983,0.09604170242981405,-0.005329640190544382
2020-02-07,303.5868835449219,1.5779999494552612,15.470000267028809,17.97656941323962,-0.005329640190544382,0.0033652718472296783,0.019226551723013463,0.12612713053907096,0.17992698165333423,0.1352392023940055,0.09679786532028058,0.007464966347287216
2020-02-10,305.8531494140625,1.5470000505447388,15.039999961853027,17.55484547933661,0.007464966347287216,-0.005329640190544382,0.0325429608871457,0.12614526508957394,0.15411570564890226,0.13640838961401783,0.0975980606825645,0.0017332528719253837
2020-02-11,306.3832702636719,1.590000033378601,15.180000305175781,17.820377085314185,0.0017332528719253837,0.007464966347287216,0.0325804600075561,0.100793801988046,0.14911242166815503,0.13487964222687146,0.09757245404213313,0.006442807742604861
2020-02-12,308.35723876953125,1.6299999952316284,13.739999771118164,17.599534291758236,0.006442807742604861,0.0017332528719253837,0.018841567768470346,0.08038192322852811,0.14893981029339426,0.1357563377678699,0.09810634930886754,-0.0010669767672019104
2020-02-13,308.0282287597656,1.6169999837875366,14.149999618530273,17.8137461397591,-0.0010669767672019104,0.006442807742604861,0.01369985876372204,0.08425885381273014,0.1505471704934961,0.13603427847940927,0.0975206361835213,0.0016020260229658856
2020-02-14,308.5216979980469,1.5880000591278076,13.680000305175781,17.98344940447269,0.0016020260229658856,-0.0010669767672019104,0.009221958321559809,0.0570221394054597,0.09612019134038173,0.13355002603040725,0.09751163343809764,-0.0025768476995073897
2020-02-18,307.7266845703125,1.555999994277954,14.829999923706055,17.862522410913385,-0.0025768476995073897,0.0016020260229658856,0.016255031823187327,0.05460759957690073,0.10155350489592449,0.13390183748112208,0.09779473311863826,0.004781234616090924
2020-02-19,309.197998046875,1.5700000524520874,14.380000114440918,17.703542075456706,0.004781234616090924,-0.0025768476995073897,0.0061256036102268485,0.06037132228764255,0.0799572445201125,0.1342312932885822,0.09745398504162757,-0.0041082532225270585
2020-02-20,307.927734375,1.524999976158142,15.5600004196167,18.12178133847237,-0.0041082532225270585,0.004781234616090924,0.009186949994955063,0.055960898257346584,0.06998089785615694,0.13546831333947854,0.09793001372753672,-0.01029823463931645
2020-02-21,304.7566223144531,1.4709999561309814,17.079999923706055,18.5498493923831,-0.01029823463931645,-0.0041082532225270585,-0.0013928792339856777,0.09137358297452143,0.08926775871373503,0.1411363103267806,0.10084099330817368,-0.03316545274935123
2020-02-24,294.64923095703125,1.3769999742507935,25.030000686645508,18.897463846796633,-0.03316545274935123,-0.01029823463931645,-0.010621125402970999,0.23014423305987783,0.18865593397568903,0.18238196579857915,0.1222061869500562,-0.03030222683097139
2020-02-25,285.720703125,1.3300000429153442,27.850000381469727,19.20418586675059,-0.03030222683097139,-0.03316545274935123,-0.04496431573867277,0.2627037321605525,0.22265071391275135,0.20384745555937467,0.13755651962752583,-0.0036781858171154314
2020-02-26,284.6697692871094,1.309999942779541,27.559999465942383,19.08734944834143,-0.0036781858171154314,-0.03030222683097139,-0.07151145009097948,0.22790776337278248,0.21853357539530674,0.19883053453705057,0.1374517625605908,-0.04491148694492608
2020-02-27,271.88482666015625,1.2990000247955322,39.15999984741211,19.465728743932477,-0.04491148694492608,-0.0036781858171154314,-0.07932854971475944,0.27040520173703225,0.27363294619739464,0.24951934780894972,0.16521486553680423,-0.004201536357903768
2020-02-28,270.74249267578125,1.1269999742507935,40.11000061035156,19.768691035731173,-0.004201536357903768,-0.04491148694492608,-0.11704989090378604,0.29305239983408854,0.27044053424541054,0.24783333358883072,0.16459166513072485,0.04330640498033622
2020-03-02,282.4673767089844,1.0880000591278076,33.41999816894531,19.29073317707713,0.04330640498033622,-0.004201536357903768,-0.11161079743027047,0.5339413619806841,0.3877318329395028,0.2956721175776338,0.18717101653532292,-0.028632575729338194
2020-03-03,274.3796081542969,1.0099999904632568,36.81999969482422,19.519756595158757,-0.028632575729338194,0.04330640498033622,-0.04134358066532118,0.5296537217978935,0.39847098794421193,0.3081310050014895,0.1957630464040364,0.04203285755073116
2020-03-04,285.9125671386719,0.9919999837875366,31.989999771118164,18.989473726607347,0.04203285755073116,-0.028632575729338194,-0.0396929408567972,0.6391925364147233,0.4763636448149555,0.3426468641283812,0.21423451363498652,-0.033241564032382875
2020-03-05,276.40838623046875,0.9259999990463257,39.619998931884766,19.043227338129793,-0.033241564032382875,0.04203285755073116,0.004365752832395264,0.5892023895873973,0.49289672920581035,0.35529056770224454,0.22407630292690245,-0.01653132538766855
2020-03-06,271.8389892578125,0.7059999704360962,41.939998626708984,19.247778233754012,-0.01653132538766855,-0.033241564032382875,0.01663777867224181,0.6060809875920717,0.49388502097140596,0.35643730701723875,0.22642091400345163,-0.07809426086878424
2020-03-09,250.60992431640625,0.49900001287460327,54.459999084472656,19.550201412445517,-0.07809426086878424,-0.01653132538766855,0.004049961168616223,0.6847717234225387,0.5922241630564395,0.4397341520355646,0.2764400862379371,0.05174497374934628
2020-03-10,263.5777282714844,0.7480000257492065,47.29999923706055,19.43751919212301,0.05174497374934628,-0.07809426086878424,-0.11278276721279457,0.8581374475845248,0.6723210751453362,0.4874556791239761,0.2974636366699599,-0.04874854042212984
2020-03-11,250.72869873046875,0.8199999928474426,53.900001525878906,19.358013730545476,-0.04874854042212984,0.05174497374934628,-0.03936837710161789,0.7700536740732117,0.7030393305684842,0.5080199228816982,0.31225701958495655,-0.09567705362713519
2020-03-12,226.73971557617188,0.8489999771118164,75.47000122070312,19.78733525207762,-0.09567705362713519,-0.04874854042212984,-0.12305813892796957,0.9243863870258349,0.8084216304832794,0.5885098224294179,0.3663118168437827,0.08548620441957655
2020-03-13,246.12283325195312,0.9509999752044678,57.83000183105469,19.613287501802514,0.08548620441957655,-0.09567705362713519,-0.17969306695667053,1.2837716116950166,0.9589311453311811,0.6868626829144698,0.4089852629943633,-0.10942376229594886
2020-03-16,219.19114685058594,0.7279999852180481,82.69000244140625,19.510050454617826,-0.10942376229594886,0.08548620441957655,-0.09460069019558537,1.3922937125924275,1.0343915554704501,0.7695194192470507,0.46397952283561295,0.053992050490253574
2020-03-17,231.02572631835938,0.996999979019165,75.91000366210938,19.384124113314005,0.053992050490253574,-0.10942376229594886,-0.12536924685453676,1.3999966322284865,1.1029243927209904,0.8076761820919938,0.47904384744509115,-0.050632865409614536
2020-03-18,219.32823181152344,1.2660000324249268,76.44999694824219,19.607295060697684,-0.050632865409614536,0.053992050490253574,-0.12350057862095432,1.4022527353083811,1.0666172907299478,0.8154256030478827,0.4884435319352539,0.0021251024861388412
2020-03-19,219.79432678222656,1.11899995803833,72.0,19.483050816138775,0.0021251024861388412,-0.050632865409614536,-0.1252368280054792,1.2473538097596792,1.0728990835715184,0.8169052111924446,0.4882944401929555,-0.043094417895147785
2020-03-20,210.32241821289062,0.9380000233650208,66.04000091552734,19.665292872995444,-0.043094417895147785,0.0021251024861388412,-0.030631549379411926,0.9717947973340568,1.078367748183532,0.8224422011821062,0.49453926645515844,-0.02556811710071827
2020-03-23,204.9448699951172,0.7639999985694885,61.59000015258789,19.602485240024187,-0.02556811710071827,-0.043094417895147785,-0.14545751227564496,0.6733067254120694,1.0349053491146165,0.8209124374264556,0.4961950479614833,0.09060329155842117
2020-03-24,223.5135498046875,0.8159999847412109,61.66999816894531,19.277198120829652,0.09060329155842117,-0.02556811710071827,-0.06499476397730553,0.9100834683107621,1.1228560236088994,0.9024794496390532,0.5335025927282365,0.01497004679897529
2020-03-25,226.85955810546875,0.8579999804496765,63.95000076293945,19.51739223057367,0.01497004679897529,0.09060329155842117,-0.032516623292939695,0.8188719853679032,1.1133115903533262,0.9068093576911402,0.5348767136493136,0.05839003655498032
2020-03-26,240.10589599609375,0.8109999895095825,61.0,19.367045877162838,0.05839003655498032,0.01497004679897529,0.03433815260233919,0.8887194952496765,1.0386392492737415,0.9275460093099324,0.549829022818355,-0.029785746696340376
2020-03-27,232.95416259765625,0.7490000128746033,65.54000091552734,19.228678669648346,-0.029785746696340376,0.05839003655498032,0.0924117083057927,0.833380262944908,0.9546692632664555,0.9318507644273587,0.5524926718106993,0.03247558571873599
2020-03-30,240.5194854736328,0.6700000166893005,57.08000183105469,18.959332607804583,0.03247558571873599,-0.029785746696340376,0.10760500272423412,0.7200472184295561,0.7614581617569004,0.9250428971400124,0.5567661191412866,-0.014905074865100731
2020-03-31,236.9345245361328,0.6980000138282776,53.540000915527344,19.08790019210039,-0.014905074865100731,0.03247558571873599,0.1735813903483565,0.5640353508420106,0.7287297999313852,0.9219413699198926,0.5572320240367123,-0.0450049366485441
2020-04-01,226.27130126953125,0.6349999904632568,57.060001373291016,19.060187672910846,-0.0450049366485441,-0.014905074865100731,0.06004546365610919,0.6918892282575736,0.7174941599321427,0.9139127322819856,0.563622066553285,0.023075321217006062
2020-04-02,231.49258422851562,0.6269999742507935,50.90999984741211,18.995384426423623,0.023075321217006062,-0.0450049366485441,-0.0025930440879374794,0.5317815739861949,0.7236260426385204,0.9168136051790235,0.5663118027889158,-0.014454260331058455
2020-04-03,228.1465301513672,0.5870000123977661,46.79999923706055,18.724933764209467,-0.014454260331058455,0.023075321217006062,-0.0358729706817289,0.5002911535285185,0.6821874665030306,0.9165637354374977,0.5664611980083893,0.06716651247129857
2020-04-06,243.4703369140625,0.6759999990463257,45.2400016784668,19.052278005052518,0.06716651247129857,-0.014454260331058455,-0.0206376756383293,0.6850876793971957,0.7090002030998418,0.9124153583660732,0.5844767238138248,0.0010191104677892415
2020-04-07,243.7184600830078,0.7360000014305115,46.70000076293945,19.12093858871193,0.0010191104677892415,0.06716651247129857,0.012268658543896471,0.6677183522130851,0.5847727328216547,0.8918971226479068,0.584526773285266,0.033568483702412166
2020-04-08,251.89971923828125,0.7639999985694885,43.349998474121094,18.85099780805263,0.033568483702412166,0.0010191104677892415,0.028632110749400086,0.498474881051993,0.5971489449552598,0.8829797024738006,0.5889286979446977,0.015217554593088378
2020-04-09,255.73301696777344,0.7289999723434448,41.66999816894531,19.06253042485276,0.015217554593088378,0.033568483702412166,0.11326411182044605,0.5005984081102286,0.5379189558976862,0.8050518010909355,0.5900103714409204,-0.009130045676780107
2020-04-13,253.39816284179688,0.7490000128746033,41.16999816894531,18.55904258490367,-0.009130045676780107,0.015217554593088378,0.10471364696213814,0.47809625745026274,0.5076869636442352,0.751382293997085,0.5901265853410989,0.02949243022485737
2020-04-14,260.8714904785156,0.7519999742507935,37.7599983215332,18.714419942422104,0.02949243022485737,-0.009130045676780107,0.11068164251139878,0.2892386171798377,0.504016195702019,0.6286361847999965,0.5933131794415744,-0.021247948553602347
2020-04-15,255.32850646972656,0.6380000114440918,40.84000015258789,18.617685645868747,-0.021247948553602347,0.02949243022485737,0.0714713495903001,0.3810016215978363,0.513221978543306,0.6145452545247031,0.5945565058819605,0.004824239032692468
2020-04-16,256.5602722167969,0.609000027179718,40.11000061035156,18.696783289206042,0.004824239032692468,-0.021247948553602347,0.04763712351852423,0.31610720569492823,0.4220703515447138,0.5775177150844485,0.5947294505582117,0.027015331450688462
2020-04-17,263.4913330078125,0.6539999842643738,38.150001525878906,18.8037966317471,0.027015331450688462,0.004824239032692468,0.018501620377381345,0.3519443019703487,0.42516813419255756,0.5806310213705616,0.597697396339209,-0.01761761873060308
2020-04-20,258.8492431640625,0.6259999871253967,43.83000183105469,18.42177315705184,-0.01761761873060308,0.027015331450688462,0.030337561148847447,0.37931542265453844,0.4312134960344683,0.5564266948126562,0.598563915790466,-0.030363634777384352
2020-04-21,250.98963928222656,0.5709999799728394,45.40999984741211,18.654848908277916,-0.030363634777384352,-0.01761761873060308,0.021511917297004635,0.36866050737202827,0.36052515572218147,0.5608500933275816,0.6012428031457541,0.022194672857816178
2020-04-22,256.5602722167969,0.6190000176429749,41.97999954223633,18.347589496297537,0.022194672857816178,-0.030363634777384352,-0.0378801500239172,0.394530864782344,0.37228989555324216,0.47816469788459065,0.6026116995393723,-7.160727525157284e-05
2020-04-23,256.5419006347656,0.6129999756813049,41.380001068115234,18.466702326753886,-7.160727525157284e-05,0.022194672857816178,0.004824239032692468,0.39323464471442404,0.3377035149539319,0.4779642826115647,0.6020926814486732,0.013938604854773828
2020-04-24,260.11773681640625,0.5960000157356262,35.93000030517578,18.258905079341268,0.013938604854773828,-7.160727525157284e-05,-7.160727525157284e-05,0.34513904095722603,0.33636360007266236,0.4384870537559454,0.6029566648624473,0.014418660420121299
2020-04-27,263.8682861328125,0.656000018119812,33.290000915527344,18.17089287702639,0.014418660420121299,0.013938604854773828,-0.012803442727682524,0.3306897687190636,0.33550671261524456,0.42052456879739086,0.6037724933361841,-0.0045986577591043964
2020-04-28,262.65484619140625,0.6100000143051147,33.56999969482422,18.47203904572689,-0.0045986577591043964,0.014418660420121299,0.01938983057241872,0.1765772631490519,0.30606825216099587,0.4107229379758829,0.6028027629151366,0.02617875383684809
2020-04-29,269.53082275390625,0.6269999742507935,31.229999542236328,18.592493955982345,0.02617875383684809,-0.0045986577591043964,0.04647684638513172,0.19625150806295893,0.3027741916495969,0.4105675360457793,0.6051643955462803,-0.009310929614245289
2020-04-30,267.021240234375,0.621999979019165,34.150001525878906,18.626895414961233,-0.009310929614245289,0.02617875383684809,0.05055556897035518,0.2334752787707739,0.3119533350335103,0.36822049709353766,0.6044672619771279,-0.026472978891287413
2020-05-01,259.952392578125,0.6420000195503235,37.189998626708984,18.645263267449327,-0.026472978891287413,-0.009310929614245289,0.040848452333440255,0.32744182370535724,0.31781668044670364,0.3839913292472222,0.6060464493606694,0.002757885542819416
2020-05-04,260.6693115234375,0.6370000243186951,35.970001220703125,18.208393066333915,0.002757885542819416,-0.026472978891287413,-0.0006356515334360324,0.30487641336324806,0.3044714219917951,0.37656733824706495,0.6060252156843577,0.009239473766778472
2020-05-05,263.0777587890625,0.6570000052452087,33.61000061035156,18.192146451165435,0.009239473766778472,0.002757885542819416,-0.012123376614364578,0.3139651454864249,0.25092632455833663,0.30257728484817126,0.6064088461322859,-0.006778815970986507
2020-05-06,261.2944030761719,0.7110000252723694,34.119998931884766,18.114598433996,-0.006778815970986507,0.009239473766778472,0.0016101458008053182,0.2158568080283652,0.23651596622582158,0.30487155589909753,0.6061958431547938,0.012066906522293808
2020-05-07,264.4474182128906,0.6309999823570251,31.440000534057617,18.136331790482714,0.012066906522293808,-0.006778815970986507,-0.03055835912783378,0.24700969660457434,0.24143783128476662,0.2858581364051019,0.6068298555163428,0.016546124229739556
2020-05-08,268.822998046875,0.6819999814033508,27.979999542236328,18.15217889599399,0.016546124229739556,0.012066906522293808,-0.009639016054397875,0.14405526225657883,0.24503024522498526,0.2866744137127252,0.607763300960958,0.0002051359596184632
2020-05-11,268.8781433105469,0.7260000109672546,27.56999969482422,18.19144619260313,0.0002051359596184632,0.016546124229739556,0.034123961625335264,0.1495648647045943,0.23741133903751335,0.2834822470501713,0.6077732801701546,-0.019931788973712283
2020-05-12,263.5189208984375,0.6779999732971191,33.040000915527344,18.378512020082425,-0.019931788973712283,0.0002051359596184632,0.03149136252032991,0.2330049448278468,0.26065381667423637,0.2767066189299077,0.6088994812799616,-0.017685722319475183
2020-05-13,258.8583984375,0.6489999890327454,35.279998779296875,18.790319006816738,-0.017685722319475183,-0.019931788973712283,0.0016769266676348593,0.26491907350577315,0.23070997944772337,0.2732348471391172,0.609758386316088,0.01196731253135952
2020-05-14,261.95623779296875,0.6190000176429749,32.61000061035156,18.619350446945557,0.01196731253135952,-0.017685722319475183,-0.009322835123880324,0.2645923381178789,0.24131438258874444,0.2757851326054778,0.6102847623925053,0.004596808260042051
2020-05-15,263.160400390625,0.6399999856948853,31.889999389648438,18.526357918468484,0.004596808260042051,0.01196731253135952,-0.009420324224592602,0.2227415123291116,0.19911132224310932,0.25889995524179504,0.6104187342943362,0.030459896744147175
2020-05-18,271.1762390136719,0.7440000176429749,29.299999237060547,18.600530924410005,0.030459896744147175,0.004596808260042051,-0.021064409285631913,0.33529773850022704,0.24748345087396306,0.2713002117004153,0.6137247226056064,-0.01027121272874576
2020-05-19,268.39093017578125,0.7110000252723694,30.530000686645508,18.371378108992207,-0.01027121272874576,0.030459896744147175,0.008546978474448741,0.30095952573562607,0.25532548300077246,0.24737028989929516,0.6104166938499668,0.016988086144346548
2020-05-20,272.95037841796875,0.6800000071525574,27.989999771118164,18.2682484318852,0.016988086144346548,-0.01027121272874576,0.018488271205472362,0.2392563693858883,0.25997161937404883,0.24279182281393294,0.6083518370655082,-0.00690392862821021
2020-05-21,271.0659484863281,0.6769999861717224,29.530000686645508,18.17598026520693,-0.00690392862821021,0.016988086144346548,0.054438952205258184,0.26887435371597074,0.2619341445981937,0.24521658057893814,0.6084702908477629,0.0018988348611490569
2020-05-22,271.5806579589844,0.6570000052452087,28.15999984741211,17.97374031858011,0.0018988348611490569,-0.00690392862821021,0.03477569677328707,0.271050498123531,0.25014854807013814,0.24170805272695087,0.6012613371716261,0.012320495597615722
2020-05-26,274.9266662597656,0.6980000138282776,28.010000228881836,18.303600722373666,0.012320495597615722,0.0018988348611490569,0.03199667410393303,0.18745642142567984,0.25621110144393827,0.24042049587303024,0.6016401708340045,0.014879234153017284
2020-05-27,279.0173645019531,0.6800000071525574,27.6200008392334,18.467730356144425,0.014879234153017284,0.012320495597615722,0.013830220744025734,0.15993004425521848,0.22968914318930686,0.2430810857853237,0.5958890509140385,-0.0018449407574735455
2020-05-28,278.5025939941406,0.7049999833106995,28.59000015258789,18.319812356893276,-0.0018449407574735455,0.014879234153017284,0.039593120077538124,0.14743602740313375,0.19551108609137052,0.22771792653005274,0.5928173521290646,0.004455744061482525
2020-05-29,279.7435302734375,0.6480000019073486,27.510000228881836,18.5953967937271,0.004455744061482525,-0.0018449407574735455,0.020341483343429445,0.11195536862532045,0.19423964940692298,0.22407411054201068,0.586662261548945,0.0040419407948564245
2020-06-01,280.8742370605469,0.6620000004768372,28.229999542236328,17.83653685408145,0.0040419407948564245,0.004455744061482525,0.032012806608746835,0.10754407070429642,0.19442438996659708,0.19634333690785102,0.5825148165850677,0.008280051244680564
2020-06-02,283.19989013671875,0.6800000071525574,26.84000015258789,18.123179972116947,0.008280051244680564,0.0040419407948564245,0.03422032766032279,0.09779076434378747,0.1434056369311199,0.1968762439641515,0.5815555409498286,0.013308341668557766
2020-06-03,286.96881103515625,0.7609999775886536,25.65999984741211,18.343449757184192,0.013308341668557766,0.008280051244680564,0.030092475166218158,0.08900829254905838,0.12338615155952759,0.19877102331091887,0.5579121978818921,-0.002626817508657009
2020-06-04,286.2149963378906,0.8199999928474426,25.809999465942383,18.143534982449058,-0.002626817508657009,0.013308341668557766,0.028498034691842422,0.093228148747015,0.11689940435094937,0.1961953940389299,0.5486193611623106,0.025629477369607967
2020-06-05,293.550537109375,0.9039999842643738,24.520000457763672,18.829637754931813,0.025629477369607967,-0.002626817508657009,0.027692389622454572,0.1688873739016421,0.13801984879881812,0.20852613807670442,0.5403657909179043,0.01208766258338656
2020-06-08,297.098876953125,0.8840000033378601,25.809999465942383,18.114715223267318,0.01208766258338656,0.025629477369607967,0.04935594693625878,0.16131533184424143,0.13477701490551783,0.20592576917513442,0.499741815272426,-0.007456650700088829
2020-06-09,294.8835144042969,0.8289999961853027,27.56999969482422,18.16552008411123,-0.007456650700088829,0.01208766258338656,0.05776478491717496,0.21109899018929965,0.1562138697275593,0.21009147911317175,0.4712991486262131,-0.005580196016803929
2020-06-10,293.2380065917969,0.7480000257492065,27.56999969482422,18.36939588110822,-0.005580196016803929,-0.007456650700088829,0.04125575141267768,0.22440835317543964,0.16127656601297077,0.1932686283219859,0.4090029389370025,-0.057648787994117545
2020-06-11,276.33319091796875,0.652999997138977,40.790000915527344,19.1590096862211,-0.057648787994117545,-0.005580196016803929,0.02184626104149201,0.5017273982766739,0.35491871083893517,0.28631617976242796,0.4160336015804432,0.0119756339284669
2020-06-12,279.6424560546875,0.6990000009536743,36.09000015258789,19.086862097752302,0.0119756339284669,-0.057648787994117545,-0.034525812925105925,0.453530681878963,0.3598620521623955,0.2863194725553026,0.4008615092739365,0.009335695212785211
2020-06-15,282.25311279296875,0.7020000219345093,34.400001525878906,18.72656637911304,0.009335695212785211,0.0119756339284669,-0.04737883020634859,0.44569851245928976,0.3624162326249673,0.28706887322652347,0.40096162375564276,0.019247540510354266
2020-06-16,287.685791015625,0.7559999823570251,33.66999816894531,18.74006132541239,0.019247540510354266,0.009335695212785211,-0.049969102247729325,0.4926710073294745,0.37284520038337693,0.27572375814680067,0.38955625610338906,-0.004153968945000752
2020-06-17,286.4907531738281,0.7329999804496765,33.470001220703125,18.239145689784117,-0.004153968945000752,0.019247540510354266,-0.02440870051081767,0.4925842457462691,0.36806322916334944,0.2726250709497531,0.38469732136928103,0.00038518367967377287
2020-06-18,286.6011047363281,0.6940000057220459,32.939998626708984,18.207842670815086,0.00038518367967377287,-0.004153968945000752,-0.023009477851761884,0.1480123550917726,0.3677532224715364,0.2679896623750199,0.34188492058307357,-0.005714942854298299
2020-06-19,284.96319580078125,0.6970000267028809,35.119998931884766,18.724848190341355,-0.005714942854298299,0.00038518367967377287,0.03715772898742187,0.16549301578674436,0.34012415516086864,0.2674642142344833,0.341776268096464,0.006414873768349594
2020-06-22,286.79119873046875,0.7039999961853027,31.770000457763672,18.128313057804753,0.006414873768349594,-0.005714942854298299,0.019026938259522508,0.16058632861487912,0.33433679606808747,0.2677782177885755,0.3225270840503309,0.0046039541694484765
2020-06-23,288.111572265625,0.7089999914169312,31.3700008392334,18.04192379147211,0.0046039541694484765,0.006414873768349594,0.016078072240176322,0.08397753054187104,0.33563741625432814,0.2655566725562164,0.3151347128025976,-0.025508958948568083
2020-06-24,280.76214599609375,0.6840000152587891,33.84000015258789,18.704456453995785,-0.025508958948568083,0.0046039541694484765,0.0014800218269273024,0.20503592574240806,0.3557100847845822,0.27890974160539456,0.3149579811071683,0.010720635859901906
2020-06-25,283.7720947265625,0.6740000247955322,32.220001220703125,18.309391588589477,0.010720635859901906,-0.025508958948568083,-0.01999578385784251,0.2304068309179177,0.19830991789570968,0.28108950815328043,0.3131872661963244,-0.023751527642094872
2020-06-26,277.0320739746094,0.6359999775886536,34.72999954223633,18.667236095772104,-0.023751527642094872,0.010720635859901906,-0.00987089708662603,0.27957164371611515,0.23020872415879998,0.29413942627413486,0.30204498996711576,0.014697855325312315
2020-06-29,281.1038513183594,0.6359999775886536,31.780000686645508,18.194699432502855,0.014697855325312315,-0.023751527642094872,-0.027832091803590475,0.30668803368876973,0.23827891201136328,0.29863325741520413,0.30021511303696224,0.012809716333715526
2020-06-30,284.7047119140625,0.652999997138977,30.43000030517578,18.546386101646092,0.012809716333715526,0.014697855325312315,-0.01983096914161042,0.3258673055943636,0.22532617569289332,0.30068211870398515,0.2984776041038688,0.007004670494931808
2020-07-01,286.698974609375,0.6819999814033508,28.6200008392334,18.097668527458794,0.007004670494931808,0.012809716333715526,-0.011824795251270004,0.2529928700993495,0.22783192219702905,0.29792355718100194,0.26788359018187274,0.005506595737614806
2020-07-02,288.2777099609375,0.6690000295639038,27.68000030517578,18.054593081906546,0.005506595737614806,0.007004670494931808,0.021145402604822117,0.24729530526271137,0.22941484668520512,0.29832629015134077,0.26790911550847646,0.015437604882512446
2020-07-06,292.72802734375,0.6840000152587891,27.940000534057617,17.93801814295556,0.015437604882512446,0.005506595737614806,0.015877583871368728,0.07219848715002021,0.23734649982771103,0.28900127466099174,0.2615582768366398,-0.010313786994980867
2020-07-07,289.7088928222656,0.6499999761581421,29.43000030517578,18.233266252153673,-0.010313786994980867,0.015437604882512446,0.056657531180231535,0.15929843410635525,0.24493478959317783,0.28753115132783175,0.26154854321397747,0.007648648013768966
2020-07-08,291.9247741699219,0.652999997138977,28.079999923706055,17.816251168945875,0.007648648013768966,-0.010313786994980867,0.03061161013465008,0.14949249319211091,0.24661826389642266,0.2881004152266313,0.2606987696965538,-0.0056929949650792455
2020-07-09,290.2628479003906,0.6050000190734863,29.260000228881836,18.23860956781056,-0.0056929949650792455,0.007648648013768966,0.025359827054912687,0.1654011429909939,0.2020576646821993,0.28812788215064516,0.2550472454655636,0.010210766461441256
2020-07-10,293.2266540527344,0.6330000162124634,27.290000915527344,17.86817166096193,0.010210766461441256,-0.0056929949650792455,0.012430715163426642,0.1739101322938332,0.20155649256405053,0.19467369136308538,0.2509633765384793,-0.008659252152089847
2020-07-13,290.6875305175781,0.6399999856948853,32.189998626708984,18.450215283763658,-0.008659252152089847,0.010210766461441256,0.017167279747253072,0.15211030053084915,0.1531496079022422,0.19589170829696864,0.251934129784924,0.012959031307212987
2020-07-14,294.4545593261719,0.6150000095367432,29.520000457763672,18.35514974113441,0.012959031307212987,-0.008659252152089847,-0.0069706233621958935,0.15551018264134492,0.15024489084165374,0.19809832241920705,0.24763277401343464,0.009187260401337438
2020-07-15,297.1597900390625,0.6299999952316284,27.760000228881836,18.283674761927344,0.009187260401337438,0.012959031307212987,0.016380810605001628,0.15857834709433888,0.1457987786082363,0.18964930419938444,0.24464993384592798,-0.0032932018750104763
2020-07-16,296.1811828613281,0.6119999885559082,28.0,17.81595646204979,-0.0032932018750104763,0.009187260401337438,0.01793275642338421,0.15042305595646616,0.14962137383466248,0.18932186564980918,0.23526594345184074,0.0028988389291790817
2020-07-17,297.0397644042969,0.628000020980835,25.68000030517578,17.955065885945746,0.0028988389291790817,-0.0032932018750104763,0.020389571051712796,0.1402649326109245,0.1491158958500843,0.1892948439966788,0.23179492383149336,0.008081657805253828
2020-07-20,299.4403381347656,0.6200000047683716,24.459999084472656,17.846361404160916,0.008081657805253828,0.0028988389291790817,0.01300396911010937,0.10005200824676043,0.13598321393049193,0.18830640341083008,0.23200312510465768,0.0021275856316018693
2020-07-21,300.0774230957031,0.6069999933242798,24.84000015258789,17.863675064218963,0.0021275856316018693,0.008081657805253828,0.03011070891690082,0.07987801760377924,0.11662747898086812,0.18775289555462268,0.23081612169841506,0.005691687031046833
2020-07-22,301.7853698730469,0.5950000286102295,24.31999969482422,17.8723765060304,0.005691687031046833,0.0021275856316018693,0.019095862473308634,0.06799815065949548,0.11510412744977194,0.18796691447347177,0.22957931018044458,-0.011931252637426004
2020-07-23,298.1846923828125,0.5820000171661377,26.079999923706055,18.142790587166466,-0.011931252637426004,0.005691687031046833,0.015565968172801314,0.12387148830428098,0.13186788514161346,0.1661530046125697,0.231013782067989,-0.006440337835265431
2020-07-24,296.2642822265625,0.5889999866485596,25.84000015258789,18.116416626158465,-0.006440337835265431,-0.011931252637426004,0.0067644726857021276,0.13396030188714955,0.13190161942507578,0.16683360734818456,0.22618748225569985,0.0072923452315762916
2020-07-27,298.42474365234375,0.609000027179718,24.739999771118164,17.692797201290492,0.0072923452315762916,-0.006440337835265431,-0.0026107015647873766,0.13085820985039315,0.12298858570060145,0.1363759654410051,0.22529970989259165,-0.006342814473213498
2020-07-28,296.5318908691406,0.5809999704360962,25.440000534057617,17.86720856285772,-0.006342814473213498,0.0072923452315762916,-0.0033916421840426425,0.13331687965468456,0.11567033357960377,0.1344337763697904,0.21811333294016177,0.01229906233118716
2020-07-29,300.178955078125,0.5789999961853027,24.100000381469727,17.69612960048847,0.01229906233118716,-0.006342814473213498,-0.011815391474591985,0.1632954246011134,0.12287354215216342,0.13393620048525132,0.21907500033893168,-0.0035682246836806764
2020-07-30,299.10784912109375,0.5410000085830688,24.760000228881836,17.940411822418316,-0.0035682246836806764,0.01229906233118716,-0.005323037348025306,0.13673913234541238,0.12315244604427217,0.1346682039841225,0.2189519243633127,0.007902427119385491
2020-07-31,301.4715270996094,0.5360000133514404,24.459999084472656,18.258006520044095,0.007902427119385491,-0.0035682246836806764,0.003095922634070325,0.12749764215567794,0.12777497587162187,0.13572344788312024,0.21843676027528944,0.006952388790376407
2020-08-03,303.5674743652344,0.5630000233650208,24.280000686645508,17.78727122256199,0.006952388790376407,0.007902427119385491,0.017576350527009232,0.12688474907530553,0.1262658780957196,0.12792703192813595,0.21772842352197092,0.003862455526872255
2020-08-04,304.739990234375,0.5149999856948853,23.760000228881836,17.55122352515855,0.003862455526872255,0.006952388790376407,0.017232923282265666,0.09358626586220954,0.12684546361717486,0.11967956166779042,0.2157502086121624,0.006210869121104912
2020-08-05,306.6326904296875,0.5429999828338623,22.989999771118164,17.569655635999972,0.006210869121104912,0.003862455526872255,0.027680325853574494,0.07350452059105356,0.12734342336791651,0.11897538368045708,0.21586595241364565,0.006684587777948003
2020-08-06,308.6824035644531,0.5360000133514404,22.649999618530273,17.59238717593693,0.006684587777948003,0.006210869121104912,0.02149962628087243,0.023928309516958932,0.10401221546908035,0.11575677822171174,0.21100312223418935,0.0007177526630255393
2020-08-07,308.9039611816406,0.5619999766349792,22.209999084472656,17.863956040302398,0.0007177526630255393,0.006684587777948003,0.03201037509210636,0.04176088473896337,0.09017223738705854,0.11289862420712983,0.20672589265960156,0.002989083857060315
2020-08-10,309.8273010253906,0.5740000009536743,22.1299991607666,17.6060911127369,0.002989083857060315,0.0007177526630255393,0.02465385090770278,0.03877555543351481,0.0886157289198216,0.10472329967048608,0.20588602386374005,-0.008254681321824608
2020-08-11,307.269775390625,0.6579999923706055,24.030000686645508,18.058290944145046,-0.008254681321824608,0.002989083857060315,0.02062087406842794,0.09620516211357821,0.09501402231422566,0.10561030023894523,0.20711060455252622,0.01394243260444128
2020-08-12,311.5538635253906,0.6700000166893005,22.280000686645508,17.800308094050916,0.01394243260444128,-0.008254681321824608,0.008301454476993042,0.12919858065193085,0.09948952142140881,0.11102106619616722,0.20029897216465348,-0.0018078171636253249
2020-08-13,310.9906311035156,0.7160000205039978,22.1299991607666,17.54879201471539,-0.0018078171636253249,0.01394243260444128,0.0160490816840404,0.12890094693483445,0.09620504022242063,0.11013402941524002,0.19875801524708991,2.9635325543564406e-05
2020-08-14,310.9998474121094,0.7089999914169312,22.049999237060547,17.671183314663764,2.9635325543564406e-05,-0.0018078171636253249,0.007477677743883859,0.12926192970050374,0.09519215942771639,0.11045471100710653,0.1965174202125645,0.00317667537415689
2020-08-17,311.98779296875,0.6830000281333923,21.350000381469727,17.384507928085462,0.00317667537415689,2.9635325543564406e-05,0.006784912121073017,0.12941583984182947,0.0928070994627695,0.10841578165174022,0.19559471183681226,0.002160279113734953
2020-08-18,312.6617736816406,0.6690000295639038,21.510000228881836,17.4722257693725,0.002160279113734953,0.00317667537415689,0.006973213581272786,0.09758631577898677,0.0926316200657633,0.10841604731235559,0.19559245927585245,-0.004163567278306468
2020-08-19,311.3599853515625,0.675000011920929,22.540000915527344,18.035815019175388,-0.004163567278306468,0.002160279113734953,0.01754809201185159,0.04715109021069715,0.09584509303095182,0.10969598909297076,0.1949472210664244,0.0031135066557257396
2020-08-20,312.32940673828125,0.6439999938011169,22.719999313354492,17.558115619742043,0.0031135066557257396,-0.004163567278306468,-0.000622294237132226,0.04896821374278375,0.09208864158787104,0.09742091760485663,0.19314919314827947,0.003547346647241989
2020-08-21,313.4373474121094,0.6399999856948853,22.540000915527344,17.82478006731063,0.003547346647241989,0.0031135066557257396,0.00430487449096173,0.051497972621949724,0.0927750018813123,0.0917719125636525,0.19301211297857424,0.010132887535093671
2020-08-24,316.6133728027344,0.6460000276565552,22.3700008392334,17.698901572128865,0.010132887535093671,0.003547346647241989,0.007837624424201106,0.08063390680209372,0.1024678201751512,0.09412460656260598,0.193664497913301,0.0034998308880944684
2020-08-25,317.7214660644531,0.6819999814033508,22.030000686645508,17.465217723752428,0.0034998308880944684,0.010132887535093671,0.014826156465832296,0.08035923849058509,0.08430774696315557,0.08744266635744076,0.19364494341975597,0.010025456491280504
2020-08-26,320.9067687988281,0.6869999766349792,23.270000457763672,17.74321400024154,0.010025456491280504,0.0034998308880944684,0.016182638265093363,0.058252577536894896,0.07192950209139713,0.08472868416924204,0.19391452296286593,0.002186302033203802
2020-08-27,321.6083679199219,0.7459999918937683,24.469999313354492,17.876541344012686,0.002186302033203802,0.010025456491280504,0.03066156184612545,0.061492836834273826,0.06713339421587083,0.08086396806651054,0.19251803302281598,0.00645957574648226
2020-08-28,323.6858215332031,0.7289999723434448,22.959999084472656,17.6989056883037,0.00645957574648226,0.002186302033203802,0.02970889381996611,0.057909149005131964,0.06592174648558964,0.08001425198525697,0.1924910229005615,-0.0036226715656580977
2020-08-31,322.5132141113281,0.6930000185966492,26.40999984741211,18.006667217003017,-0.0036226715656580977,0.00645957574648226,0.03269704202677226,0.08078044639305987,0.07635089037225888,0.08284597328729557,0.18647677956437417,0.009418710795389806
2020-09-01,325.5508728027344,0.671999990940094,26.1200008392334,17.821182382082128,0.009418710795389806,-0.0036226715656580977,0.018634213887957385,0.0901922155724258,0.08173172052190077,0.08586616669632459,0.18591738954952092,0.014464008993170019
2020-09-02,330.2596435546875,0.6510000228881836,26.56999969482422,18.057412698924203,0.014464008993170019,0.009418710795389806,0.02464235997416986,0.10953380009270154,0.08274081716626785,0.09414678955396213,0.18678504980869878,-0.0344145065195286
2020-09-03,318.8939208984375,0.621999979019165,33.599998474121094,18.81279783567228,-0.0344145065195286,0.014464008993170019,0.0291451463952217,0.30998869306110904,0.21963558563686403,0.16410675434828004,0.20059340027803077,-0.008164588675686035
2020-09-04,316.290283203125,0.7210000157356262,30.75,18.75110832698068,-0.008164588675686035,-0.0344145065195286,-0.008440225106830068,0.3035347681756237,0.22537280525891898,0.16778509997205365,0.15977550333113294,-0.02732280349665195
2020-09-08,307.6483459472656,0.6840000152587891,31.459999084472656,18.5557822869953,-0.02732280349665195,-0.008164588675686035,-0.022847890880878463,0.3434108718478597,0.2588187771928603,0.19575285051068592,0.16961020604748514,0.01974720616096315
2020-09-09,313.7235412597656,0.703000009059906,28.809999465942383,18.331437434416966,0.01974720616096315,-0.02732280349665195,-0.04609072594132935,0.3841129944332696,0.2816436493555355,0.20560933380918978,0.17293520024952014,-0.0173633643197586
2020-09-10,308.2762451171875,0.6850000023841858,29.709999084472656,18.32162808078533,-0.0173633643197586,0.01974720616096315,-0.036330209902817434,0.3346148319585055,0.28483096061883256,0.20970477553429923,0.17345429361520903,0.0005088304857965298
2020-09-11,308.43310546875,0.6690000295639038,26.8700008392334,18.25439237787007,0.0005088304857965298,-0.0173633643197586,-0.06656398644680239,0.285345153974045,0.28395685014559446,0.20966630820709178,0.17310105654109034,0.013171413599801118
2020-09-14,312.49560546875,0.6710000038146973,25.850000381469727,17.99917315562606,0.013171413599801118,0.0005088304857965298,-0.032803433192503895,0.3161347025697329,0.29276094931240565,0.21508394582244944,0.17479082940077525,0.0050524147995831825
2020-09-15,314.074462890625,0.6790000200271606,25.59000015258789,17.784308922765263,0.0050524147995831825,0.013171413599801118,-0.011997452770112549,0.22471390485941195,0.2957647132888039,0.21551606493935757,0.1742839360076722,-0.003968773732965669
2020-09-16,312.8279724121094,0.6869999766349792,26.040000915527344,18.223399864344746,-0.003968773732965669,0.0050524147995831825,0.020887864433572823,0.18015259704958073,0.2882101285121452,0.2159579937389457,0.17437873390369046,-0.008795163903664749
2020-09-17,310.07659912109375,0.6840000152587891,26.459999084472656,18.332104153564185,-0.008795163903664749,-0.003968773732965669,-0.002854643435618698,0.134055704243938,0.2699464546954913,0.2177931403257123,0.17552140388123663,-0.011512815692789502
2020-09-18,306.5067443847656,0.6940000057220459,25.829999923706055,18.47779711079724,-0.011512815692789502,-0.008795163903664749,0.005840067252739001,0.16214868587423137,0.22326087835073183,0.22107981440340382,0.16860283955411165,-0.011129560647149539
2020-09-21,303.095458984375,0.6710000038146973,27.780000686645508,18.415173617530463,-0.011129560647149539,-0.011512815692789502,-0.0062456365734694375,0.1096298773332306,0.2253461571546155,0.22333704663241874,0.16945394013587284,0.010184425189632584
2020-09-22,306.18231201171875,0.6639999747276306,26.860000610351562,17.96831427750742,0.010184425189632584,-0.011129560647149539,-0.030080891762540363,0.1433134665815823,0.19386448955647417,0.22337297170796833,0.16226934995040443,-0.023190911734915942
2020-09-23,299.0816650390625,0.6759999990463257,28.579999923706055,18.34931578629223,-0.023190911734915942,0.010184425189632584,-0.025128279473185522,0.19119616595155342,0.18861132161350375,0.23510840409632858,0.16781074675073146,0.0026655284711460947
2020-09-24,299.8788757324219,0.6660000085830688,28.510000228881836,18.15516844261229,0.0026655284711460947,-0.023190911734915942,-0.043942065880662184,0.2081132120535573,0.17743956154859838,0.2311545390577534,0.1660631994477176,0.01616670386226704
2020-09-25,304.7269287109375,0.6589999794960022,26.3799991607666,18.079167436457443,0.01616670386226704,0.0026655284711460947,-0.03288775553388135,0.25451857538307265,0.20119138140468285,0.24067151396518285,0.16854010714971257,0.01660952929568804
2020-09-28,309.7882995605469,0.6629999876022339,26.190000534057617,17.983486565724082,0.01660952929568804,0.01616670386226704,-0.005806774912573753,0.2614739638593104,0.20863954495835516,0.2483048456636243,0.17130107967718813,-0.005446184730133363
2020-09-29,308.10113525390625,0.6449999809265137,26.270000457763672,17.753279299302495,-0.005446184730133363,0.01660952929568804,0.022081626028309875,0.26355537136010154,0.20705564949403046,0.24853986640392678,0.1692517884126193,0.007582119320616476
2020-09-30,310.43719482421875,0.6769999861717224,26.3700008392334,18.460680970513803,0.007582119320616476,-0.005446184730133363,0.006266930410121274,0.14829641835239185,0.21179806814350974,0.24748774128766854,0.16815322195739485,0.006419818477555905
2020-10-01,312.4301452636719,0.6769999861717224,26.700000762939453,18.30075580230222,0.006419818477555905,0.007582119320616476,0.0379679903937713,0.14285639127202396,0.20924466159560676,0.2418622848910226,0.16797094734734372,-0.009494309812027368
2020-10-02,309.4638366699219,0.6959999799728394,27.6299991607666,18.30897906555151,-0.009494309812027368,0.006419818477555905,0.04185446374171864,0.16748659744410518,0.2061316712870252,0.21291115669193675,0.16881455098192005,0.01773322863118043
2020-10-05,314.9516296386719,0.7620000243186951,27.959999084472656,17.63789548874192,0.01773322863118043,-0.009494309812027368,0.015544763237770098,0.1732723888305193,0.20932950936548975,0.2216855477670435,0.17123062372660383,-0.014216011398854755
2020-10-06,310.4742736816406,0.7419999837875366,29.479999542236328,18.316751436959972,-0.014216011398854755,0.01773322863118043,0.016667285644582197,0.20887608307236258,0.22420232087252995,0.20457511446855264,0.1729738666783744,0.017406486834923296
2020-10-07,315.8785400390625,0.7850000262260437,28.059999465942383,17.858554825774323,0.017406486834923296,-0.014216011398854755,0.007702465704252148,0.23641631089749882,0.18895801066418375,0.20180978363594165,0.17450335281716509,0.008862678765549248
2020-10-08,318.6780700683594,0.7649999856948853,26.360000610351562,17.627547490619605,0.008862678765549248,0.017406486834923296,0.017528006648574568,0.23889466533441264,0.18887677431820418,0.19241251797922956,0.17444140067648709,0.008930094231780927
2020-10-09,321.5238952636719,0.7749999761581421,25.0,17.901967444097505,0.008930094231780927,0.008862678765549248,0.019997829592962812,0.20668107828647836,0.18149346936284025,0.19401866740180437,0.17488707226007555,0.016087595550174916
2020-10-12,326.6964416503906,0.7770000100135803,25.06999969482422,18.20238170153246,0.016087595550174916,0.008930094231780927,0.03897081715112782,0.20194589978410993,0.18061074540004055,0.19647606484105845,0.1774305889825019,-0.006525994076330699
2020-10-13,324.5644226074219,0.7269999980926514,26.06999969482422,18.109463902017772,-0.006525994076330699,0.016087595550174916,0.03729084375652536,0.15101067941595742,0.18249567801112027,0.1986097246542018,0.1776939638076288,-0.0062834927407497965
2020-10-14,322.5250244140625,0.722000002861023,26.399999618530273,17.87125116746394,-0.0062834927407497965,-0.006525994076330699,0.04538266168948102,0.1607913802995382,0.19068523066868973,0.19965603427393253,0.17838275429124542,-0.0012359369825424293
2020-10-15,322.12640380859375,0.7310000061988831,26.969999313354492,17.91579910300071,-0.0012359369825424293,-0.0062834927407497965,0.021041265969439005,0.15836315666531525,0.19171363015893986,0.19620794841722058,0.17821345755510568,-0.0006040488324596804
2020-10-16,321.93182373046875,0.7440000176429749,27.40999984741211,18.309770423242977,-0.0006040488324596804,-0.0012359369825424293,0.01082074376656883,0.14686287590229927,0.18017365607601124,0.18997994158822826,0.1761623177913222,-0.015203721430398276
2020-10-19,317.0372619628906,0.7609999775886536,29.18000030517578,18.041257596191866,-0.015203721430398276,-0.0006040488324596804,0.001268734525819104,0.09286037621066484,0.18573793387513143,0.19436389235671206,0.17871221281838578,0.0040058998850383
2020-10-20,318.3072814941406,0.796999990940094,29.350000381469727,17.910719762941735,0.0040058998850383,-0.015203721430398276,-0.029566222511344775,0.11608828761067552,0.16620176935139536,0.19227526887936336,0.17835968480053965,-0.0018931395311713173
2020-10-21,317.7046813964844,0.8159999847412109,28.649999618530273,17.96773088500191,-0.0018931395311713173,0.0040058998850383,-0.01927857977474501,0.11449750483130094,0.1447283679099292,0.1686589310983983,0.17779478513283378,0.005485590718720124
2020-10-22,319.4474792480469,0.8479999899864197,28.110000610351562,17.830077534309392,0.005485590718720124,-0.0018931395311713173,-0.014945640346312183,0.1298807435058984,0.14026308663497303,0.16886432073391525,0.17652384529416518,0.003395220801602594
2020-10-23,320.5320739746094,0.8410000205039978,27.549999237060547,17.710263307335836,0.003395220801602594,0.005485590718720124,-0.008316376828701899,0.1349002832164823,0.13327962170886157,0.16181484301858826,0.17631427518080278,-0.01847980543063321
2020-10-26,314.60870361328125,0.8009999990463257,32.459999084472656,18.331554415665472,-0.01847980543063321,0.003395220801602594,-0.004347969516152239,0.15705836305127807,0.1272655119289143,0.169233857592641,0.1802853452186785,-0.003447731314611624
2020-10-27,313.5240173339844,0.777999997138977,33.349998474121094,18.0050759172083,-0.003447731314611624,-0.01847980543063321,-0.007660166929821743,0.14932870247743918,0.12630913198406066,0.16839805792360804,0.18002297242098933,-0.034178918592444374
2020-10-28,302.80810546875,0.781000018119812,40.279998779296875,18.66043989644472,-0.034178918592444374,-0.003447731314611624,-0.015027190511330835,0.2652937903280489,0.20006781376019617,0.20726537005762827,0.19345960135577536,0.010163552908888374
2020-10-29,305.8857116699219,0.8349999785423279,37.59000015258789,18.321939395415313,0.010163552908888374,-0.034178918592444374,-0.046888122209140404,0.28334471589175503,0.2155939269817786,0.20949568832371349,0.19417271784386494,-0.010425048210348287
2020-10-30,302.69683837890625,0.8600000143051147,38.02000045776367,18.605393614275684,-0.010425048210348287,0.010163552908888374,-0.04245382561805866,0.2630213385600365,0.21552732138928374,0.21002309675420466,0.19483438746150944,0.011208748665409107
2020-11-02,306.0896911621094,0.8489999771118164,37.130001068115234,18.27065173668411,0.011208748665409107,-0.010425048210348287,-0.0556425925635009,0.29435793624913464,0.22473164472956325,0.20347047967830506,0.19623857353343682,0.017655626694737192
2020-11-03,311.493896484375,0.8820000290870667,35.54999923706055,18.351268509545076,0.017655626694737192,0.011208748665409107,-0.02707812070464366,0.33780608406853063,0.24672468114065083,0.20813392287922408,0.19949224221055845,0.02234949395671526
2020-11-04,318.45562744140625,0.7680000066757202,29.56999969482422,18.65938027910719,0.02234949395671526,0.017655626694737192,-0.006475168527350084,0.1991614445916191,0.2754965555481741,0.21419067380855084,0.20378688236676346,0.019502730865303963
2020-11-05,324.6663818359375,0.7760000228881836,27.579999923706055,18.222713846598186,0.019502730865303963,0.02234949395671526,0.051674713094069125,0.20983207900938927,0.2913126991920459,0.22285931732898898,0.20564288902806088,-0.00022822405962852343
2020-11-06,324.59228515625,0.8199999928474426,24.860000610351562,18.13263862002316,-0.00022822405962852343,0.019502730865303963,0.0613976705988859,0.14276987428482577,0.2913160831428947,0.22091343064797586,0.20558377726189392,0.012565436658067197
2020-11-09,328.6709289550781,0.9580000042915344,25.75,18.964772083092974,0.012565436658067197,-0.00022822405962852343,0.07233457374251051,0.1413582770513474,0.2730757274019499,0.21796560738275222,0.20698446775305793,-0.0014665889314179337
2020-11-10,328.18890380859375,0.972000002861023,24.799999237060547,18.26463494785945,-0.0014665889314179337,0.012565436658067197,0.07377327118478294,0.1746213558955924,0.27163517838416346,0.21657142470787175,0.20699518190089225,0.007428426792624343
2020-11-11,330.6268310546875,0.9580000042915344,23.450000762939453,17.88708109967061,0.007428426792624343,-0.0014665889314179337,0.05359657929944772,0.13971286613695427,0.16367240442232667,0.21622297773255245,0.20741026335988513,-0.009700867086703147
2020-11-12,327.4194641113281,0.8849999904632568,25.350000381469727,18.02832238096661,-0.009700867086703147,0.007428426792624343,0.03821946470555204,0.1362333772456801,0.18788166714053678,0.219616407674373,0.20830937935188784,0.013844687064755501
2020-11-13,331.9524841308594,0.8930000066757202,23.100000381469727,17.95693272352217,0.013844687064755501,-0.009700867086703147,0.008479726973339208,0.15838930594298659,0.16312954838159532,0.22423830309855589,0.20994571268831858,0.012482280952861968
2020-11-16,336.09600830078125,0.906000018119812,22.450000762939453,18.126861222499272,0.012482280952861968,0.013844687064755501,0.022675212293066016,0.15812454808786616,0.16366768619913827,0.21812558898358203,0.21118499532019078,-0.005378185474622543
2020-11-17,334.2884216308594,0.871999979019165,22.709999084472656,18.006845720626078,-0.005378185474622543,0.012482280952861968,0.02259122633483046,0.16948123970054038,0.17194216785412741,0.22009378875962474,0.21079087415094175,-0.012034548592139704
2020-11-18,330.2654113769531,0.8820000290870667,23.84000015258789,18.07241747957439,-0.012034548592139704,-0.005378185474622543,0.018585387109318452,0.1968728600554096,0.1734098832161906,0.2256786669925587,0.2123997598066491,0.004210166624207368
2020-11-19,331.6558837890625,0.8539999723434448,23.110000610351562,17.90886965143818,0.004210166624207368,-0.012034548592139704,-0.001093134748264224,0.1782816537685764,0.1497745668839018,0.2254654888287259,0.21164623213374192,-0.006847815085068598
2020-11-20,329.384765625,0.8289999961853027,23.700000762939453,18.069949543776897,-0.006847815085068598,0.004210166624207368,0.012938814401986631,0.15527943000159836,0.15628983074470001,0.22753094734052404,0.2121729395041519,0.005994100032612915
2020-11-23,331.359130859375,0.8569999933242798,22.65999984741211,17.962298934971436,0.005994100032612915,-0.006847815085068598,-0.007735198947470878,0.12162057463878896,0.14644615285265983,0.21534076997895196,0.21211910777409806,0.01611386873575693
2020-11-24,336.6986083984375,0.8820000290870667,21.639999389648438,17.949330624595557,0.01611386873575693,0.005994100032612915,-0.014093822373418607,0.17641005237304302,0.1641684837422095,0.2191139606156155,0.2143339767444775,-0.001541837443147509
2020-11-25,336.1794738769531,0.878000020980835,21.25,17.629499499181,-0.001541837443147509,0.01611386873575693,0.007209902023587178,0.13708610440201616,0.1629698446789004,0.16932486641862088,0.21362906196626535,0.0027851486697128003
2020-11-27,337.11578369140625,0.8420000076293945,20.84000015258789,17.16590929480943,0.0027851486697128003,-0.001541837443147509,0.017906999329245332,0.1370504326468382,0.15002089193257317,0.16853469571377808,0.21172999830200293,-0.004427150048747941
2020-11-30,335.6233215332031,0.843999981880188,20.56999969482422,18.244810743044397,-0.004427150048747941,0.0027851486697128003,0.016462544972717374,0.12642314830575535,0.1406589181028682,0.16252649128777732,0.19919945766761765,0.010937372842788617
2020-12-01,339.2941589355469,0.9340000152587891,20.770000457763672,18.122697812686337,0.010937372842788617,-0.004427150048747941,0.018940025645586944,0.1363467480091657,0.13734416956816486,0.16239679570753515,0.19932107274044444,0.0021037973497191054
2020-12-02,340.0079650878906,0.9480000138282776,21.170000076293945,17.642563759156012,0.0021037973497191054,0.010937372842788617,0.023946912389565034,0.09200118420762166,0.13270128085489016,0.15584232198758705,0.19022015038969461,-0.0002725873928913769
2020-12-03,339.915283203125,0.9200000166893005,21.280000686645508,17.956770528097984,-0.0002725873928913769,0.0021037973497191054,0.009828839819667312,0.08935068663703855,0.10968160012025109,0.14136696219572584,0.18651362323123127,0.008617439001704419
2020-12-04,342.844482421875,0.968999981880188,20.790000915527344,17.742420225145352,0.008617439001704419,-0.0002725873928913769,0.011112544389129564,0.10054518985916455,0.11332051473286558,0.1296152594377238,0.18291215879402864,-0.0020548625605376625
2020-12-07,342.1399841308594,0.9279999732971191,21.299999237060547,17.706193495239496,-0.0020548625605376625,0.008617439001704419,0.016993267617848362,0.08975429180459503,0.1033649178908674,0.1303338466692148,0.18306714332285468,0.002926080542541065
2020-12-08,343.14111328125,0.9129999876022339,20.68000030517578,17.564047130720237,0.002926080542541065,-0.0020548625605376625,0.019416596462625613,0.06444202264156433,0.10270797026656173,0.12500762067688956,0.18154568777935481,-0.008968922935939094
2020-12-09,340.0635070800781,0.9409999847412109,22.270000457763672,18.12090316152842,-0.008968922935939094,0.002926080542541065,0.011338109555944165,0.10274018057862469,0.09333715039243119,0.13062536060361493,0.1826855544957321,-0.0003268360680203086
2020-12-10,339.9523620605469,0.9079999923706055,22.520000457763672,17.87138107887095,-0.0003268360680203086,-0.008968922935939094,0.0001633549736788087,0.10275161370992723,0.09260327700965704,0.129093596123312,0.18238137803009657,-0.0011726676073980924
2020-12-11,339.5537109375,0.8930000066757202,23.309999465942383,17.870743485083867,-0.0011726676073980924,-0.0003268360680203086,0.00010908264280584667,0.06932575637393966,0.09275610972082418,0.1227398941349656,0.18121746431207258,-0.004477150757974502
2020-12-14,338.0334777832031,0.8920000195503235,24.719999313354492,18.05274551168355,-0.004477150757974502,-0.0011726676073980924,-0.00959843793059989,0.07171550082731463,0.09283434915595443,0.11603865633469639,0.17961303369453144,0.013519212117781398
2020-12-15,342.6034240722656,0.9229999780654907,22.889999389648438,17.97228675151453,0.013519212117781398,-0.004477150757974502,-0.012002415789221565,0.13383881779116513,0.10130074469610896,0.11745714596477143,0.1791982895394096,0.0015694215854391569
2020-12-16,343.14111328125,0.9200000166893005,22.5,17.883177430717293,0.0015694215854391569,0.013519212117781398,-0.0015669623608863814,0.10945165153381405,0.10117157231322418,0.11502882878537456,0.17840769258804434,0.00559184734892626
2020-12-17,345.0599060058594,0.9300000071525574,21.93000030517578,17.976259103392124,0.00559184734892626,0.0015694215854391569,0.009050092518298802,0.11019264257663869,0.10346725933136591,0.10438548412643683,0.1706575901508256,-0.003992775045872365
2020-12-18,343.6821594238281,0.9480000138282776,21.56999969482422,18.732145022016894,-0.003992775045872365,0.00559184734892626,0.015024293151999935,0.11844035551923196,0.09850058832087294,0.1063475095549774,0.17116530534769564,-0.0035753682567146727
2020-12-21,342.453369140625,0.9409999847412109,25.15999984741211,18.383878793632373,-0.0035753682567146727,-0.003992775045872365,0.012158454916983752,0.11525148746321248,0.0997890125530117,0.10341041858344864,0.16911946353644827,-0.001685423497296945
2020-12-22,341.8761901855469,0.9179999828338623,24.229999542236328,17.68564852487439,-0.001685423497296945,-0.0035753682567146727,0.013075306583262725,0.0637072609743067,0.09882473393940695,0.10303652319016422,0.16650655013194687,0.000898720020238164
2020-12-23,342.1834411621094,0.9549999833106995,23.309999465942383,17.64852068026751,0.000898720020238164,-0.001685423497296945,-0.0021226696396512423,0.06255632994349491,0.08636190953076932,0.08757238660256034,0.1658501869814525,0.003890243061708709
2020-12-24,343.5146179199219,0.9279999732971191,21.530000686645508,17.091065386218038,0.003890243061708709,0.000898720020238164,-0.0027908987937440566,0.05236260897714521,0.08763224519095726,0.08774968828397986,0.16547296434849673,0.008590843499281853
2020-12-28,346.4656982421875,0.9330000281333923,21.700000762939453,17.47908248609234,0.008590843499281853,0.003890243061708709,-0.004478318283409166,0.07620776988531251,0.09414222912504905,0.0915702192601483,0.16579458284158888,-0.0019076916138729416
2020-12-29,345.80474853515625,0.9350000023841858,23.079999923706055,17.798560383669095,-0.0019076916138729416,0.008590843499281853,0.008099165877640813,0.06968002820554431,0.08995774121273752,0.08987033815896193,0.16431375620822145,0.0014267521994328902
2020-12-30,346.2981262207031,0.9259999990463257,22.770000457763672,17.716579809478674,0.0014267521994328902,-0.0019076916138729416,0.009786381728237759,0.06257005042283736,0.06459947366014847,0.08269312336439953,0.16096891838639205,0.005080679906767083
2020-12-31,348.05755615234375,0.9169999957084656,22.75,18.178872854994424,0.005080679906767083,0.0014267521994328902,0.012934319973427533,0.06253522055131955,0.06767486373152885,0.08387019605273252,0.15767791903792788,-0.013613849883605256
2021-01-04,343.31915283203125,0.9169999957084656,26.969999313354492,18.51790546258433,-0.013613849883605256,0.005080679906767083,0.01716656706205577,0.13530443045806317,0.0969582405241034,0.09895604679311283,0.15750982420188428,0.006887094460190868
2021-01-05,345.6836242675781,0.9549999833106995,25.34000015258789,18.011602129988663,0.006887094460190868,-0.013613849883605256,-0.0005690153422704958,0.12880682643070024,0.10123724351713594,0.09725331576675508,0.15716371957616188,0.005978797709369266
2021-01-06,347.7503967285156,1.0420000553131104,25.06999969482422,18.497620497824883,0.005978797709369266,0.006887094460190868,-0.002257291208270451,0.1351035387398697,0.10156650567394461,0.09870064823890527,0.15667578115595973,0.014857282767087643
2021-01-07,352.9170227050781,1.0709999799728394,22.3700008392334,18.046231642837288,0.014857282767087643,0.005978797709369266,0.005626435731727941,0.16676091221592176,0.11920767511794472,0.1104456706974062,0.15620124622479462,0.005697838665869481
2021-01-08,354.9278869628906,1.1050000190734863,21.559999465942383,18.087683277319428,0.005697838665869481,0.014857282767087643,0.019113289917591425,0.16710784435825202,0.1190378330123734,0.10422814523748475,0.15558125241868195,-0.006740854065642621
2021-01-11,352.5353698730469,1.1319999694824219,24.079999923706055,17.74801637107817,-0.006740854065642621,0.005697838665869481,0.019739065246840326,0.12282377663409881,0.12999302840983132,0.10865215607640213,0.15568226200067334,0.0002112210489739752
2021-01-12,352.6098327636719,1.1380000114440918,23.329999923706055,17.77723190551957,0.0002112210489739752,-0.006740854065642621,0.026844459346329064,0.1265984970563372,0.12597016094085775,0.1082533432736133,0.15560061950973897,0.002693018948152659
2021-01-13,353.5594177246094,1.0880000591278076,22.209999084472656,17.62889707956765,0.002693018948152659,0.0002112210489739752,0.0200362644043921,0.12550869160357847,0.1242971893689753,0.10560151318251176,0.15555187813461868,-0.003501810678666839
2021-01-14,352.3213195800781,1.128999948501587,23.25,17.727315559631325,-0.003501810678666839,0.002693018948152659,0.016704570435411403,0.07814298769618838,0.12762650989829746,0.0986027207084848,0.15195635724166973,-0.0072926794726486666
2021-01-15,349.751953125,1.097000002861023,24.34000015258789,18.48983361197252,-0.0072926794726486666,-0.003501810678666839,-0.0016879410362072855,0.06890710840157002,0.1335747569559434,0.10332675104276556,0.15301803532798108,0.007851808340732624
2021-01-19,352.4981384277344,1.0920000076293945,23.239999771118164,17.75190028874097,0.007851808340732624,-0.0072926794726486666,-0.014583057652023279,0.09201513574523407,0.11165409353896977,0.10496457561362671,0.1533660765531339,0.013838777510443379
2021-01-20,357.37628173828125,1.090000033378601,21.579999923706055,17.93999791044977,0.013838777510443379,0.007851808340732624,-0.0001056105244869876,0.13491651984126773,0.12380795102999916,0.11234243803324523,0.15517299465572892,0.0009115746151362458
2021-01-21,357.7020568847656,1.1089999675750732,21.31999969482422,17.683374778808435,0.0009115746151362458,0.013838777510443379,0.013517629208610327,0.13552852648118638,0.1234186119180832,0.11051411829044555,0.15515554039200968,-0.003539319118099127
2021-01-22,356.43603515625,1.090999960899353,21.90999984741211,17.783166944961565,-0.003539319118099127,0.0009115746151362458,0.01171695322618449,0.13563098073768606,0.10673983506068528,0.11157027865983958,0.14970846623435632,0.003943595792219146
2021-01-25,357.8416748046875,1.0399999618530273,23.190000534057617,18.06973224401979,0.003943595792219146,-0.003539319118099127,0.011678871948697545,0.10536330839044791,0.10493193310589297,0.11165498771483769,0.1492987942469234,-0.001560837527234904
2021-01-26,357.28314208984375,1.0399999618530273,23.020000457763672,17.56889652489102,-0.001560837527234904,0.003943595792219146,0.02312988278523287,0.10822044513760301,0.09740916671242757,0.11227629148999987,0.12887352791369378,-0.024440326650012945
2021-01-27,348.551025390625,1.0140000581741333,37.209999084472656,18.63054532672064,-0.024440326650012945,-0.001560837527234904,0.013574550162029686,0.1786856461563136,0.1624261853938516,0.1434231766987955,0.139495246805078,0.008600056735998951
2021-01-28,351.548583984375,1.0570000410079956,30.209999084472656,18.360910580107724,0.008600056735998951,-0.024440326650012945,-0.024694577672390916,0.20142915147720433,0.16887706249788398,0.1460656329148028,0.13756683801915118,-0.020019716058205073
2021-01-29,344.51068115234375,1.093000054359436,33.09000015258789,18.657846333378405,-0.020019716058205073,0.008600056735998951,-0.01720278869509817,0.2335661258724743,0.1953311189345549,0.16373959597869756,0.14389688767911243,0.016645870475189506
2021-02-01,350.245361328125,1.0770000219345093,30.239999771118164,18.143841026823843,0.016645870475189506,-0.020019716058205073,-0.03345720642044103,0.2823343878672117,0.21384317941819048,0.17354649586606447,0.14344221397698317,0.014139954900477925
2021-02-02,355.19781494140625,1.1050000190734863,25.559999465942383,17.981411163938883,0.014139954900477925,0.016645870475189506,-0.021228140855054423,0.31187989563624346,0.222287337908847,0.17183876183004154,0.13939650201737658,0.0007863136068166909
2021-02-03,355.47711181640625,1.13100004196167,22.90999984741211,17.7749342102487,0.0007863136068166909,0.014139954900477925,-0.005836623402492136,0.23427234075323108,0.21026732606120288,0.17078492118598865,0.13446861907181176,0.01136563236750776
2021-02-04,359.517333984375,1.1390000581741333,21.770000457763672,17.66868763002139,0.01136563236750776,0.0007863136068166909,0.019871083202291917,0.23845613884082278,0.2185530003647802,0.17372338976174825,0.13590620166694314,0.0039359411320107895
2021-02-05,360.932373046875,1.1699999570846558,20.8700008392334,17.700569293040235,0.0039359411320107895,0.01136563236750776,0.022667563924405387,0.10733851819437794,0.21781665710796194,0.16696546640583396,0.13410930277766672,0.007222014787818365
2021-02-08,363.5390319824219,1.159999966621399,21.239999771118164,17.462661382730445,0.007222014787818365,0.0039359411320107895,0.04766671337911155,0.08581231995506514,0.21952906184996998,0.16759936573172554,0.13444327134114534,-0.0006658581565986976
2021-02-09,363.2969665527344,1.156999945640564,21.6299991607666,17.386481684198085,-0.0006658581565986976,0.007222014787818365,0.037955308255582576,0.07750021969957806,0.21920628145911986,0.1651255541403998,0.1340035941835917,-0.00043571703677136586
2021-02-10,363.138671875,1.1330000162124634,21.989999771118164,17.895661549678305,-0.00043571703677136586,-0.0006658581565986976,0.022801805840681144,0.08159536294211338,0.1653971472292354,0.1652113924022142,0.1319944738070474,0.0016151332243299343
2021-02-11,363.7251892089844,1.1579999923706055,21.25,17.57469238246377,0.0016151332243299343,-0.00043571703677136586,0.021552892729000073,0.05243765560018969,0.1638534459491401,0.16515452131756717,0.12956987052337482,0.0049398638944830875
2021-02-12,365.5219421386719,1.2000000476837158,19.969999313354492,17.739329734188843,0.0049398638944830875,0.0016151332243299343,0.011704178983459768,0.054800565550254775,0.09864109687997155,0.16450103525758336,0.12776302584727764,-0.0008661295505719702
2021-02-16,365.2053527832031,1.2990000247955322,21.459999084472656,17.746794887347633,-0.0008661295505719702,0.0049398638944830875,0.012715869881809727,0.03903455395424185,0.08350947768436026,0.16129235150845445,0.1270685591080683,0.00022963054634428381
2021-02-17,365.2892150878906,1.3009999990463257,21.5,17.772327199691684,0.00022963054634428381,-0.0008661295505719702,0.0045836090603383894,0.03722182224874571,0.06410808374155974,0.16002261895087203,0.12393331808265587,-0.0042559619014423955
2021-02-18,363.73455810546875,1.2869999408721924,22.489999771118164,17.905056977488247,-0.0042559619014423955,0.00022963054634428381,0.005483801734047944,0.05346565568765803,0.0729570108713071,0.15482178792431875,0.12441778307524423,-0.0017661093927319182
2021-02-19,363.0921630859375,1.3450000286102295,22.049999237060547,18.237250584885928,-0.0017661093927319182,-0.0042559619014423955,0.0016409330005862088,0.05374331555664508,0.054843733964362464,0.15511694030962625,0.12338078976581535,-0.007691839603341966
2021-02-22,360.29931640625,1.3700000047683716,23.450000762939453,18.02636625101835,-0.007691839603341966,-0.0017661093927319182,-0.001740396711109149,0.05020763808929375,0.06708338470973779,0.1573398208051521,0.12450784482310571,0.0012145222952379964
2021-02-23,360.7369079589844,1.3619999885559082,23.110000610351562,18.49099102327641,0.0012145222952379964,-0.007691839603341966,-0.01428813192954781,0.05713453084679841,0.05407098197994223,0.15686492127876972,0.12068660571662107,0.011019212432640035
2021-02-24,364.7119445800781,1.3890000581741333,21.34000015258789,18.098184993619416,0.011019212432640035,0.0012145222952379964,-0.012235430806709302,0.11304853125604085,0.08019663596306811,0.16102718687510553,0.12221308722994782,-0.024095796786864465
2021-02-25,355.9239196777344,1.5180000066757202,28.889999389648438,18.80369913904856,-0.024095796786864465,0.011019212432640035,-0.0015803108440352043,0.2061976506873363,0.14712608591783582,0.1603060513359279,0.1328534390604022,-0.005152313979824075
2021-02-26,354.090087890625,1.4600000381469727,27.950000762939453,18.843996254744244,-0.005152313979824075,-0.024095796786864465,-0.021473457095791293,0.2050112713628846,0.14643473557718278,0.15919644112188017,0.13298680855707062,0.024239788520449945
2021-03-01,362.67315673828125,1.4459999799728394,23.350000381469727,18.472787317039124,0.024239788520449945,-0.005152313979824075,-0.024792810505199103,0.28697074358599084,0.19754691830817114,0.16137668020396928,0.1398790054949038,-0.007803048011986502
2021-03-02,359.84320068359375,1.4149999618530273,24.100000381469727,18.1924656164088,-0.007803048011986502,0.024239788520449945,0.006588522997236668,0.2944699113865914,0.20074140136405408,0.15645615024116039,0.14105879115056608,-0.013245820535101038
2021-03-03,355.0767822265625,1.4700000286102295,26.670000076293945,18.60250385154115,-0.013245820535101038,-0.007803048011986502,-0.0024774489542729317,0.2856601029965069,0.20889875447141626,0.15707489874349895,0.14402693097148597,-0.012374565497875523
2021-03-04,350.682861328125,1.5499999523162842,28.56999969482422,19.027360041621186,-0.012374565497875523,-0.013245820535101038,-0.026418554414523898,0.24624413222908098,0.21443563007778607,0.16306665366845882,0.14555752373068948,0.018396463512524663
2021-03-05,357.1341857910156,1.5540000200271606,24.65999984741211,18.839651577772486,0.018396463512524663,-0.012374565497875523,-0.01472522092461448,0.2860156393295806,0.24136898690049194,0.17161156028686703,0.15003870390978102,-0.004978905066432837
2021-03-08,355.3560485839844,1.5959999561309814,25.469999313354492,18.628907194487038,-0.004978905066432837,0.018396463512524663,0.008596958809338195,0.2058553310699555,0.23981506413856846,0.17162642899312638,0.15042518072491623,0.014277620815047243
2021-03-09,360.4296875,1.5460000038146973,24.030000686645508,18.548489803966728,0.014277620815047243,-0.004978905066432837,-0.0201754886413531,0.23742746591019176,0.2522595983298078,0.17767897783133133,0.1516304356789685,0.006224429662945674
2021-03-10,362.67315673828125,1.5199999809265137,22.559999465942383,18.51507596894953,0.006224429662945674,0.014277620815047243,0.001629839928313448,0.20485273395095116,0.24751382908894531,0.1792036296580944,0.15197686434890711,0.010139452177763353
2021-03-11,366.3504638671875,1.5269999504089355,21.90999984741211,18.27270265277574,0.010139452177763353,0.006224429662945674,0.021393610880679148,0.1420705627791843,0.21323235275133573,0.18277847585878104,0.153011392167137,0.0013465702900528065
2021-03-12,366.8437805175781,1.6349999904632568,20.690000534057617,17.984554361553617,0.0013465702900528065,0.010139452177763353,0.04467741160695815,0.11935112013507924,0.20874749154173955,0.18275929308545708,0.15253493275468324,0.005963527860230133
2021-03-15,369.0314636230469,1.6069999933242798,20.030000686645508,18.11180501076584,0.005963527860230133,0.0013465702900528065,0.027187525341649144,0.07724648182220879,0.17575939542776797,0.18312563539019286,0.1507483956672303,-0.0012612029863658947
2021-03-16,368.5660400390625,1.621000051498413,19.790000915527344,18.11581861585511,-0.0012612029863658947,0.005963527860230133,0.0384836985146475,0.07101649189502937,0.16868252266628675,0.18317126374199122,0.15083706744626157,0.003409904239171313
2021-03-17,369.82281494140625,1.6410000324249268,19.229999542236328,18.400062654457248,0.003409904239171313,-0.0012612029863658947,0.022574035439471007,0.06946126392922164,0.14424267635451693,0.1834517538260865,0.15063411576100974,-0.01454974825789046
2021-03-18,364.4419860839844,1.7300000190734863,21.579999923706055,18.56347374888223,-0.01454974825789046,0.003409904239171313,0.019713778288489303,0.12727025164115877,0.1514387586925312,0.19062409009798026,0.1537108572563772,-0.0018500196993226359
2021-03-19,363.76776123046875,1.7319999933242798,20.950000762939453,18.548409718813108,-0.0018500196993226359,-0.01454974825789046,-0.0052094318731230604,0.1255398677520798,0.12970710690293016,0.19063560033871066,0.15353090869911126,0.00798460260964351
2021-03-22,366.67230224609375,1.684000015258789,18.8799991607666,18.116579288174766,0.00798460260964351,-0.0018500196993226359,-0.008385093193537085,0.13381654406896928,0.12682775928351406,0.1901912469860588,0.15407231894118803,-0.007870584375450962
2021-03-23,363.786376953125,1.6380000114440918,20.299999237060547,18.32292017539621,-0.007870584375450962,0.00798460260964351,-0.006392846164908428,0.141827799102623,0.1211129391111478,0.19273766325249442,0.15519306047809203,-0.00508340553356923
2021-03-24,361.9371032714844,1.6139999628067017,21.200000762939453,18.396271251529697,-0.00508340553356923,-0.007870584375450962,-0.012968267736851002,0.13170355482576887,0.12063565458794959,0.18952005759523127,0.15558517996990287,0.0056255694056175365
2021-03-25,363.97320556640625,1.6139999628067017,19.809999465942383,18.570208764305324,0.0056255694056175365,-0.00508340553356923,-0.021322945343897337,0.10834440104272397,0.11161821295048453,0.16822239545471535,0.15507846583307938,0.01611488668173533
2021-03-26,369.8385925292969,1.659999966621399,18.860000610351562,18.55529118794151,0.01611488668173533,0.0056255694056175365,-0.001286296682265653,0.15606826111805033,0.139957999362244,0.17444174532076837,0.15806982187366378,-0.0005051625683613059
2021-03-29,369.6517639160156,1.7209999561309814,20.739999771118164,18.498637594661076,-0.0005051625683613059,0.01611488668173533,0.016688755700321467,0.15177866465276588,0.1370757244819126,0.1539528067142818,0.15810596360283086,-0.002652824722117142
2021-03-30,368.671142578125,1.7259999513626099,19.610000610351562,18.149687973765815,-0.002652824722117142,-0.0005051625683613059,0.00812567966456923,0.134705592146337,0.13766824335778377,0.1511069402334386,0.15807644995050912,0.004053352908494068
2021-03-31,370.1654968261719,1.746000051498413,19.399999618530273,18.54054340236024,0.004053352908494068,-0.002652824722117142,0.013427566105999045,0.11572691992663395,0.1381434129739607,0.1412429417771256,0.1552171027306233,0.01079905220154731
2021-04-01,374.1629333496094,1.6790000200271606,17.329999923706055,18.417504715709946,0.01079905220154731,0.004053352908494068,0.022734318975071943,0.12432890741956344,0.12017697069264027,0.13343802506728,0.15602320326038588,0.014352920430867444
2021-04-05,379.53326416015625,1.7200000286102295,17.90999984741211,18.333867176488052,0.014352920430867444,0.01079905220154731,0.027995818448630416,0.1152010928742478,0.13024882807101848,0.12802435346093566,0.15801142489039088,-0.0005904372484129006
2021-04-06,379.3091735839844,1.656000018119812,18.1200008392334,17.942983611461184,-0.0005904372484129006,0.014352920430867444,0.026213250392713938,0.11546886925869797,0.13053609331463867,0.12528011370062564,0.1555899042094305,0.001157194069483003
2021-04-07,379.74810791015625,1.652999997138977,17.15999984741211,17.837934771387562,0.001157194069483003,-0.0005904372484129006,0.026125696156999556,0.10148140305328163,0.11568613086921187,0.11850014186009435,0.15531351777356,0.004746863163078485
2021-04-08,381.55072021484375,1.6319999694824219,16.950000762939453,17.87359045096031,0.004746863163078485,0.001157194069483003,0.030045653301123076,0.10077993887829839,0.10314076582765017,0.11802253280826876,0.15459566407047373,0.007270136404638583
2021-04-09,384.32464599609375,1.6660000085830688,16.690000534057617,17.928097724089035,0.007270136404638583,0.004746863163078485,0.03075711671209147,0.09322970239328567,0.10361092166075354,0.1160028459471584,0.15504669934696375,0.0003645516951138461
2021-04-12,384.4647521972656,1.6749999523162842,16.90999984741211,17.853371202352257,0.0003645516951138461,0.007270136404638583,0.027158523041055815,0.05245586283542236,0.08718789995162605,0.11617595725962919,0.15504254464414538,0.00296361185352656
2021-04-13,385.6041564941406,1.6230000257492065,16.649999618530273,17.850653461519165,0.00296361185352656,0.0003645516951138461,0.012993559465787285,0.04431876166772245,0.08396024055441091,0.11543223365616469,0.15472739458346096,-0.0034151461001432626
2021-04-14,384.2872619628906,1.6380000114440918,16.989999771118164,17.937144374842006,-0.0034151461001432626,0.00296361185352656,0.01659591528113258,0.0652119914472605,0.08578167780990861,0.11654264007622164,0.153982912278661,0.01074249592509724
2021-04-15,388.41546630859375,1.5299999713897705,16.56999969482422,17.913677821013117,0.01074249592509724,-0.0034151461001432626,0.011953065619508818,0.08858822917127257,0.0918819205436197,0.12046273766077727,0.15459557282716224,0.0033425788589489525
2021-04-16,389.7137756347656,1.5729999542236328,16.25,18.22268459204123,0.0033425788589489525,0.01074249592509724,0.017991700002255584,0.08247255670391593,0.08575977802537636,0.10227896031041461,0.152548322414523,-0.004913179893628383
2021-04-19,387.7990417480469,1.6009999513626099,17.290000915527344,18.178590087028912,-0.004913179893628383,0.0033425788589489525,0.014022336831155613,0.09912059394364624,0.07509734597693779,0.10489981217824156,0.15310871893720954,-0.0073216399359145035
2021-04-20,384.959716796875,1.562000036239624,18.68000030517578,18.22042086520458,-0.0073216399359145035,-0.004913179893628383,0.008672549386453232,0.11651641304514877,0.08843505478153227,0.10965019011811504,0.15382370767200854,0.009462231932495957
2021-04-21,388.602294921875,1.5640000104904175,17.5,18.01710885756844,0.009462231932495957,-0.0073216399359145035,-0.0016712467602133518,0.13000125832780896,0.09696582091789509,0.10516285803212959,0.15463780506779057,-0.009133073445937279
2021-04-22,385.05316162109375,1.5540000200271606,18.709999084472656,18.396211816592587,-0.009133073445937279,0.009462231932495957,0.01122866507972109,0.1247942732522335,0.1112392786074476,0.11031406004793848,0.15603404778101237,0.01084238919804692
2021-04-23,389.2280578613281,1.5670000314712524,17.329999923706055,18.10883166775368,0.01084238919804692,-0.009133073445937279,-0.008656464479786408,0.15226787599663552,0.11816438692741905,0.11339483678821312,0.14770995546936463,0.002087700350276167
2021-04-26,390.0406494140625,1.5700000524520874,17.639999389648438,17.770255850412646,0.002087700350276167,0.01084238919804692,-0.0012463448915717157,0.14666063684964684,0.11810168862986616,0.10295909073478458,0.14704669960803265,-0.00021571331864256305
2021-04-27,389.9565124511719,1.621999979019165,17.559999465942383,17.75326175665715,-0.00021571331864256305,0.002087700350276167,0.005780333174397079,0.1282014023192485,0.11805108599312387,0.10284528998483394,0.13993861972522842,-0.00028728851992410043
2021-04-28,389.844482421875,1.6200000047683716,17.280000686645508,17.752009586675364,-0.00028728851992410043,-0.00021571331864256305,0.012980048135616817,0.11316862166725304,0.11568641193059584,0.10154779521950028,0.13668880917005427,0.006372733518160922
2021-04-29,392.328857421875,1.6399999856948853,17.610000610351562,18.17917336751952,0.006372733518160922,-0.00028728851992410043,0.0031965521465839863,0.0761190680683913,0.10767174953392476,0.10225409275293597,0.13461053245281465,-0.006570481008152607
2021-04-30,389.7510681152344,1.63100004196167,18.610000610351562,18.264342685221887,-0.006570481008152607,0.006372733518160922,0.01889530206725265,0.07440970724497802,0.11305875214492907,0.1031130888628028,0.13566259442352332,0.00215685671137833
2021-05-03,390.5917053222656,1.6069999933242798,18.309999465942383,18.036903264819646,0.00215685671137833,-0.006570481008152607,0.0013437115936092425,0.07451724684709123,0.10992662345689923,0.092360512556106,0.13412690701502195,-0.006169432097688943
2021-05-04,388.1819763183594,1.5920000076293945,19.479999542236328,18.436467485027574,-0.006169432097688943,0.00215685671137833,0.0014128166103479778,0.08786138911971185,0.10769025879475448,0.09604721692249256,0.13491308541624272,0.00031281576880792805
2021-05-05,388.30340576171875,1.5839999914169312,19.149999618530273,17.912554822707893,0.00031281576880792805,-0.006169432097688943,-0.004550600069885169,0.08822735926664226,0.09641813366772457,0.09609594985796105,0.13434849944260646,0.007985585581054222
2021-05-06,391.40423583984375,1.5609999895095825,18.389999389648438,18.123909503207145,0.007985585581054222,0.00031281576880792805,-0.003953054947917756,0.09679175912846374,0.08935187503798371,0.09837255285637239,0.13502167718966057,0.007278059533427639
2021-05-07,394.2528991699219,1.5770000219345093,16.690000534057617,18.031095889504215,0.007278059533427639,0.007985585581054222,-0.0023567513950089047,0.09147037416365511,0.08043251098460591,0.09837894075119466,0.13552792717139497,-0.009902329760964501
2021-05-10,390.348876953125,1.6019999980926514,19.65999984741211,18.22042819549901,-0.009902329760964501,0.007278059533427639,0.011550529101709728,0.1262264325012895,0.09777507681869758,0.10611207703556877,0.13749351774792645,-0.008924824360219685
2021-05-11,386.8650817871094,1.6239999532699585,21.84000015258789,18.576726777889256,-0.008924824360219685,-0.009902329760964501,-0.0006216936146666852,0.13573233472462157,0.10781194668634271,0.11114077951235125,0.1388187986568096,-0.021245117555344195
2021-05-12,378.6460876464844,1.6950000524520874,27.59000015258789,18.71938436290487,-0.021245117555344195,-0.008924824360219685,-0.0033924669654676887,0.19806745379030294,0.14872736451529575,0.13439258602111104,0.14607184423605002,0.012012436051654252
2021-05-13,383.1945495605469,1.6679999828338623,23.1299991607666,18.48265975170337,0.012012436051654252,-0.021245117555344195,-0.02487054703084568,0.21591022718249203,0.16075015093190076,0.13589450711450018,0.14791335978400033,0.01535529074578701
2021-05-14,389.07861328125,1.6349999904632568,18.809999465942383,18.22468533672238,0.01535529074578701,0.012012436051654252,-0.020974955116878524,0.24807774174277616,0.1808864869213944,0.14681654167815616,0.15046555252581237,-0.0025445262683648773
2021-05-17,388.0885925292969,1.6399999856948853,19.719999313354492,17.991883562675188,-0.0025445262683648773,0.01535529074578701,-0.01312428113925368,0.23967985863622468,0.1807734330093628,0.14601250924049075,0.15053881233807026,-0.00861547326794676
2021-05-18,384.7450256347656,1.6419999599456787,21.34000015258789,17.906686789657126,-0.00861547326794676,-0.0025445262683648773,-0.005790421229006304,0.23905034031895026,0.183289016826239,0.1469513230305357,0.1507823413530418,-0.002621967784601442
2021-05-19,383.7362365722656,1.6829999685287476,22.18000030517578,18.483346584592862,-0.002621967784601442,-0.00861547326794676,-0.0054800917739854516,0.16473286481051752,0.18336926307210208,0.14284839299303917,0.1509790037585227,0.010757921593692599
2021-05-20,387.86444091796875,1.6339999437332153,20.670000076293945,18.172503972360072,0.010757921593692599,-0.002621967784601442,0.013443025273071285,0.16045853664907306,0.18770182363153715,0.1445127919313746,0.15090643014695915,-0.0008186762355402166
2021-05-21,387.5469055175781,1.6319999694824219,20.149999618530273,18.153829541216123,-0.0008186762355402166,0.010757921593692599,0.012186737423007132,0.11253713779089541,0.18221101849154672,0.13916970647958932,0.14157771174847644,0.010194236033519433
2021-05-24,391.4976501464844,1.6080000400543213,18.399999618530273,17.754695339721618,0.010194236033519433,-0.0008186762355402166,-0.003936756509833272,0.13413694821089914,0.18465241045849734,0.14381873253205038,0.1420096457905536,-0.0022187932505469687
2021-05-25,390.6289978027344,1.5640000104904175,18.84000015258789,17.86644994838467,-0.0022187932505469687,0.010194236033519433,0.008784225258901879,0.1080603576471167,0.17817092980939914,0.1440757683636147,0.1342230581282967,0.001984589063971365
2021-05-26,391.40423583984375,1.5740000009536743,17.360000610351562,17.578769042135278,0.001984589063971365,-0.0022187932505469687,0.015293172818183098,0.09720817682290385,0.12795392847670692,0.14421509446367062,0.1328882703078431,0.0005249683950780959
2021-05-27,391.6097106933594,1.6100000143051147,16.739999771118164,17.853420579581083,0.0005249683950780959,0.001984589063971365,0.019982473732667927,0.07738002121708042,0.11884509251275584,0.1423987232245178,0.129339026008463,0.0017886940787625871
2021-05-28,392.3101806640625,1.5809999704360962,16.760000228881836,17.884882568833472,0.0017886940787625871,0.0005249683950780959,0.009656130803139984,0.0736628436404507,0.09363564568275506,0.14040212191551987,0.1259854708077092,-0.0008808095077330602
2021-06-01,391.9646301269531,1.6150000095367432,17.899999618530273,17.80849771102512,-0.0008808095077330602,0.0017886940787625871,0.01229083519612395,0.028425044203693774,0.09231342260724233,0.14030180987852905,0.12131341563152728,0.0015724978174458393
2021-06-02,392.58099365234375,1.590999960899353,17.479999542236328,17.7093105482518,0.0015724978174458393,-0.0008808095077330602,0.0011928040444024735,0.01892046710870117,0.07514061743335869,0.13830820006644612,0.12054084423335937,-0.0037111824587102715
2021-06-03,391.1240539550781,1.625,18.040000915527344,17.878343830247335,-0.0037111824587102715,0.0015724978174458393,0.0049970582332321545,0.03584689953335969,0.0771988027333207,0.1391539080089107,0.11813092961237537,0.009145815506174104
2021-06-04,394.7012023925781,1.559999942779541,16.420000076293945,17.83976881182944,0.009145815506174104,-0.0037111824587102715,-0.0007158376407563338,0.0758567822108633,0.07229950577888868,0.14005097427912264,0.11879141382033677,-0.0009702658253109009
2021-06-07,394.3182373046875,1.569000005722046,16.420000076293945,17.758159776330942,-0.0009702658253109009,0.009145815506174104,0.007894318283745205,0.07788700145663043,0.07245462167686337,0.1377642268358943,0.11749078649342792,0.00021321846108124376
2021-06-08,394.4023132324219,1.527999997138977,17.06999969482422,17.668511552958076,0.00021321846108124376,-0.0009702658253109009,0.005118543284362342,0.076571151924107,0.05510346429618418,0.13266255778074096,0.11750992218560498,-0.0014918241767595264
2021-06-09,393.8139343261719,1.4889999628067017,17.889999389648438,17.695760111223077,-0.0014918241767595264,0.00021321846108124376,0.006219140499180265,0.07881554012607749,0.054120771595637475,0.12816928290050847,0.11722150056990306,0.004648535258450659
2021-06-10,395.64459228515625,1.4589999914169312,16.100000381469727,17.747730250291816,0.004648535258450659,-0.0014918241767595264,0.003140602050949015,0.07179052925154315,0.057288650783852195,0.09823420667723101,0.11733637607339359,0.0016522835235530664
2021-06-11,396.2983093261719,1.4620000123977661,15.649999618530273,17.63477774043911,0.0016522835235530664,0.004648535258450659,0.011557812117066302,0.03910069078964015,0.05726015559279269,0.09116025723925927,0.11725083190876522,0.0022391973819611
2021-06-14,397.1856994628906,1.5010000467300415,16.389999389648438,17.561679690913643,0.0022391973819611,0.0016522835235530664,0.004046369567441088,0.03644082312555339,0.05743496208839806,0.0756717015758559,0.11258642594724104,-0.0018345013335017146
2021-06-15,396.4570617675781,1.4989999532699585,17.020000457763672,17.757257419972913,-0.0018345013335017146,0.0022391973819611,0.0072719491185679885,0.04311569105857999,0.058609331893606995,0.07526619894488826,0.11258448192851234,-0.005583127840164459
2021-06-16,394.24359130859375,1.569000005722046,18.149999618530273,18.202351846070584,-0.005583127840164459,-0.0018345013335017146,0.005209778102760243,0.06331804068205359,0.06748789515119588,0.07071882304623178,0.11265968509744498,-0.0003316155482795402
2021-06-17,394.11285400390625,1.5110000371932983,17.75,18.325817175402385,-0.0003316155482795402,-0.005583127840164459,0.001091015185018973,0.04983069585002552,0.06370667393912562,0.06952158696702969,0.11110619199284766,-0.013490404815131196
2021-06-18,388.7961120605469,1.4500000476837158,20.700000762939453,18.591910185054857,-0.013490404815131196,-0.0003316155482795402,-0.0038715006122110873,0.09703216516777853,0.07969945696249574,0.078655210800221,0.11447328088531357,0.014315932776198803
2021-06-21,394.3620910644531,1.4839999675750732,17.889999389648438,18.10352867904867,0.014315932776198803,-0.013490404815131196,-0.018930681986458753,0.1611078892331183,0.11264764714619815,0.09322678210376673,0.11725368717693943,0.005346119549865858
2021-06-22,396.47039794921875,1.472000002861023,16.65999984741211,17.870772948102502,0.005346119549865858,0.014315932776198803,-0.007109038422722258,0.16777222677634138,0.11578000635124562,0.08826453033378176,0.11348373318062091,-0.0012053226630064362
2021-06-23,395.9925231933594,1.4869999885559082,16.31999969482422,17.71637960867458,-0.0012053226630064362,0.005346119549865858,3.3638401044422395e-05,0.16126199374202188,0.11564759549193035,0.08790081849396983,0.11353732363788016,0.00591574384571758
2021-06-24,398.3351135253906,1.4869999885559082,15.970000267028809,17.62462118194046,0.00591574384571758,-0.0012053226630064362,0.004436170741445533,0.16426144459053602,0.11706346844747875,0.08975288371338329,0.11366200405413147,0.003551923767175058
2021-06-25,399.7499694824219,1.5360000133514404,15.619999885559082,17.87818385543288,0.003551923767175058,0.00591574384571758,0.010713326090710407,0.089320568548465,0.11788061089457662,0.09023004227037718,0.1136150579970747,0.0020159543391342627
2021-06-28,400.55584716796875,1.4780000448226929,15.760000228881836,17.78880928613781,0.0020159543391342627,0.003551923767175058,0.028173783332918534,0.045516925599329704,0.11781450302917526,0.09025850260404149,0.11189389766763176,0.0005381925476788396
2021-06-29,400.77142333984375,1.4800000190734863,16.020000457763672,17.39820974384837,0.0005381925476788396,0.0020159543391342627,0.015705759361396954,0.043488195034920754,0.11688783609152979,0.0899948244942524,0.10846671496334219,0.0008416537990774131
2021-06-30,401.1087341308594,1.4429999589920044,15.829999923706055,17.987246639641068,0.0008416537990774131,0.0005381925476788396,0.010848288832842057,0.03512226219162665,0.11088651359236051,0.08998421573005617,0.10842062131289373,0.005536716122935381
2021-07-01,403.3295593261719,1.4800000190734863,15.479999542236328,17.79408881830466,0.005536716122935381,0.0008416537990774131,0.012919968529309322,0.03288096973789763,0.11171224184875035,0.0894253223348927,0.10882629370706252,0.007643362898081207
2021-07-02,406.412353515625,1.430999994277954,15.069999694824219,17.870727886663737,0.007643362898081207,0.005536716122935381,0.012538301623923775,0.04968642884822461,0.0707366789623633,0.08787895902483042,0.10940942108232382,-0.0018215376667377603
2021-07-06,405.67205810546875,1.3700000047683716,16.440000534057617,18.045411143113064,-0.0018215376667377603,0.007643362898081207,0.016666377840701907,0.061960905504816186,0.05148211397749988,0.08824464551505683,0.10879578743631453,0.0035340992165686647
2021-07-07,407.1057434082031,1.3209999799728394,16.200000762939453,17.967329703483937,0.0035340992165686647,-0.0018215376667377603,0.012772778062467127,0.05943877451933523,0.04978422395729495,0.08842196314529284,0.10891995434168146,-0.008147801044989245
2021-07-08,403.7887268066406,1.2879999876022339,19.0,18.396338880092465,-0.008147801044989245,0.0035340992165686647,0.01580531869156765,0.10107841811296808,0.07206872307723242,0.09446018127114048,0.1104244856029685,0.010674648518454122
2021-07-09,408.0990295410156,1.3559999465942383,16.18000030517578,18.149378467194325,0.010674648518454122,-0.008147801044989245,0.006681461777660713,0.11940848246359746,0.08257474590463826,0.09960230972776549,0.1118971575278248,0.0035818793204516197
2021-07-12,409.560791015625,1.3630000352859497,16.170000076293945,17.783717299054548,0.0035818793204516197,0.010674648518454122,0.011825243413381203,0.11133055867287492,0.0825862097358495,0.09985873814160394,0.1101909212819315,-0.0034088924337177806
2021-07-13,408.1646423339844,1.4149999618530273,17.1200008392334,17.7841275035026,-0.0034088924337177806,0.0035818793204516197,0.007746904031742163,0.1148854546249481,0.08769736195987482,0.10142903596448372,0.11042214930798369,0.0014920664993911537
2021-07-14,408.7736511230469,1.3559999465942383,16.329999923706055,17.976429084029245,0.0014920664993911537,-0.0034088924337177806,0.006144333036286254,0.1132268249450243,0.08741373130263495,0.10071398473678847,0.10978630308132861,-0.003415456641603254
2021-07-15,407.37750244140625,1.2970000505447388,17.010000228881836,17.825139306374314,-0.003415456641603254,0.0014920664993911537,0.004096988907305477,0.09268650033888419,0.09149998846946493,0.09895633151563103,0.10882424249442013,-0.00784369043069022
2021-07-16,404.1821594238281,1.2999999523162842,18.450000762939453,18.144593866644243,-0.00784369043069022,-0.003415456641603254,0.008887755889441129,0.07163615348256724,0.09954571352986535,0.10440272003399816,0.1088333744272982,-0.014767928188561319
2021-07-19,398.2132263183594,1.180999994277954,22.5,18.81263499678993,-0.014767928188561319,-0.00784369043069022,-0.009597842272726642,0.09687190446629416,0.11515650510057378,0.1068696626686131,0.11158109353753976,0.01433060015169385
2021-07-20,403.91986083984375,1.2089999914169312,19.729999542236328,18.416755058522558,0.01433060015169385,-0.014767928188561319,-0.02770666759658813,0.17354237125753988,0.1414496417611017,0.10689351335523023,0.11316846882677079,0.008096318079223286
2021-07-21,407.19012451171875,1.2799999713897705,17.90999984741211,17.98564882902062,0.008096318079223286,0.01433060015169385,-0.01039967957505561,0.1877634159298749,0.14675440723354488,0.10873161325017233,0.1141617475227804,0.0020940123089550067
2021-07-22,408.04278564453125,1.2649999856948853,17.690000534057617,17.684177130728703,0.0020940123089550067,0.008096318079223286,-0.0038738470715458106,0.18685237193997342,0.13954627232632688,0.10833032316665243,0.11417704501250447,0.010288132015969786
2021-07-23,412.24078369140625,1.2860000133514404,17.200000762939453,17.97074011594571,0.010288132015969786,0.0020940123089550067,0.0016330877359156393,0.18080731787432078,0.1388139908989288,0.11174047268589843,0.11579975224558224,0.002454859995028258
2021-07-26,413.2527770996094,1.2760000228881836,17.579999923706055,17.593297945716778,0.002454859995028258,0.010288132015969786,0.019938099888094696,0.08303952177979321,0.1383517382163299,0.11157235226173802,0.11529448717073137,-0.0045575564301858495
2021-07-27,411.3693542480469,1.2339999675750732,19.360000610351562,18.026112563088063,-0.0045575564301858495,0.002454859995028258,0.03776758225812005,0.09223786374397636,0.13947645650334745,0.11373341620530275,0.11481076864249641,-0.0004102449666911756
2021-07-28,411.2005920410156,1.2610000371932983,18.309999465942383,17.77579789409757,-0.0004102449666911756,-0.0045575564301858495,0.01844299855103415,0.08611692777604198,0.13954560330470386,0.11387374027728907,0.11481374546723021,0.00414740117443535
2021-07-29,412.906005859375,1.2690000534057617,17.700000762939453,17.67487725631444,0.00414740117443535,-0.0004102449666911756,0.00984912768723456,0.08751984787995201,0.13857241515927948,0.1142973009648887,0.11405126835382905,-0.00485635587132216
2021-07-30,410.9007873535156,1.2389999628067017,18.239999771118164,18.04890958047103,-0.00485635587132216,0.00414740117443535,0.011918407544351028,0.06432357888996948,0.13372969601706258,0.11534779319732957,0.11468518316135426,-0.0020979773546486724
2021-08-02,410.0387268066406,1.1740000247955322,19.459999084472656,17.889368375935547,-0.0020979773546486724,-0.00485635587132216,-0.0032505186068482184,0.0583466253556161,0.10127919218872748,0.11301588807485678,0.11390934059895322,0.008135366763199814
2021-08-03,413.3745422363281,1.1759999990463257,18.040000915527344,17.87688246453937,0.008135366763199814,-0.0020979773546486724,-0.007777443906188286,0.08198895671320199,0.08529942707967329,0.11583157928830157,0.11413089170417105,-0.0049189923972295935
2021-08-04,411.3411560058594,1.184000015258789,17.969999313354492,17.659944013931213,-0.0049189923972295935,0.008135366763199814,0.004874422383618127,0.09240470026860854,0.08568293600941293,0.11722406085713553,0.11257853055998497,0.006332895288291729
2021-08-05,413.9461364746094,1.2170000076293945,17.280000686645508,17.478295004716816,0.006332895288291729,-0.0049189923972295935,0.0003418379437296615,0.09949315468080291,0.08970753486189045,0.11421504142739247,0.11122669260591804,0.001652513342672135
2021-08-06,414.63018798828125,1.2899999618530273,16.149999618530273,17.66416770907893,0.001652513342672135,0.006332895288291729,0.002519049373160831,0.08732519566385517,0.07518961812620287,0.1087168737230796,0.10095778955478027,-0.0008133748232266313
2021-08-09,414.2929382324219,1.3170000314712524,16.719999313354492,17.53449723187252,-0.0008133748232266313,0.001652513342672135,0.0090761584050143,0.08411048311052063,0.07470615103356178,0.10835288311325889,0.09866784304386324,0.0012437800867162174
2021-08-10,414.8082275390625,1.3420000076293945,16.790000915527344,17.58457042565447,0.0012437800867162174,-0.0008133748232266313,0.010375145437877986,0.06487017399779058,0.06973937612411397,0.10732540547205878,0.09423297105290204,0.002484911461050787
2021-08-11,415.8389892578125,1.3289999961853027,16.170000076293945,17.600479456358908,0.002484911461050787,0.0012437800867162174,0.0034682476936731543,0.041588902760076686,0.06979871915271915,0.10746449401981965,0.09396888158870374,0.0029968710306282897
2021-08-12,417.085205078125,1.3669999837875366,15.59000015258789,17.476746450342112,0.0029968710306282897,0.002484911461050787,0.010934556842372212,0.02334476901322514,0.06863580860715321,0.10647179364222904,0.09179281312729018,0.001819851660724403
2021-08-13,417.84423828125,1.2970000505447388,15.449999809265137,17.491059073655048,0.001819851660724403,0.0029968710306282897,0.007583277936230148,0.023437841072722468,0.06032090910799772,0.10096904072843077,0.09141991258149107,0.002354819484776449
2021-08-16,418.82818603515625,1.2569999694824219,16.1200008392334,18.116055964331434,0.002354819484776449,0.001819851660724403,0.007751607061132759,0.010640141795317248,0.05652702939888817,0.08010596780638428,0.08935915592055561,-0.00655537292550179
2021-08-17,416.0826110839844,1.2580000162124634,17.90999984741211,18.34459744828495,-0.00655537292550179,0.002354819484776449,0.010946958985311062,0.06402300891587726,0.060765749830324386,0.0733515582535891,0.09070243818201552,-0.010945200651743647
2021-08-18,411.52850341796875,1.2730000019073486,21.56999969482422,18.308093075224747,-0.010945200651743647,-0.00655537292550179,0.0030722234042521723,0.1001701649084884,0.08056226018521097,0.08132903391214054,0.09208571163706347,0.0015484651574204644
2021-08-19,412.1657409667969,1.2419999837875366,21.670000076293945,18.346088665407283,0.0015484651574204644,-0.010945200651743647,-0.010365756822218852,0.09599927506418969,0.07338720581506653,0.08121397385222556,0.09187314589326907,0.007957146264132797
2021-08-20,415.4454040527344,1.2599999904632568,18.559999465942383,18.092297516901116,0.007957146264132797,0.0015484651574204644,-0.011794866016421435,0.11976240095802435,0.08437719854212009,0.07784529247585793,0.09297985131264608,0.008796608320603694
2021-08-23,419.09991455078125,1.2549999952316284,17.149999618530273,17.822352731761267,0.008796608320603694,0.007957146264132797,-0.005740977160252125,0.13878534042911275,0.09432112194407295,0.08314161994810897,0.09433071373414853,0.0015874095413217493
2021-08-24,419.76519775390625,1.2899999618530273,17.219999313354492,17.47250455602562,0.0015874095413217493,0.008796608320603694,0.0006487827817829306,0.12535107008036794,0.09434440016332545,0.08080062933791195,0.09432578295258245,0.002098311971923339
2021-08-25,420.64599609375,1.3420000076293945,16.790000915527344,17.517545621325862,0.002098311971923339,0.0015874095413217493,0.008850614209346519,0.05795995054990074,0.09421737077899241,0.08070104016573154,0.0942500142256221,-0.0059031925180182965
2021-08-26,418.162841796875,1.3420000076293945,18.84000015258789,17.873011330577484,-0.0059031925180182965,0.002098311971923339,0.022155191195884383,0.09398400816255775,0.09980213670812997,0.08358172489330803,0.09536079214164278,0.008941014540560843
2021-08-27,421.9016418457031,1.312000036239624,16.389999389648438,18.16236458782692,0.008941014540560843,-0.0059031925180182965,0.014550216658014925,0.0975079613167197,0.10887650702539199,0.08585299147007383,0.09617282885441755,0.004397581084470081
2021-08-30,423.7569885253906,1.284999966621399,16.190000534057617,17.694129839504058,0.004397581084470081,0.008941014540560843,0.015540520438996674,0.08560284832761082,0.11007091787478435,0.08550268520113659,0.09499953143976562,-0.001481743515562739
2021-08-31,423.12908935546875,1.3040000200271606,16.479999542236328,17.8981232535069,-0.001481743515562739,0.004397581084470081,0.011112085240105873,0.08971546976427389,0.10277650857168359,0.08260935526869685,0.09505525540457278,0.0005316227931813078
2021-09-01,423.3540344238281,1.3020000457763672,16.110000610351562,17.7016289371101,0.0005316227931813078,-0.001481743515562739,0.008013745826386032,0.08986799619571029,0.07586451938958788,0.07947868603267302,0.09504346747851676,0.0030765260535889905
2021-09-02,424.656494140625,1.2940000295639038,16.40999984741211,17.565038186558457,0.0030765260535889905,0.0005316227931813078,0.006437808407130596,0.06319490286101523,0.07551901420170158,0.07764588355848666,0.09495213488468128,-0.00024275709974685977
2021-09-03,424.55340576171875,1.3220000267028809,16.40999984741211,17.669279276361557,-0.00024275709974685977,0.0030765260535889905,0.015529003762855487,0.03843637755168275,0.07156321551872324,0.07781959319825246,0.09473878875760966,-0.00357546266951303
2021-09-07,423.0354309082031,1.3700000047683716,18.139999389648438,17.760416949580158,-0.00357546266951303,-0.00024275709974685977,0.006285265694665032,0.039057109804807186,0.06629089206476635,0.07936712873876295,0.0952351616282335,-0.0012184367002656682
2021-09-08,422.5199890136719,1.3339999914169312,17.959999084472656,17.84410521673254,-0.0012184367002656682,-0.00357546266951303,-0.0017027627548950042,0.038613709140101066,0.0670194824339327,0.07977029979985328,0.09532308334755835,-0.004280131613017879
2021-09-09,420.7115478515625,1.2990000247955322,18.799999237060547,17.875443110663046,-0.004280131613017879,-0.0012184367002656682,-0.0014395142218293078,0.046501618243255397,0.0707385670931862,0.08161824134477072,0.09576976269266763,-0.007884518909063165
2021-09-10,417.3944396972656,1.340999960899353,20.950000762939453,18.314744518160815,-0.007884518909063165,-0.004280131613017879,-0.006241789040375978,0.04738189917483891,0.07589844814449849,0.08637250076263076,0.09655915520256698,0.002559299317600683
2021-09-13,418.4626770019531,1.3240000009536743,19.3700008392334,18.2432106119433,0.002559299317600683,-0.007884518909063165,-0.017101008800196382,0.06139763027295813,0.05940977206527857,0.08661288340057371,0.09657450705997224,-0.005396587050130908
2021-09-14,416.20440673828125,1.2769999504089355,19.459999084472656,18.174743133217117,-0.005396587050130908,0.002559299317600683,-0.014346201625300536,0.06400341179226474,0.055584540987217,0.08827671998123084,0.09272900736701087,0.008352723741999135
2021-09-15,419.68084716796875,1.3040000200271606,18.18000030517578,18.18232457784883,0.008352723741999135,-0.005396587050130908,-0.01614764076677111,0.10562332375185507,0.0754807303463866,0.09010664109072028,0.08987485299829077,-0.0015852122097407273
2021-09-16,419.01556396484375,1.3309999704360962,18.690000534057617,18.169481036233663,-0.0015852122097407273,0.008352723741999135,-0.00671954444647882,0.1025695934936085,0.07517636617584011,0.07996765385835498,0.08958291234018502,-0.009741082169933302
2021-09-17,414.93389892578125,1.3700000047683716,20.809999465942383,18.589790415218253,-0.009741082169933302,-0.0015852122097407273,-0.00403122732280492,0.1111469296344826,0.08277428734229976,0.0883782848186725,0.09212696804633645,-0.016674224954352446
2021-09-20,408.01519775390625,1.309000015258789,25.709999084472656,18.930178492482135,-0.016674224954352446,-0.009741082169933302,-0.005895001316426285,0.1482542809238476,0.10844949564323819,0.10239378959582016,0.09819685100030746,-0.0009447381651930264
2021-09-21,407.6297302246094,1.3240000009536743,24.360000610351562,18.34300133565232,-0.0009447381651930264,-0.016674224954352446,-0.024966334686995495,0.15086658911102252,0.10949904880029335,0.09580787680901601,0.09801635962378902,0.009754880715742154
2021-09-22,411.6061096191406,1.3359999656677246,20.8700008392334,18.443909856881053,0.009754880715742154,-0.0009447381651930264,-0.020602080071352558,0.15831339428603727,0.12859978583481807,0.1032483344886826,0.09984623020303837,0.012150056767339379
2021-09-23,416.6071472167969,1.409999966621399,18.6299991607666,18.15144090983487,0.012150056767339379,0.009754880715742154,-0.01924018597302435,0.19613867133316973,0.1475806224346112,0.11291130294707499,0.10267439611778918,0.0016472323719876059
2021-09-24,417.29339599609375,1.4600000381469727,17.75,17.944172823592247,0.0016472323719876059,0.012150056767339379,-0.0057477978270251695,0.18054010715793345,0.14269981790937403,0.1112507457268631,0.10269353157500788,-0.002860931104361808
2021-09-27,416.09954833984375,1.4839999675750732,18.760000228881836,17.932449614566092,-0.002860931104361808,0.0016472323719876059,0.005686440843760909,0.10547519022209297,0.142584951446293,0.10633613900085537,0.10243902308676,-0.020151817965125884
2021-09-28,407.7143859863281,1.534000039100647,23.25,18.686395550617615,-0.020151817965125884,-0.002860931104361808,0.0198138467156157,0.203868093146138,0.17273776140042915,0.12490196818452907,0.10978154474670064,0.0016831605724108023
2021-09-29,408.400634765625,1.5410000085830688,22.559999465942383,18.226236414381166,0.0016831605724108023,-0.020151817965125884,0.0002076780848936366,0.18717516892212455,0.1645923077961727,0.12554552712863581,0.10975764293490967,-0.012222405546598591
2021-09-30,403.40899658203125,1.5290000438690186,23.139999389648438,18.760760757569727,-0.012222405546598591,0.0016831605724108023,-0.007787724182426903,0.1517721532880592,0.171156257782149,0.1305477888573795,0.11239212913207745,0.01188426636818507
2021-10-01,408.2032165527344,1.4789999723434448,21.100000381469727,18.677182480412064,0.01188426636818507,-0.012222405546598591,-0.031680086918666084,0.19665155296168363,0.18386707339949634,0.13890464311413755,0.11377568389865193,-0.012896079643522795
2021-10-04,402.9389953613281,1.4809999465942383,22.959999084472656,18.671984068838295,-0.012896079643522795,0.01188426636818507,-0.021783664756210186,0.20465900737849804,0.17598821526736086,0.1440245276476053,0.11476318101447014,0.01040496443936667
2021-10-05,407.1315612792969,1.5290000438690186,21.299999237060547,18.322874963726136,0.01040496443936667,-0.012896079643522795,-0.031628376024496196,0.18912753412439876,0.18541164006558072,0.1511055564433977,0.11655790821067821,0.004156095468014875
2021-10-06,408.8236389160156,1.5240000486373901,21.0,18.543183300683683,0.004156095468014875,0.01040496443936667,-0.0014294926229333482,0.19150278996657272,0.17913658842493332,0.152610217242018,0.11666407110565936,0.008645724169442426
2021-10-07,412.35821533203125,1.5709999799728394,19.540000915527344,18.098234692869248,0.008645724169442426,0.004156095468014875,0.0010357578181370286,0.16058111708410516,0.1728966323376017,0.15645088471965016,0.11795486038834778,-0.0018239134929930456
2021-10-08,411.6061096191406,1.6050000190734863,18.770000457763672,18.127079869901443,-0.0018239134929930456,0.008645724169442426,0.02218398406040567,0.14965783691192489,0.1723018796402113,0.15435613247165225,0.11779305712388685,-0.007239735669499869
2021-10-11,408.6261901855469,1.6139999628067017,20.0,17.993480648041455,-0.007239735669499869,-0.0018239134929930456,0.008336272053766747,0.11665866309936665,0.17478399420344673,0.15556580386286187,0.11762330155680782,-0.0024613395969772522
2021-10-12,407.62042236328125,1.5800000429153442,19.850000381469727,18.080739310621034,-0.0024613395969772522,-0.007239735669499869,0.014114282533312261,0.09833685603515623,0.14216789131529606,0.15484856407444875,0.11356416407046037,0.0035974648619971905
2021-10-13,409.0868225097656,1.5490000247955322,18.639999389648438,18.105613784991014,0.0035974648619971905,-0.0024613395969772522,0.001200744748081517,0.09701187080457896,0.14311915072867246,0.15193333018512803,0.11002152689664242,0.016820643288896875
2021-10-14,415.9679260253906,1.5190000534057617,16.860000610351562,18.067382962404324,0.016820643288896875,0.0035974648619971905,0.0006437582583234125,0.14675484668974864,0.1467242272985527,0.16486593009192793,0.11406248168566227,0.007615749957246454
2021-10-15,419.1358337402344,1.5759999752044678,16.299999237060547,18.009099988335798,0.007615749957246454,0.016820643288896875,0.008753822669575806,0.14745555582520153,0.14103010474357228,0.1632057213970837,0.11497438326969134,0.0029605563262569135
2021-10-18,420.376708984375,1.5839999914169312,16.309999465942383,17.946077769917494,0.0029605563262569135,0.007615749957246454,0.018293518840283962,0.1138854210328882,0.11132270635351157,0.15006820134118373,0.11327066175299864,0.007714899501295891
2021-10-19,423.619873046875,1.6349999904632568,15.699999809265137,17.6655900935281,0.007714899501295891,0.0029605563262569135,0.028756156803098065,0.08784134668484993,0.10793772156168957,0.1513125452248908,0.11419714589342651,0.003927693157986134
2021-10-20,425.2837219238281,1.6360000371932983,15.489999771118164,17.718928667235936,0.003927693157986134,0.007714899501295891,0.03925085644834225,0.08688587378577661,0.10793448056413173,0.1487273882091416,0.11393528494783647,0.002608480939274127
2021-10-21,426.39306640625,1.6759999990463257,15.010000228881836,17.536503824199382,0.002608480939274127,0.003927693157986134,0.03959281629922429,0.03987267760274627,0.10483084700318197,0.1435839682625764,0.11399117694476596,-0.0010362832993416893
2021-10-22,425.9512023925781,1.6549999713897705,15.430000305175781,17.89041914266595,-0.0010362832993416893,0.002608480939274127,0.02506236593881761,0.049733739839062284,0.10380732016057184,0.14378906145029058,0.11380290999951437,0.005362610064832962
2021-10-25,428.23541259765625,1.6349999904632568,15.239999771118164,17.626928411935253,0.005362610064832962,-0.0010362832993416893,0.016260524879310845,0.051779939788752435,0.08505025612333232,0.14377304872194951,0.11365865142962357,0.0009000587069170063
2021-10-26,428.620849609375,1.61899995803833,15.979999542236328,17.842202439528087,0.0009000587069170063,0.005362610064832962,0.018694431554659108,0.03984545768496422,0.07853765234860642,0.11906436729808442,0.11350779403830433,-0.004430173538744753
2021-10-27,426.72198486328125,1.5290000438690186,16.979999542236328,18.09824159534749,-0.004430173538744753,0.0009000587069170063,0.011805339835760265,0.05873235348549345,0.09189039869813971,0.12159181613781106,0.11294222254274237,0.009648907881711466
2021-10-28,430.8393859863281,1.5679999589920044,16.530000686645508,17.755885832239947,0.009648907881711466,-0.004430173538744753,0.003381890407060384,0.08750775873014467,0.06847737503512755,0.1114910817479143,0.11386883786783433,0.0020291484227827894
2021-10-29,431.713623046875,1.5570000410079956,16.260000228881836,18.06632312722144,0.0020291484227827894,0.009648907881711466,0.010427748315780194,0.08321104343659806,0.0647808605658284,0.1068392723800921,0.11331549698853341,0.0017202973026619883
2021-11-01,432.456298828125,1.5750000476837158,16.40999984741211,17.695704366354033,0.0017202973026619883,0.0020291484227827894,0.013528358699140153,0.07982305143176564,0.06508365053802209,0.08950426447307018,0.11331794986690505,0.00404298212484222
2021-11-02,434.2047119140625,1.5490000247955322,16.030000686645508,17.705459739280244,0.00404298212484222,0.0017202973026619883,0.00985646237163107,0.08027713796111162,0.05978443175638181,0.08582063137338476,0.1134729599047485,0.0061052767707663325
2021-11-03,436.85565185546875,1.5789999961853027,15.100000381469727,17.77651039585253,0.0061052767707663325,0.00404298212484222,0.013027509767143508,0.05199343992851283,0.06221360257730032,0.08637431417801981,0.11398894397382835,0.004712506966524144
2021-11-04,438.9143371582031,1.5240000486373901,15.4399995803833,17.782913415417458,0.004712506966524144,0.0061052767707663325,0.0237477030751867,0.029310616142455354,0.06302286363115286,0.08426984045095243,0.11421335851073719,0.0034696010977348646
2021-11-05,440.43719482421875,1.4529999494552612,16.479999542236328,18.011066053222525,0.0034696010977348646,0.004712506966524144,0.01874236997480838,0.02562093186691128,0.05906674292173476,0.08220476880709147,0.11425406986508933,0.0008537132751200716
2021-11-08,440.8132019042969,1.496999979019165,17.219999313354492,17.735604922161862,0.0008537132751200716,0.0034696010977348646,0.02020684850243093,0.030729580696478853,0.05911484698975427,0.07278729757410822,0.11423922663383804,-0.003305256571553894
2021-11-09,439.356201171875,1.4320000410079956,17.780000686645508,17.75025547444988,-0.003305256571553894,0.0008537132751200716,0.019324271836986817,0.05894787290546463,0.06642614373120356,0.07380591420044891,0.11452367780461614,-0.008045107726537437
2021-11-10,435.821533203125,1.559999942779541,18.729999542236328,18.05582530222443,-0.008045107726537437,-0.003305256571553894,0.011864194736864286,0.08307682869540113,0.07836811494774669,0.08489563453973414,0.1149734571065228,0.0003237868496603902
2021-11-11,435.962646484375,1.559999942779541,17.65999984741211,17.366520681333242,0.0003237868496603902,-0.008045107726537437,-0.0023671861585206067,0.070785678480279,0.06635456308031414,0.06832879780314147,0.11234655329570603,0.007546747695445388
2021-11-12,439.25274658203125,1.5820000171661377,16.290000915527344,17.79456960687301,0.007546747695445388,0.0003237868496603902,-0.006724981218292236,0.09121153189766966,0.07368299947073906,0.06825879227921974,0.11314441864304325,0.0003423783372333844
2021-11-15,439.40313720703125,1.6230000257492065,16.489999771118164,17.66524320125057,0.0003423783372333844,0.007546747695445388,-0.002689255712520433,0.0907958088419334,0.0740185139513477,0.0685828981795648,0.11224199861191768,0.003957741859803132
2021-11-16,441.1421813964844,1.6339999437332153,16.3700008392334,17.704418476354057,0.003957741859803132,0.0003423783372333844,-0.00319878055188505,0.09193482210817683,0.07394108669419931,0.06583537849359128,0.11123244836490839,-0.0024292049163537888
2021-11-17,440.070556640625,1.6039999723434448,17.110000610351562,17.68375514044121,-0.0024292049163537888,0.003957741859803132,0.004064993779183457,0.06135915693687512,0.0717476796893583,0.06726518764359296,0.11142757864240946,0.003396408601470391
2021-11-18,441.5652160644531,1.5889999866485596,17.59000015258789,17.739967954925447,0.003396408601470391,-0.0024292049163537888,0.00974945732091581,0.0600986341656961,0.06999140938991293,0.067461253132686,0.11152330358319935,-0.001788211090184677
2021-11-19,440.7756042480469,1.5360000133514404,17.90999984741211,17.864083413387462,-0.001788211090184677,0.003396408601470391,0.012851031218517273,0.046277951424853,0.06894770138189542,0.06792558577067387,0.11077796923302946,-0.002815070065189218
2021-11-22,439.5347900390625,1.625,19.170000076293945,18.10270441261042,-0.002815070065189218,-0.001788211090184677,0.003466928045107176,0.052770487199448365,0.07025030094076064,0.06831170399436895,0.10974933822963968,0.001326003584333879
2021-11-23,440.11761474609375,1.6670000553131104,19.3799991607666,18.108794786463445,0.001326003584333879,-0.002815070065189218,0.0002996174148142128,0.04292722262076698,0.06849391350491138,0.06829438078433976,0.10948829028161769,0.0026697131712090094
2021-11-24,441.2926025390625,1.6449999809265137,18.579999923706055,17.940364942556794,0.0026697131712090094,0.001326003584333879,-0.002322531586408827,0.04346545866793852,0.051461857307667024,0.06491412995405203,0.10947280560812493,-0.02230303211363327
2021-11-26,431.450439453125,1.4819999933242798,28.6200008392334,18.539970208818733,-0.02230303211363327,0.0026697131712090094,0.002776931744232769,0.16119742558743916,0.12933478157086975,0.10163765612823424,0.11921336911564064,0.012266434135855153
2021-11-29,436.7427978515625,1.5299999713897705,22.959999084472656,18.27297857272968,0.012266434135855153,-0.02230303211363327,-0.02290664265061071,0.20220773189301708,0.13982240259575174,0.11035020297436636,0.12157746388682977,-0.01945750415688763
2021-11-30,428.244873046875,1.4429999589920044,27.190000534057617,18.816496789221596,-0.01945750415688763,0.012266434135855153,-0.00914934120132227,0.23882262459922898,0.1686825060429447,0.13114972316675844,0.12826976839625745,-0.011107248711725859
2021-12-01,423.4882507324219,1.434000015258789,31.1200008392334,18.69785177595773,-0.011107248711725859,-0.01945750415688763,-0.025686060007181988,0.23401060391971892,0.16944058646892055,0.1352185958148081,0.13012605760499238,0.015316429945298138
2021-12-02,429.9745788574219,1.4479999542236328,27.950000762939453,18.664707131084263,0.015316429945298138,-0.011107248711725859,-0.037783909247225744,0.2813623487242048,0.1955269529419177,0.14540117282550205,0.13379751290491368,-0.008701430798329524
2021-12-03,426.2331848144531,1.343000054359436,30.670000076293945,18.73790900448846,-0.008701430798329524,0.015316429945298138,-0.02564743577508477,0.24276046469687063,0.1951767053988503,0.14650513076877197,0.13475111748813717,0.011843292193657096
2021-12-06,431.28118896484375,1.434000015258789,27.18000030517578,18.41040311964454,0.011843292193657096,-0.008701430798329524,-0.012092361396791929,0.2411702514870758,0.20988634139632129,0.15308254543603933,0.13572439616527118,0.02068478686508035
2021-12-07,440.2021484375,1.4800000190734863,21.889999389648438,18.374476593664856,0.02068478686508035,0.011843292193657096,-0.012505321011784587,0.2306726765538354,0.23879454334923006,0.17136948811738714,0.14179969751703392,0.002648055980140507
2021-12-08,441.3678283691406,1.5089999437332153,19.899999618530273,18.09548786948233,0.002648055980140507,0.02068478686508035,0.027921584455994575,0.18378545195343401,0.23905284708318375,0.1711557865574786,0.1412351712720357,-0.0067514864575117794
2021-12-09,438.387939453125,1.4869999885559082,21.579999923706055,17.930843335245225,-0.0067514864575117794,0.002648055980140507,0.04221977258116616,0.19741796431440584,0.2412013810213347,0.1703807033215153,0.1412769011303173,0.009413372524625041
2021-12-10,442.5146484375,1.4889999628067017,18.690000534057617,18.16138916694197,0.009413372524625041,-0.0067514864575117794,0.019567111660554692,0.16324273698128916,0.21190220223870093,0.17339164206545246,0.14228954578995576,-0.008858356229379805
2021-12-13,438.5946960449219,1.4240000247955322,20.309999465942383,18.28971407104929,-0.008858356229379805,0.009413372524625041,0.03819848900346523,0.19260007635496212,0.21149760464755007,0.1747025223323021,0.142017516163262,-0.006880245446121758
2021-12-14,435.5770568847656,1.437999963760376,21.889999389648438,18.392940527381025,-0.006880245446121758,-0.008858356229379805,0.016957630583499084,0.12430439504368528,0.1861688874273054,0.17637842018143693,0.13818883502472898,0.015625178440199283
2021-12-15,442.3830261230469,1.4630000591278076,19.290000915527344,18.576823446954787,0.015625178440199283,-0.006880245446121758,-0.010506744615288999,0.17798744166881067,0.1827670544686043,0.18484211593821812,0.14126575949567222,-0.008818428412734614
2021-12-16,438.4819030761719,1.4220000505447388,20.56999969482422,18.573990507451434,-0.008818428412734614,0.015625178440199283,0.002300117246101463,0.1838094492277594,0.18268649105131682,0.1874230538847028,0.1417034049440249,-0.010642826942182992
2021-12-17,433.8152160644531,1.4019999504089355,21.56999969482422,18.72456781085533,-0.010642826942182992,-0.008818428412734614,0.00021433897831246718,0.1746836663633551,0.1861048072883818,0.1905343624165683,0.14180671550949583,-0.010633434203827674
2021-12-20,429.2022705078125,1.4190000295639038,22.8700008392334,18.48959842194569,-0.010633434203827674,-0.010642826942182992,-0.019659083385745957,0.17826618667324423,0.1864344629956659,0.19369338837447606,0.1436825524164319,0.017759046081867957
2021-12-21,436.8244934082031,1.4869999885559082,21.010000228881836,18.061234835864614,0.017759046081867957,-0.010633434203827674,-0.021414817875835324,0.23296483634356543,0.1775259448152486,0.20494215724820689,0.14777272970699112,0.009998697067493678
2021-12-22,441.1921691894531,1.4570000171661377,18.6299991607666,17.891185268058077,0.009998697067493678,0.017759046081867957,0.002863871050415634,0.21273762055061302,0.18509719740612596,0.20810331485707087,0.14228437695623528,0.006221975052197903
2021-12-23,443.937255859375,1.4930000305175781,17.959999084472656,17.84868338727362,0.006221975052197903,0.009998697067493678,-0.0026919137111344194,0.2020705069491024,0.18325388637994292,0.20904154172324246,0.14263263173227084,0.014152258592462275
2021-12-27,450.219970703125,1.4809999465942383,17.68000030517578,17.85519829828395,0.014152258592462275,0.006221975052197903,0.01244145481245873,0.17501579072030687,0.1905153613215387,0.19623313526798536,0.14208970871636986,-0.0008172003594163479
2021-12-28,449.85205078125,1.4809999465942383,17.540000915527344,17.67148373249433,-0.0008172003594163479,0.014152258592462275,0.03781507432472031,0.11427640786196892,0.1820149989967343,0.19280049441298286,0.14064350286741,0.0012791070631945622
2021-12-29,450.4274597167969,1.5429999828338623,16.950000762939453,17.813766322337678,0.0012791070631945622,-0.0008172003594163479,0.0481120014789429,0.0975733026148113,0.17457663021040046,0.17616681638176518,0.13733913758163294,-0.0027644367495692768
2021-12-30,449.1822814941406,1.5149999856948853,17.329999923706055,17.828807759406757,-0.0027644367495692768,0.0012791070631945622,0.03114057593808517,0.10755730148092144,0.16254900138986994,0.1699448131668287,0.13650328970897732,-0.002520245359592721
2021-12-31,448.05023193359375,1.5119999647140503,17.219999313354492,17.99354349740056,-0.002520245359592721,-0.0027644367495692768,0.01811027679699473,0.11201831894986053,0.15413170539352328,0.1645121244654174,0.1366707972569335,0.005789925015546649
2022-01-03,450.6444091796875,1.628000020980835,16.600000381469727,18.10141444654124,0.005789925015546649,-0.002520245359592721,0.009264768883289198,0.05591897330607847,0.13689424534183378,0.15985483603718031,0.13616319169142033,-0.0003348070078682541
2022-01-04,450.4935302734375,1.6679999828338623,16.90999984741211,18.080704188371506,-0.0003348070078682541,0.005789925015546649,0.0009427357829099314,0.05547280538079802,0.11428839402969825,0.15656517741208414,0.13604127880690808,-0.019202166243998398
2022-01-05,441.84307861328125,1.7050000429153442,19.729999542236328,18.465069818471388,-0.019202166243998398,-0.0003348070078682541,0.0014259788103077042,0.1471950658130784,0.14430367153070234,0.15820906869032678,0.14144121357456008,-0.0009392668234713408
2022-01-06,441.4280700683594,1.7330000400543213,19.610000610351562,18.27979553244658,-0.0009392668234713408,-0.019202166243998398,-0.019058298774486393,0.14857284919122246,0.13578277891977653,0.15799513698729012,0.14130070575587034,-0.003953620932040436
2022-01-07,439.6828308105469,1.7710000276565552,18.760000228881836,18.259473906226756,-0.003953620932040436,-0.0009392668234713408,-0.017262950355005025,0.14836135638081033,0.13247660225363458,0.15670362449257022,0.141638796876849,-0.0012444883844395793
2022-01-10,439.1356506347656,1.7799999713897705,19.399999618530273,18.59767145868939,-0.0012444883844395793,-0.003953620932040436,-0.01867514070227516,0.1267634204674366,0.10256151324799666,0.1529076153557888,0.13794249144785267,0.009108177247771465
2022-01-11,443.1353759765625,1.746000051498413,18.40999984741211,18.123663245021632,0.009108177247771465,-0.0012444883844395793,-0.025538447411056042,0.16209355944642356,0.11798498128749474,0.15293085567698003,0.13828442611980013,0.0027037338523179244
2022-01-12,444.33349609375,1.725000023841858,17.6200008392334,18.029198434271347,0.0027037338523179244,0.009108177247771465,-0.01633354044487345,0.08011952821954159,0.1191283963490273,0.15051208424746793,0.13826960345757977,-0.013778647135423872
2022-01-13,438.211181640625,1.7109999656677246,20.309999465942383,18.328270466364238,-0.013778647135423872,0.0027037338523179244,0.005636429766615159,0.13447335211603614,0.13464726099052018,0.14889694758092814,0.140779272933014,0.00040893346919879114
2022-01-14,438.390380859375,1.7719999551773071,19.190000534057617,18.378721655268848,0.00040893346919879114,-0.013778647135423872,-0.007287457789524332,0.13287863875302253,0.13539745608452763,0.14556905026993916,0.14060895920994917,-0.017709494126629588
2022-01-18,430.626708984375,1.8650000095367432,22.790000915527344,18.51334288442959,-0.017709494126629588,0.00040893346919879114,-0.0029395051628221536,0.18093942246719016,0.14767329769066778,0.154337704697084,0.14541840879259613,-0.010383624543398584
2022-01-19,426.1552429199219,1.8270000219345093,23.850000381469727,18.510133813416605,-0.010383624543398584,-0.017709494126629588,-0.01937656766899032,0.14161289325461507,0.14836258258382054,0.1541187732804866,0.147012493473063,-0.01106797319298447
2022-01-20,421.4385681152344,1.8329999446868896,25.59000015258789,18.622639072786008,-0.01106797319298447,-0.010383624543398584,-0.03831816184663783,0.10709914971269961,0.13204863605447492,0.14284683584019028,0.1483269814481737,-0.01963069578851795
2022-01-21,413.1654357910156,1.746999979019165,28.850000381469727,19.125119934119798,-0.01963069578851795,-0.01106797319298447,-0.05152645069478401,0.12493696134705526,0.14939733545133393,0.1490996010362588,0.15353881519427864,0.004246818634563887
2022-01-24,414.9200744628906,1.7350000143051147,29.899999618530273,19.344081741867324,0.004246818634563887,-0.01963069578851795,-0.05715451111000924,0.1489826639975379,0.15877249500058369,0.14759541727919437,0.15363577841161882,-0.0122090884732321
2022-01-25,409.8542785644531,1.7829999923706055,31.15999984741211,18.93945847176229,-0.0122090884732321,0.004246818634563887,-0.053537457529236,0.13786792506211895,0.15962840001998452,0.13532767784832272,0.15404646233753402,-0.0025088411445778336
2022-01-26,408.8260192871094,1.8480000495910645,31.959999084472656,19.0433577176598,-0.0025088411445778336,-0.0122090884732321,-0.04823767310883542,0.14684256248270627,0.1360613610254229,0.1348243493978601,0.15397303067047524,-0.004937889707922527
2022-01-27,406.8072814941406,1.8070000410079956,30.489999771118164,18.825334196090257,-0.004937889707922527,-0.0025088411445778336,-0.040664109900599765,0.14583448661502826,0.12412420374391617,0.13293874379495454,0.15410082065661126,0.0248353726907522
2022-01-28,416.9104919433594,1.781999945640564,27.65999984741211,18.918162134147323,0.0248353726907522,-0.004937889707922527,-0.03471748370474981,0.22404982393588432,0.20523757745088725,0.17012176756458164,0.16264557473415492,0.018011139916683128
2022-01-31,424.4195251464844,1.781999945640564,24.829999923706055,18.841043666482385,0.018011139916683128,0.0248353726907522,0.009064301676575903,0.25267087285485423,0.2348600086832045,0.1867538750246243,0.16653374082651295,0.006756772789466625
2022-02-01,427.2872314453125,1.7999999523162842,21.959999084472656,18.62895753865398,0.006756772789466625,0.018011139916683128,0.02289465192999085,0.20423479746586604,0.2242226808580539,0.18736324422630107,0.16685560120640913,0.009714064674344103
2022-02-02,431.43792724609375,1.7660000324249268,22.09000015258789,18.580765221074145,0.009714064674344103,0.006756772789466625,0.042534514808335366,0.1799800186883013,0.22258320436321308,0.19229890665266047,0.1679601377528277,-0.023504816104961024
2022-02-03,421.29705810546875,1.8270000219345093,24.350000381469727,18.586401949187813,-0.023504816104961024,0.009714064674344103,0.05530936606826997,0.29455477562039223,0.2491375847017637,0.19790227624612555,0.17454184158187414,0.004702260663516089
2022-02-04,423.2781066894531,1.9299999475479126,23.219999313354492,18.59003864279653,0.004702260663516089,-0.023504816104961024,0.03561828234270892,0.24971930103072035,0.2239090955467906,0.1994256392545952,0.17480162312062808,-0.00320930597073088
2022-02-07,421.919677734375,1.9160000085830688,22.860000610351562,18.251941342667877,-0.00320930597073088,0.004702260663516089,0.015273337728710423,0.21279594565749607,0.2254136024683224,0.1993475109893825,0.1741972518003762,0.008227716624917614
2022-02-08,425.39111328125,1.9539999961853027,21.440000534057617,18.21010786215586,0.008227716624917614,-0.00320930597073088,-0.005890038662209496,0.21644595219814775,0.21294045464490718,0.20262272436935472,0.17510396058943384,0.014636189008047529
2022-02-09,431.6172180175781,1.9290000200271606,19.959999084472656,18.34369063319372,0.014636189008047529,0.008227716624917614,-0.004437572725140448,0.23366491465203956,0.21606867264669094,0.20736012845115914,0.17706120983386767,-0.017965552854852906
2022-02-10,423.86297607421875,2.0309998989105225,23.90999984741211,18.757893427803427,-0.017965552854852906,0.014636189008047529,0.0004155656240720784,0.1990519563861421,0.2420629221811147,0.21499239606894105,0.1807449975515915,-0.019718856643556548
2022-02-11,415.5048828125,1.9550000429153442,27.360000610351562,18.847350117517873,-0.019718856643556548,-0.017965552854852906,0.0060905195500027265,0.24319525632414435,0.23913030342765543,0.22018182678094111,0.1847005318142444,-0.0032691984525603512
2022-02-14,414.1465148925781,1.996000051498413,28.329999923706055,18.627746139666876,-0.0032691984525603512,-0.019718856643556548,-0.018364341916356497,0.24318947375073424,0.21645147406189175,0.21990976729065592,0.18473765742622641,0.016126813302106413
2022-02-15,420.82537841796875,2.0450000762939453,25.700000762939453,18.298317621945063,0.016126813302106413,-0.0032691984525603512,-0.01842332380309264,0.27216848395651994,0.23205414801856664,0.22216747289227295,0.1878317342413183,0.0011208442068613156
2022-02-16,421.29705810546875,2.046999931335449,24.290000915527344,18.25655583143629,0.0011208442068613156,0.016126813302106413,-0.01073302831378753,0.23427918458446734,0.22438610356121225,0.2194993098838603,0.18785651655872543,-0.02136158461294846
2022-02-17,412.2974853515625,1.972000002861023,28.110000610351562,18.44302035626123,-0.02136158461294846,0.0011208442068613156,-0.023910445369881184,0.2472381563901696,0.218902038130878,0.22892243756849312,0.19254186572584564,-0.006474902895331258
2022-02-18,409.6278991699219,1.9320000410079956,27.75,18.703171120342486,-0.006474902895331258,-0.02136158461294846,-0.027285918741416837,0.21472446553060404,0.2163948782341686,0.21927950097299748,0.1928040690019714,-0.010731606868282006
2022-02-22,405.23193359375,1.9479999542236328,28.809999465942383,18.638946827737172,-0.010731606868282006,-0.006474902895331258,-0.014144198746348202,0.22221862292286357,0.2196846160445995,0.22155870772031516,0.19363237694632782,-0.01773856358783732
2022-02-23,398.043701171875,1.9769999980926514,31.020000457763672,18.702681716974908,-0.01773856358783732,-0.010731606868282006,-0.021525187290638903,0.14203630475938958,0.21807723267557827,0.22606350257788901,0.1917390951155595,0.015048881032540207
2022-02-24,404.0338134765625,1.968999981880188,30.31999969482422,19.181219719626924,0.015048881032540207,-0.01773856358783732,-0.054135701919257206,0.2264683238193,0.2192061005698176,0.23335806394255962,0.19266071869098433,0.022064024146145833
2022-02-25,412.94842529296875,1.9859999418258667,27.59000015258789,18.617927866580278,0.022064024146145833,0.015048881032540207,-0.04097641864991264,0.2731267176516131,0.2504416175509715,0.2458747845813584,0.19465834569749707,-0.0025584758046672817
2022-02-28,411.89190673828125,1.8389999866485596,30.149999618530273,18.796476717265907,-0.0025584758046672817,0.022064024146145833,0.0015788113304915363,0.2682575968659071,0.23149198380608105,0.22910778547230642,0.19345941475987158,-0.015230193302538053
2022-03-01,405.61871337890625,1.7070000171661377,33.31999969482422,18.7412115963601,-0.015230193302538053,-0.0025584758046672817,0.0055269857667097355,0.28240882618599433,0.24261666839214477,0.22379714087194474,0.19299533727330098,0.018396149545485185
2022-03-02,413.0805358886719,1.8650000095367432,30.739999771118164,18.5838747040657,0.018396149545485185,-0.015230193302538053,0.0009544652163173684,0.25170575173652865,0.24757395050988373,0.23355460355159177,0.19627792203091773,-0.004978345239886828
2022-03-03,411.0240783691406,1.843999981880188,30.479999542236328,18.474237633973168,-0.004978345239886828,0.018396149545485185,0.037776843780034985,0.2542299349488831,0.24748926146057756,0.22992068271715121,0.1948009126434053,-0.008124847745881736
2022-03-04,407.6845703125,1.7239999771118164,31.979999542236328,18.55151776877578,-0.008124847745881736,-0.004978345239886828,0.017301187819973363,0.20024724431094415,0.22710916201601505,0.21725904672693802,0.19016771830370263,-0.029479209833544573
2022-03-07,395.6663513183594,1.7510000467300415,36.45000076293945,18.74201469416389,-0.029479209833544573,-0.008124847745881736,-0.012747003398146606,0.27717576469311617,0.268188592244325,0.2371756027716774,0.19859675441996094,-0.007581683113906168
2022-03-08,392.6665344238281,1.871999979019165,35.130001068115234,18.920077512446444,-0.007581683113906168,-0.029479209833544573,-0.039392751240027835,0.2696191539960539,0.26621440951499725,0.2376702622538638,0.19869344333913114,0.026811048537965343
2022-03-09,403.1943359375,1.9479999542236328,32.45000076293945,18.577605865739383,0.026811048537965343,-0.007581683113906168,-0.03193190680770919,0.3201638988576678,0.2901030272767862,0.2580882422937021,0.2059379461680688,-0.004515559944873848
2022-03-10,401.3736877441406,2.010999917984009,30.229999542236328,18.35851488316209,-0.004515559944873848,0.026811048537965343,-0.023932863188296682,0.32015273203735717,0.2808770512736641,0.24999967682758362,0.20546397459278556,-0.012715274608159133
2022-03-11,396.2701110839844,2.003999948501587,30.75,18.376063023520377,-0.012715274608159133,-0.004515559944873848,-0.023478893653361532,0.32497884101285024,0.25571239576826515,0.24664479978855827,0.20647488329768635,-0.0073081365784265495
2022-03-14,393.3741149902344,2.140000104904175,31.770000457763672,18.377033940496812,-0.0073081365784265495,-0.012715274608159133,-0.02799826154756402,0.25176904544375184,0.2560752487665871,0.23948108171643387,0.2036848190810284,0.02199047127935483
2022-03-15,402.02459716796875,2.1600000858306885,29.829999923706055,18.481014509356527,0.02199047127935483,-0.0073081365784265495,-0.005793356752443746,0.28839182300845834,0.27939828035934566,0.2548705190448846,0.20891737281740064,0.02217399086745231
2022-03-16,410.9390869140625,2.187999963760376,26.670000076293945,18.791932534549552,0.02217399086745231,0.02199047127935483,0.023832086321978085,0.26725242811515665,0.28718236719512336,0.26119937407942456,0.21346546581410702,0.012511016919195539
2022-03-17,416.0803527832031,2.191999912261963,25.670000076293945,18.447097732366448,0.012511016919195539,0.02217399086745231,0.019208481583836035,0.26062786341752237,0.2926962540795831,0.265553383901159,0.21418646324316523,0.010952741287832302
2022-03-18,420.6375732421875,2.1480000019073486,23.8700008392334,18.482203795001542,0.010952741287832302,0.012511016919195539,0.03664082995006246,0.19073555518825605,0.29101953727802216,0.25648612419121014,0.21216263769834887,-0.0002923070360022484
2022-03-21,420.5146179199219,2.315000057220459,23.530000686645508,18.296814504322235,-0.0002923070360022484,0.010952741287832302,0.06149205170066119,0.14743119254146886,0.22936729284889046,0.2549907264939917,0.21102420671476327,0.011701360789925674
2022-03-22,425.4352111816406,2.372999906539917,22.940000534057617,18.128326453669807,0.011701360789925674,-0.0002923070360022484,0.06899412517359282,0.12657710392999832,0.217012946804204,0.25322190914137466,0.21208939830267304,-0.012878298955838585
2022-03-23,419.9563293457031,2.321000099182129,23.56999969482422,18.190337600157864,-0.012878298955838585,0.011701360789925674,0.05823179521498467,0.17436581359998318,0.21277286225928102,0.24860099371740355,0.21128016187229354,0.015074199217229856
2022-03-24,426.2868347167969,2.3410000801086426,21.670000076293945,17.985841936919982,0.015074199217229856,-0.012878298955838585,0.02194301471625737,0.18263202455688196,0.213127885266428,0.2486175555038595,0.2138563847433384,0.004883607602698348
2022-03-25,428.36865234375,2.492000102996826,20.809999465942383,18.160630712580556,0.004883607602698348,0.015074199217229856,0.024530074216005504,0.17490322031257277,0.1861843875045622,0.23822431384163334,0.2141339768354719,0.007112954078370093
2022-03-28,431.4156188964844,2.4769999980926514,19.6299991607666,18.042779259720056,0.007112954078370093,0.004883607602698348,0.01837943063900105,0.1721395573504543,0.16625001123902033,0.23827483772335287,0.21469258984089737,0.012370843483385352
2022-03-29,436.7525939941406,2.4000000953674316,18.899999618530273,18.27659673639517,0.012370843483385352,0.007112954078370093,0.02592300127516234,0.17379536607591511,0.1521414944879132,0.23118681488046694,0.21628162270808324,-0.006174750684920793
2022-03-30,434.0557556152344,2.3580000400543213,19.329999923706055,18.193364762645942,-0.006174750684920793,0.012370843483385352,0.026601894989053854,0.13078509450381834,0.14652825527168534,0.22703376657108285,0.21622453411317474,-0.015391398481024443
2022-03-31,427.3750305175781,2.3269999027252197,20.559999465942383,18.617068744481664,-0.015391398481024443,-0.006174750684920793,0.03357355344899382,0.1776482254284902,0.17371164752645687,0.23451529151543582,0.21835661615337698,0.0028342875096623033
2022-04-01,428.5863342285156,2.377000093460083,19.6299991607666,18.304695103263427,0.0028342875096623033,-0.015391398481024443,0.002552731429072086,0.1750834228041509,0.16763352241525278,0.2314110539318334,0.21506318364057084,0.008566413487063551
2022-04-04,432.2577819824219,2.4119999408721924,18.56999969482422,17.903182927196553,0.008566413487063551,0.0028342875096623033,0.0005081648331981548,0.17898539891624538,0.17023251062965772,0.19852076142997627,0.21584554118546195,-0.012631190570778217
2022-04-05,426.7978515625,2.555999994277954,21.030000686645508,18.122470120310254,-0.012631190570778217,0.008566413487063551,0.0019520922494453696,0.16111822875243925,0.17827975352179545,0.20334916080410634,0.217208273989521,-0.009999419390858022
2022-04-06,422.5301208496094,2.6089999675750732,22.100000381469727,18.487385676101066,-0.009999419390858022,-0.012631190570778217,-0.022792634934583056,0.1657553168374453,0.1727877241371215,0.1907828024787896,0.2180922972230032,0.005038977739068029
2022-04-07,424.65924072265625,2.6519999504089355,21.549999237060547,18.17346477549932,0.005038977739068029,-0.009999419390858022,-0.026553350846110657,0.15032198399468083,0.1558703240029698,0.18918834700769593,0.21748123853018683,-0.002673904010525474
2022-04-08,423.52374267578125,2.7130000591278076,21.15999984741211,18.18840437765281,-0.002673904010525474,0.005038977739068029,-0.006354582277848242,0.14594319440131118,0.15337724409021827,0.18139950459640575,0.2174097234178705,-0.017092272344784498
2022-04-11,416.2847595214844,2.7799999713897705,24.3700008392334,18.312766982646338,-0.017092272344784498,-0.002673904010525474,-0.011812302792732265,0.1386411357732645,0.1648139615143095,0.19206595279393188,0.21836463830584063,-0.0037052760541723684
2022-04-12,414.7423095703125,2.7249999046325684,24.260000228881836,18.25064659877098,-0.0037052760541723684,-0.017092272344784498,-0.03695253880145777,0.13203778110034944,0.13919310762023995,0.17944097181016613,0.21843316920907216,0.01145355694027117
2022-04-13,419.4925842285156,2.687000036239624,21.81999969482422,18.120526563772575,0.01145355694027117,-0.0037052760541723684,-0.028246491747913827,0.17020900431540986,0.16176336365132873,0.1667389479260853,0.21697975415030488,-0.012451682981431622
2022-04-14,414.2691955566406,2.828000068664551,22.700000762939453,18.39914552678882,-0.012451682981431622,0.01145355694027117,-0.007188923277199666,0.17380609461024796,0.15621942366824512,0.16758926172985356,0.21742935838956481,0.00041127759558112764
2022-04-18,414.4395751953125,2.861999988555908,22.170000076293945,18.005203193212136,0.00041127759558112764,-0.012451682981431622,-0.024466782233054762,0.17762678479925928,0.15411634744449113,0.16241142239230932,0.21628875655210067,0.01614243396859405
2022-04-19,421.129638671875,2.9130001068115234,21.3700008392334,18.16992188845517,0.01614243396859405,0.00041127759558112764,-0.021449015875888988,0.1831801970577676,0.1738855486645471,0.173075279476534,0.21497474128129374,-0.0007415445228172723
2022-04-20,420.8173522949219,2.8399999141693115,20.31999969482422,17.99334420534965,-0.0007415445228172723,0.01614243396859405,0.011638377431736346,0.17812627207916923,0.16458064299380745,0.16759005722210987,0.21483734919920114,-0.014953504311264187
2022-04-21,414.524658203125,2.9170000553131104,22.68000030517578,18.26305922606267,-0.014953504311264187,-0.0007415445228172723,0.014647752554841409,0.19652828085704246,0.1734981228995451,0.16977188679892044,0.21559353708842555,-0.02743915547092779
2022-04-22,403.15045166015625,2.9059998989105225,28.209999084472656,18.70188035809909,-0.02743915547092779,-0.014953504311264187,-0.01184270285618294,0.26283066021014007,0.21009689511984767,0.18418346650207448,0.22290082916154347,0.005797538521444379
2022-04-25,405.48773193359375,2.8259999752044678,27.020000457763672,18.600062157758796,0.005797538521444379,-0.02743915547092779,-0.026839417498915052,0.2728170503120295,0.21703112469498398,0.18471182377809758,0.2229987979424182,-0.028960740789019557
2022-04-26,393.7445068359375,2.7720000743865967,33.52000045776367,18.45986588916542,-0.028960740789019557,0.005797538521444379,-0.02159987558499943,0.2472465644453179,0.24327429513555934,0.2028487912398916,0.22469997502972888,0.002811919189100731
2022-04-27,394.8516845703125,2.818000078201294,31.600000381469727,18.619777482302727,0.002811919189100731,-0.028960740789019557,-0.0650277950568916,0.2595611796680318,0.24675403157082373,0.1950030445000606,0.22138425796090355,0.025259342273060925
2022-04-28,404.82537841796875,2.86299991607666,29.989999771118164,18.473738939485244,0.025259342273060925,0.002811919189100731,-0.061702939726715034,0.3697137110270326,0.27973426659593004,0.22239974320470499,0.22735820235608417,-0.03695561614127907
2022-04-29,389.86480712890625,2.88700008392334,33.400001525878906,18.79562548119335,-0.03695561614127907,0.025259342273060925,-0.023398559273169695,0.41079300516796197,0.3252480410223142,0.2493752908652687,0.23800948325566312,0.006019292231992157
2022-05-02,392.2115173339844,2.996000051498413,32.34000015258789,18.880081492042788,0.006019292231992157,-0.03695561614127907,-0.03295455698124683,0.4112109535085342,0.3294680440986458,0.2508635003406484,0.2340492971426645,0.0045839604412920565
2022-05-03,394.0093994140625,2.9600000381469727,29.25,18.42096271419502,0.0045839604412920565,0.006019292231992157,-0.0327413471581518,0.36097601859607087,0.31310610275401096,0.24854089912142363,0.2340369297940877,0.030453105515494627
2022-05-04,406.0082092285156,2.9170000553131104,25.420000076293945,18.787043912120097,0.030453105515494627,0.0045839604412920565,0.0006727524410528041,0.42119718629599695,0.36406527633209895,0.27545135953901295,0.2427386968549418,-0.035542788875921216
2022-05-05,391.5775451660156,3.065999984741211,31.200000762939453,18.968392247653306,-0.035542788875921216,0.030453105515494627,0.028254975460833887,0.46389994454350164,0.3957505602827321,0.29879334810891134,0.2523804402902131,-0.005968882287278654
2022-05-06,389.2402648925781,3.122999906539917,30.190000534057617,18.83788205264517,-0.005968882287278654,-0.035542788875921216,-0.03272480916024778,0.3792904757436601,0.3764748764371107,0.29710894020549133,0.2503637413540903,-0.03201724864509936
2022-05-09,376.7778625488281,3.0789999961853027,34.75,18.86270984052603,-0.03201724864509936,-0.005968882287278654,-0.0016019456614395633,0.4330062199979862,0.39825663590561233,0.3129732484582395,0.25588267354995375,0.00231041683321509
2022-05-10,377.64837646484375,2.993000030517578,32.9900016784668,18.702072078639123,0.00231041683321509,-0.03201724864509936,-0.03935033547730793,0.4292277109136034,0.3805908159030152,0.31113326086783616,0.2532750407577238,-0.01588625965289736
2022-05-11,371.6489562988281,2.9210000038146973,32.560001373291016,18.773876650051058,-0.01588625965289736,0.00231041683321509,-0.04152444833435309,0.25894005392243585,0.382918966124356,0.31362432575248084,0.2549730813246017,-0.0010439151358497822
2022-05-12,371.260986328125,2.816999912261963,31.770000457763672,18.644550439559982,-0.0010439151358497822,-0.01588625965289736,-0.08462699065857782,0.2196851928102048,0.34401974375837535,0.30786289509368725,0.2522664178951857,0.02390814008160791
2022-05-13,380.13714599609375,2.934999942779541,28.8700008392334,18.461576985316256,0.02390814008160791,-0.0010439151358497822,-0.051883870994893444,0.3322462943604445,0.3382138479242429,0.32423213192027756,0.25771939757825046,-0.004057694663614497
2022-05-16,378.59466552734375,2.877000093460083,27.469999313354492,18.18016721679465,-0.004057694663614497,0.02390814008160791,-0.02338688906965125,0.2302341477815839,0.33502610927180365,0.323796912976413,0.254466340041954,0.020570394952679427
2022-05-17,386.38250732421875,2.9679999351501465,26.100000381469727,18.234708945123696,0.020570394952679427,-0.004057694663614497,0.004821947250895464,0.26966882174559426,0.35463245671768023,0.3278631658025026,0.2581242839953483,-0.040311644073105835
2022-05-18,370.8067932128906,2.885999917984009,30.959999084472656,18.583432904749607,-0.040311644073105835,0.020570394952679427,0.023127680148224083,0.40760321195896754,0.3527476728257428,0.3517182786139858,0.26981808504324895,-0.006124555032151924
2022-05-19,368.5357666015625,2.8550000190734863,29.350000381469727,18.405675739835374,-0.006124555032151924,-0.040311644073105835,-0.0022660176267530474,0.40986576824137355,0.31967122010378557,0.3501537989733041,0.26784506376459927,0.0004363962776308128
2022-05-20,368.69659423828125,2.7869999408721924,29.43000030517578,18.694001694875073,0.0004363962776308128,-0.006124555032151924,-0.007340441971874556,0.3485563938267156,0.3212246734985314,0.34098649843393525,0.26573807132332555,0.018710254149957084
2022-05-23,375.5950012207031,2.8589999675750732,28.479999542236328,18.15168827438608,0.018710254149957084,0.0004363962776308128,-0.030095853242213977,0.3910186963543482,0.3031706637384444,0.34901207633846626,0.2645602891091407,-0.007633883640191019
2022-05-24,372.7277526855469,2.759999990463257,29.450000762939453,18.331289821725587,-0.007633883640191019,0.018710254149957084,-0.007923155236385537,0.3392792938140752,0.305016295144552,0.3364338141561228,0.2648561085177993,0.008835110336124385
2022-05-25,376.0208435058594,2.749000072479248,28.3700008392334,18.331553322446123,0.008835110336124385,-0.007633883640191019,-0.03533999179526515,0.17455625780950104,0.296691229417702,0.33837457782174163,0.2641286737498167,0.019981250584854005
2022-05-26,383.5342102050781,2.75600004196167,27.5,18.224280153047626,0.019981250584854005,0.008835110336124385,0.014061366696632271,0.1879239489333983,0.31043809225593355,0.3331675848657169,0.26464851745818346,0.02454906243801047
2022-05-27,392.9496154785156,2.743000030517578,25.719999313354492,18.25543694064979,0.02454906243801047,0.019981250584854005,0.04069738940625256,0.20356647890298366,0.31163617516892383,0.3200444895062416,0.26967038202655946,-0.005610828621205988
2022-05-31,390.7448425292969,2.8440001010894775,26.190000534057617,18.379202294429334,-0.005610828621205988,0.02454906243801047,0.0657804319845714,0.23110760697640828,0.312785603818748,0.3200895702575837,0.26942012003349264,-0.008088534088018462
2022-06-01,387.58428955078125,2.930999994277954,25.690000534057617,18.276646399350604,-0.008088534088018462,-0.005610828621205988,0.04033557757519657,0.23306250025214245,0.30146250973111627,0.32084612195326445,0.26310738455292226,0.01904331545825233
2022-06-02,394.9651794433594,2.9130001068115234,24.719999313354492,18.192645259119026,0.01904331545825233,-0.008088534088018462,0.039858950019662664,0.24643505552812628,0.20998133184862175,0.3085060257680475,0.26556695657255713,-0.016411482451347825
2022-06-03,388.48321533203125,2.9570000171661377,24.790000915527344,18.090429331817106,-0.016411482451347825,0.01904331545825233,0.050381079306325294,0.28565255284957747,0.23233480599614809,0.28698048046109453,0.2618394666852278,0.0030448196509957892
2022-06-06,389.66607666015625,3.0380001068115234,25.06999969482422,17.867450293787297,0.0030448196509957892,-0.016411482451347825,0.012903686282135896,0.2137596286163108,0.2311463677008873,0.2863771206014661,0.2618007962293436,0.009592140957278117
2022-06-07,393.40380859375,2.9719998836517334,24.020000457763672,17.89765434247618,0.009592140957278117,0.0030448196509957892,-0.008356131903477837,0.22286275149277054,0.22102236599561453,0.2612584114898273,0.26129493186635955,-0.010871956494487356
2022-06-08,389.1267395019531,3.0290000438690186,23.959999084472656,17.979847507546424,-0.010871956494487356,0.009592140957278117,0.006804865413556405,0.23108149254768848,0.22662104386977844,0.26540271555649714,0.2618229640755477,-0.02378301775442604
2022-06-09,379.87213134765625,3.0439999103546143,26.09000015258789,18.273221968304984,-0.02378301775442604,-0.010871956494487356,0.003979650343824748,0.2186829400867901,0.2647238035234494,0.27366731977925624,0.26217248589623443,-0.028995673882218687
2022-06-10,368.85748291015625,3.1559998989105225,27.75,18.705061630982563,-0.028995673882218687,-0.02378301775442604,-0.03821361700029957,0.2638920657417731,0.2808258408171579,0.29398834573543736,0.26397949028086715,-0.03796811079132956
2022-06-13,354.8526611328125,3.365999937057495,34.02000045776367,18.95133782401074,-0.03796811079132956,-0.028995673882218687,-0.05051886837659425,0.29318322950169545,0.2797669832950023,0.3084877127608628,0.27253574801684755,-0.0030132926125741033
2022-06-14,353.78338623046875,3.4830000400543213,32.689998626708984,18.46001492182213,-0.0030132926125741033,-0.03796811079132956,-0.08934166357444029,0.22247892034698744,0.2812094761352796,0.3084739329408864,0.2710896099563876,0.014256294481372667
2022-06-15,358.8270263671875,3.3949999809265137,29.6200008392334,18.649144525709122,0.014256294481372667,-0.0030132926125741033,-0.1007118423812603,0.3363850429864474,0.3061599077189118,0.3027817406426117,0.2732806017492491,-0.03309598093016153
2022-06-16,346.9512939453125,3.306999921798706,32.95000076293945,18.71687623172512,-0.03309598093016153,0.014256294481372667,-0.07786592402656911,0.35605541406489666,0.2910460900004231,0.2920451455260154,0.27870903644798034,0.0021554415994511356
2022-06-17,347.6991271972656,3.239000082015991,31.1299991607666,18.526066368294966,0.0021554415994511356,-0.03309598093016153,-0.08666294441119404,0.36276148987545886,0.2992685059436631,0.2924081225315149,0.2781910235709677,0.025173949315415278
2022-06-21,356.45208740234375,3.306999921798706,30.190000534057617,18.156870147050196,0.025173949315415278,0.0021554415994511356,-0.057361871978192314,0.3496034882311105,0.3451711988979732,0.30870637929417866,0.2817395162915163,-0.0018129792396068822
2022-06-22,355.80584716796875,3.1559998989105225,28.950000762939453,18.315980021694106,-0.0018129792396068822,0.025173949315415278,0.004507296815600359,0.3488177663614263,0.3328165727499069,0.29933365936695744,0.2812911882445387,0.00980234574938632
2022-06-23,359.2935791015625,3.068000078201294,29.049999237060547,18.188649072564317,0.00980234574938632,-0.0018129792396068822,0.005716664536029148,0.3397387924825313,0.34683106016426474,0.3017812656099278,0.2817550469359766,0.031793888085378086
2022-06-24,370.7169189453125,3.125,27.229999542236328,18.40099118046423,0.031793888085378086,0.00980234574938632,0.001300216260459619,0.23110584992831762,0.3849175669101717,0.3226540858913439,0.28896739117058273,-0.003819503555090309
2022-06-27,369.30096435546875,3.194000005722046,26.950000762939453,18.005310759107978,-0.003819503555090309,0.031793888085378086,0.06849844751910905,0.25237183143864383,0.3554071995621848,0.3135351755740543,0.28888201150797793,-0.020432923728400332
2022-06-28,361.75506591796875,3.2060000896453857,28.360000610351562,18.276220141643368,-0.020432923728400332,-0.003819503555090309,0.06212795911318869,0.306800878262791,0.31054522153319253,0.30409661042782854,0.29002356181258654,-0.0008144093254676132
2022-06-29,361.46044921875,3.0929999351501465,28.15999984741211,18.000244135140317,-0.0008144093254676132,-0.020432923728400332,0.014877114493200505,0.30587270065421973,0.3097264144382176,0.3042261951658662,0.2898273817881326,-0.00812438958165318
2022-06-30,358.5238037109375,2.9719998836517334,28.709999084472656,18.538537563553312,-0.00812438958165318,-0.0008144093254676132,0.015892380903205883,0.3083521261284478,0.3059310334428174,0.30423306253221816,0.28908106326991123,0.01057659667411981
2022-07-01,362.3157653808594,2.8889999389648438,26.700000762939453,18.130859064172444,0.01057659667411981,-0.00812438958165318,-0.0021424690988073314,0.1789568362952338,0.2459960809038301,0.29723709285531064,0.28967285593502673,0.0018885035775944026
2022-07-05,363.0,2.809000015258789,27.540000915527344,18.215352564787437,0.0018885035775944026,0.01057659667411981,-0.02266191030167808,0.1848609117112033,0.24606943080444166,0.2942979445539805,0.2893934921677973,0.0033772786458332593
2022-07-06,364.2259521484375,2.9130001068115234,26.729999542236328,18.070075925184423,0.0033772786458332593,0.0018885035775944026,-0.01706186813366617,0.10765852579530606,0.21724133254792147,0.29439419662746724,0.2892319396003525,0.014977348890100606
2022-07-07,369.68109130859375,3.007999897003174,26.079999923706055,17.982577267051468,0.014977348890100606,0.0033772786458332593,0.006830274025876548,0.14068161027908987,0.22468639190728062,0.29809651085726985,0.2914121685900013,-0.000822704192192103
2022-07-08,369.376953125,3.1010000705718994,24.639999389648438,18.097686483966502,-0.000822704192192103,0.014977348890100606,0.022742853630629778,0.10405688173906182,0.2232270252343832,0.29667933535177654,0.28973905572747366,-0.011423490120081814
2022-07-11,365.1573791503906,2.990999937057495,26.170000076293945,17.88225952342857,-0.011423490120081814,-0.000822704192192103,0.030271768015752043,0.15011196140424654,0.16392773281162892,0.28800011455418095,0.29038395059243793,-0.008848957713929795
2022-07-12,361.9261169433594,2.9579999446868896,27.290000915527344,17.946174207821258,-0.008848957713929795,-0.011423490120081814,0.007842920571077494,0.16719216724392788,0.1678505299928133,0.2711697242870113,0.2893590923431636,-0.005251697043617387
2022-07-13,360.025390625,2.9040000438690186,26.81999969482422,18.248997609934897,-0.005251697043617387,-0.008848957713929795,-0.0029583555279355522,0.16564446448067366,0.1352069215529495,0.2340320634302276,0.28865478898462776,-0.0024286888403053375
2022-07-14,359.1510009765625,2.9600000381469727,26.399999618530273,18.312034848450686,-0.0024286888403053375,-0.005251697043617387,-0.011532845198591435,0.06980703434375748,0.13557223473526103,0.23391399913907335,0.2886048735856812,0.01910531870238419
2022-07-15,366.0126953125,2.930000066757202,24.229999542236328,18.185722687917092,0.01910531870238419,-0.0024286888403053375,-0.028484254617288984,0.19306242854117472,0.1600097142674029,0.2381924042711306,0.28947262441107974,-0.008256969772970413
2022-07-18,362.99053955078125,2.9600000381469727,25.299999237060547,17.961871835342013,-0.008256969772970413,0.01910531870238419,-0.009107925613760504,0.1841919969322127,0.16005406487813384,0.20488789029637858,0.2897237843899114,0.027019101475189267
2022-07-19,372.7982177734375,3.0190000534057617,24.5,18.178685625690672,0.027019101475189267,-0.008256969772970413,-0.005933988256381251,0.2528049239196112,0.2094375270306305,0.2228142799379772,0.2946195936819586,0.00637319443621287
2022-07-20,375.17413330078125,3.0360000133514404,23.8799991607666,18.090004889801335,0.00637319443621287,0.027019101475189267,0.030039558686447476,0.2327782645798342,0.2102293910597265,0.20816488458234417,0.29006569066893717,0.01018317828651516
2022-07-21,378.9945983886719,2.9100000858306885,23.110000610351562,17.98841828772616,0.01018317828651516,0.00637319443621287,0.04207687310465302,0.21225986346530634,0.20389181646434287,0.2091115365654334,0.2906454548605062,-0.009278120154812441
2022-07-22,375.4782409667969,2.7829999923706055,23.030000686645508,18.094913220892852,-0.009278120154812441,0.01018317828651516,0.055251405002778586,0.23718811247834704,0.2120790678231288,0.21212086636322883,0.2852961760889262,0.0012150032295239477
2022-07-25,375.9344482421875,2.819999933242798,23.360000610351562,17.79764715863383,0.0012150032295239477,-0.009278120154812441,0.025861249556426547,0.21144713597943365,0.19925082371040415,0.1812315739226384,0.28523261046341103,-0.01183111419948013
2022-07-26,371.4867248535156,2.7869999408721924,24.690000534057617,17.784790657918826,-0.01183111419948013,0.0012150032295239477,0.03565908000639628,0.15259801134605838,0.2046972631893375,0.18608331557737426,0.2809338205053214,0.025966499127527465
2022-07-27,381.1329345703125,2.7339999675750732,23.239999771118164,18.22639309013304,0.025966499127527465,-0.01183111419948013,-0.003517969929563658,0.24498270936391642,0.22931492177681856,0.19016162817365173,0.2763598495323813,0.01254227332227087
2022-07-28,385.9132080078125,2.680999994277954,22.329999923706055,18.119124211447026,0.01254227332227087,0.025966499127527465,0.015882761471601725,0.24971494958673915,0.22655911670374448,0.1927983119030932,0.27731133080657155,0.014578821225146754
2022-07-29,391.53936767578125,2.6419999599456787,21.329999923706055,18.28146121594393,0.014578821225146754,0.01254227332227087,0.01825516682442352,0.22795205356392675,0.22102912799341426,0.19172034024944773,0.27878789551494726,-0.002961271436345614
2022-08-01,390.3799133300781,2.6059999465942383,22.84000015258789,18.063970099376373,-0.002961271436345614,0.014578821225146754,0.042775119718334365,0.23805801833753534,0.21232082667149146,0.192035658918675,0.27153848558326954,-0.006597186093868723
2022-08-02,387.80450439453125,2.740999937057495,23.93000030517578,17.96553263896824,-0.006597186093868723,-0.002961271436345614,0.03842548921875988,0.2126005844531215,0.19128014033757754,0.19549076239075955,0.2618962022579819,0.015659396306676232
2022-08-03,393.8772888183594,2.747999906539917,21.950000762939453,18.032376556315217,0.015659396306676232,-0.006597186093868723,0.0439256060830977,0.1677407939746324,0.19996338756751705,0.20028941742850545,0.2635460241923401,-0.0006756248425705547
2022-08-04,393.6111755371094,2.6760001182556152,21.440000534057617,17.636658754770707,-0.0006756248425705547,0.015659396306676232,0.033438081813671694,0.1646811105784845,0.19943207069177338,0.19657928948029674,0.2547956882853833,-0.0016901265179757319
2022-08-05,392.9459228515625,2.8399999141693115,21.149999618530273,17.855309190835147,-0.0016901265179757319,-0.0006756248425705547,0.01994740622907365,0.1370254556623821,0.1887870850474981,0.19683944011060484,0.2548300438644739,-0.0011609148518505474
2022-08-08,392.48974609375,2.765000104904175,21.290000915527344,17.802383136206668,-0.0011609148518505474,-0.0016901265179757319,0.003592372292295254,0.13452927238569748,0.19035741520433822,0.1900001261842295,0.25249054118432873,-0.003970965478546806
2022-08-09,390.9311828613281,2.796999931335449,21.770000457763672,17.620656364818984,-0.003970965478546806,-0.0011609148518505474,0.0054045628159355985,0.12608074889064855,0.17508819981117837,0.18648934057595645,0.2526646543124118,0.021003771028536677
2022-08-10,399.1422119140625,2.7860000133514404,19.739999771118164,18.044760374880063,0.021003771028536677,-0.003970965478546806,0.008062511990876597,0.16365080208153665,0.15967671893470683,0.19253953465433502,0.2516071293910812,0.0
2022-08-11,399.1422119140625,2.888000011444092,20.200000762939453,17.90131376309666,0.0,0.021003771028536677,0.013366912094622263,0.16284079302415594,0.15470482586473847,0.19144649184266724,0.2514003966077155,0.016929080397935836
2022-08-12,405.8993225097656,2.8489999771118164,19.530000686645508,17.93770536010636,0.016929080397935836,0.0,0.014052030838315632,0.18267546554143502,0.15981748733435103,0.18952049755191822,0.250298336329663,0.004120819737049253
2022-08-15,407.57196044921875,2.7909998893737793,19.950000762939453,17.805388667697898,0.004120819737049253,0.016929080397935836,0.0329648404650742,0.17215671191608067,0.15550599889654163,0.18279177345074965,0.23512130027608089,0.001958620528541566
2022-08-16,408.3702392578125,2.8239998817443848,19.690000534057617,17.897934366157216,0.001958620528541566,0.004120819737049253,0.03842702772639117,0.15083980977169414,0.14413904288751103,0.16512939072193958,0.23455747413084835,-0.007097946444771908
2022-08-17,405.4716491699219,2.8929998874664307,19.899999618530273,17.96754840669717,-0.007097946444771908,0.001958620528541566,0.04460901857161481,0.13910876670696268,0.14324688281483916,0.17007984268248874,0.23525443666406748,0.0029065603833065
2022-08-18,406.6501770019531,2.880000114440918,19.559999465942383,17.7078042338099,0.0029065603833065,-0.007097946444771908,0.015857599289002655,0.13642454965544146,0.1418358167785713,0.16849377305888116,0.23258636250311115,-0.013438084915302406
2022-08-19,401.1855773925781,2.989000082015991,20.600000381469727,18.035266776376055,-0.013438084915302406,0.0029065603833065,0.018810250742176793,0.12129925627029481,0.16394579979539362,0.17328349652480932,0.23385324682526196,-0.020822530024039887
2022-08-22,392.8318786621094,3.0369999408721924,23.799999237060547,18.16830919854856,-0.020822530024039887,-0.013438084915302406,-0.011613089393796905,0.1608095581168365,0.20059431806137393,0.19341105588393856,0.23765761952543507,-0.002419300646387179
2022-08-23,391.8815002441406,3.053999900817871,24.110000610351562,17.70947551383516,-0.002419300646387179,-0.020822530024039887,-0.03616559336138603,0.14737434672117522,0.19984967697193165,0.18709149494781188,0.23436255242653742,0.0032011873058637175
2022-08-24,393.135986328125,3.1059999465942383,22.81999969482422,17.710952880454563,0.0032011873058637175,-0.002419300646387179,-0.04037693599719494,0.168706720130557,0.1652274820746814,0.1658560951394837,0.22901549705223267,0.014117531989678911
2022-08-25,398.68609619140625,3.0260000228881836,21.780000686645508,17.74620419728458,0.014117531989678911,0.0032011873058637175,-0.03042299718624064,0.21803537211447066,0.1829801038668284,0.16732185474705127,0.23047469551816033,-0.03384897872390591
2022-08-26,385.19097900390625,3.0350000858306885,25.559999465942383,18.451083859563955,-0.03384897872390591,0.014117531989678911,-0.01958459939514212,0.3051843288542473,0.2239730513127128,0.2024339250279168,0.24037946927291157,-0.006612138326142936
2022-08-29,382.64404296875,3.109999895095825,26.209999084472656,17.995586248841054,-0.006612138326142936,-0.03384897872390591,-0.03986832849930799,0.28332761138006535,0.21795729438115635,0.20337802767076665,0.2374350535538225,-0.010977885676732746
2022-08-30,378.44342041015625,3.109999895095825,26.209999084472656,18.26580781503268,-0.010977885676732746,-0.006612138326142936,-0.025934340481879148,0.2847142075114113,0.21402856339609708,0.20558190467994847,0.23612928799121968,-0.007609004362125971
2022-08-31,375.5638427734375,3.132999897003174,25.8700008392334,18.146634624538724,-0.007609004362125971,-0.010977885676732746,-0.03429118196600889,0.2707336519683784,0.21401711451337632,0.19676443998994134,0.23648864559287858,0.003137697582963561
2022-09-01,376.74224853515625,3.265000104904175,25.559999465942383,18.181663126181608,0.003137697582963561,-0.007609004362125971,-0.04469736723623463,0.21773802458429922,0.2143362345134664,0.19764668603545582,0.2356801835981134,-0.010544273067268017
2022-09-02,372.769775390625,3.193000078201294,25.469999313354492,18.416994969824383,-0.010544273067268017,0.003137697582963561,-0.055040413663472565,0.09068397017932703,0.21258683531336003,0.19988129860084936,0.2356202051404375,-0.0037732543479613856
2022-09-06,371.36322021484375,3.3399999141693115,26.90999984741211,18.154595779256454,-0.0037732543479613856,-0.010544273067268017,-0.032246870488509716,0.09272115368617655,0.19886695229199491,0.19985450475763522,0.23073142928277218,0.017965161810954644
2022-09-07,378.0348205566406,3.265000104904175,24.639999389648438,18.077686096580738,0.017965161810954644,-0.0037732543479613856,-0.029481244935590234,0.1802600151093652,0.23145956031897744,0.21273861254869328,0.2257812251987644,0.006536053237774286
2022-09-08,380.50567626953125,3.2920000553131104,23.610000610351562,18.20775606416372,0.006536053237774286,0.017965161810954644,-0.001079685446962686,0.17120188643264161,0.23474284310636664,0.19805074457527064,0.2113474403820465,0.015535340913556794
2022-09-09,386.4169616699219,3.321000099182129,22.790000915527344,18.155502236214456,0.015535340913556794,0.006536053237774286,0.01315843788262372,0.19441238701098687,0.23775348690823125,0.20789050969774658,0.2131597226782789,0.010747575976865154
2022-09-12,390.57000732421875,3.361999988555908,23.8700008392334,18.053324688062133,0.010747575976865154,0.015535340913556794,0.02567992618927839,0.13622445191744648,0.17219501048981553,0.2016730787475592,0.2123870009360353,-0.043482527774613255
2022-09-13,373.5870361328125,3.421999931335449,27.270000457763672,18.627264747657968,-0.043482527774613255,0.010747575976865154,0.04775127467064877,0.40490823873213677,0.28378746053965426,0.24837526210766508,0.22052448199511307,0.003815891583685227
2022-09-14,375.0126037597656,3.4119999408721924,26.15999984741211,18.258440610881372,0.003815891583685227,-0.043482527774613255,0.0059882503083699135,0.38028396178834906,0.2807436016405283,0.24907514813457524,0.2205773201876254,-0.011353378178288742
2022-09-15,370.75494384765625,3.4590001106262207,26.270000457763672,18.28867733764766,-0.011353378178288742,0.003815891583685227,-0.007994546090820176,0.37805523385220685,0.28391005525854957,0.2502024548807171,0.2163940251640859,-0.007628757768811667
2022-09-16,367.9265441894531,3.447999954223633,26.299999237060547,18.451062518139192,-0.007628757768811667,-0.011353378178288742,-0.025625721322927286,0.3319436899671122,0.28451002379892953,0.2489437260705329,0.2170152993513893,0.007754920137884147
2022-09-19,370.77978515625,3.490000009536743,25.760000228881836,18.1097778223349,0.007754920137884147,-0.007628757768811667,-0.047850946812897144,0.3208938946728599,0.2843453379408329,0.25063310772132236,0.21668683335005876,-0.011478625995414493
2022-09-20,366.52374267578125,3.571000099182129,27.15999984741211,18.16287976484284,-0.011478625995414493,0.007754920137884147,-0.05067010215031831,0.14247089287949688,0.28949797273836136,0.24433804363296582,0.2080697110840669,-0.01744385004475346
2022-09-21,360.1301574707031,3.509999990463257,27.989999771118164,18.485968368816668,-0.01744385004475346,-0.011478625995414493,-0.018906687796629518,0.15078341267149586,0.2783589897442378,0.24935135661162725,0.2109619945587766,-0.00839963917532327
2022-09-22,357.1051940917969,3.7079999446868896,27.350000381469727,18.30944300229827,-0.00839963917532327,-0.01744385004475346,-0.039685189617243544,0.14811639941050841,0.2714914633427156,0.24824569641552874,0.20747739859964193,-0.01675494074625372
2022-09-23,351.1219177246094,3.697000026702881,29.920000076293945,18.622371018557917,-0.01675494074625372,-0.00839963917532327,-0.03681609640643946,0.16233954105867746,0.24635696640704388,0.24133701962054924,0.21025489548688095,-0.00989269277826732
2022-09-26,347.64837646484375,3.878000020980835,32.2599983215332,18.343596666047524,-0.00989269277826732,-0.01675494074625372,-0.045673862705025936,0.06485681503186179,0.2193490027537246,0.21890126684299738,0.2105634857261109,-0.002552550786350305
2022-09-27,346.760986328125,3.9639999866485596,32.599998474121094,18.500361241420322,-0.002552550786350305,-0.00989269277826732,-0.06238584091540611,0.09849539500225013,0.13035673433968534,0.21898465468497202,0.20934881325605512,0.019676195652709616
2022-09-28,353.58392333984375,3.7049999237060547,30.18000030517578,18.523257196701095,0.019676195652709616,-0.002552550786350305,-0.053919443808413625,0.22147132518193316,0.18244922864065166,0.23406597702599485,0.2134029242917226,-0.02088909273225703
2022-09-29,346.1978759765625,3.746999979019165,31.84000015258789,18.542476172516732,-0.02088909273225703,0.019676195652709616,-0.01817741168036424,0.25394557604393503,0.196317961640813,0.2419327702104692,0.21735140063422717,-0.015463392256773734
2022-09-30,340.844482421875,3.803999900817871,31.6200008392334,18.850586081585462,-0.015463392256773734,-0.02088909273225703,-0.03054371175690762,0.2506704326670996,0.20116738754071292,0.2437073272309816,0.21689400151369206,0.026401333286536266
2022-10-03,349.8432312011719,3.6510000228881836,30.100000381469727,18.312611017249797,0.026401333286536266,-0.015463392256773734,-0.02927027560494,0.33259654581831877,0.2553538249566201,0.26653721283252735,0.22418217817226388,0.03098634354481633
2022-10-04,360.68359375,3.617000102996826,29.06999969482422,18.45607492410371,0.03098634354481633,0.026401333286536266,0.00631343301138676,0.38789741174312786,0.3112202825865582,0.2925477138428781,0.2323047985157663,-0.002328223994151779
2022-10-05,359.8438415527344,3.759000062942505,28.549999237060547,18.293593696146377,-0.002328223994151779,0.03098634354481633,0.04015044359315745,0.37800708981686826,0.29843462059487463,0.28355713131371785,0.23163929266077665,-0.010315601343118708
2022-10-06,356.1318359375,3.8259999752044678,30.520000457763672,18.226288642359314,-0.010315601343118708,-0.002328223994151779,0.017704193544099578,0.34016144087763595,0.30010892085380736,0.28289249691697776,0.23236182309676426,-0.02789405202931894
2022-10-07,346.1978759765625,3.882999897003174,31.360000610351562,18.49569081837517,-0.02789405202931894,-0.010315601343118708,0.028694456697389015,0.39609292019879416,0.32182773629645767,0.2868161003961111,0.23922272809633066,-0.007635347435326456
2022-10-10,343.5545349121094,3.888000011444092,32.45000076293945,18.146806910781933,-0.007635347435326456,-0.02789405202931894,0.015706264383829494,0.3413281882042918,0.32032184011490045,0.28050676880102055,0.2361193289840327,-0.006332968986715204
2022-10-11,341.3788146972656,3.938999891281128,33.630001068115234,18.34253325005944,-0.006332968986715204,-0.007635347435326456,-0.017975755218903378,0.15757605984091072,0.32139477954739926,0.2436733660774519,0.23589769329125057,-0.0032984093669569114
2022-10-12,340.2528076171875,3.9019999504089355,33.56999969482422,18.159209493629024,-0.0032984093669569114,-0.006332968986715204,-0.053522753425028435,0.15436858494411132,0.2991758936388174,0.24179852632700463,0.22863512449374607,0.026391096779702305
2022-10-13,349.2324523925781,3.9519999027252197,31.940000534057617,18.807672947091625,0.026391096779702305,-0.0032984093669569114,-0.054443154705694274,0.3087777936252536,0.3166484713182435,0.26419261835332986,0.23513719030113736,-0.02278862275485727
2022-10-14,341.27392578125,4.010000228881836,32.02000045776367,18.63366891147149,-0.02278862275485727,0.026391096779702305,-0.0193731164942319,0.2848305987750851,0.32923078535770034,0.2731542100457188,0.2380790070548017,0.025696816128676803
2022-10-17,350.0435791015625,4.014999866485596,31.3700008392334,18.349917030449806,0.025696816128676803,-0.02278862275485727,-0.014222935890126132,0.34137190054212063,0.3276833457277986,0.2899648699658103,0.24399936835604136,0.01174963566548115
2022-10-18,354.1564636230469,3.997999906539917,30.5,18.391899519618747,0.01174963566548115,0.025696816128676803,0.01888795963969203,0.33109394684051985,0.2891171311664708,0.2923673802854597,0.24536872180647082,-0.00708642887431532
2022-10-19,351.6467590332031,4.126999855041504,30.760000228881836,18.194368439940032,-0.00708642887431532,0.01174963566548115,0.03742953099509827,0.33988863975516675,0.29040172678914433,0.2871669021692237,0.24465558757692563,-0.008385403463631702
2022-10-20,348.69805908203125,4.22599983215332,29.979999542236328,18.296059265604928,-0.008385403463631702,-0.00708642887431532,0.03348672269836128,0.3009990014733799,0.2890407774473601,0.2871620653730321,0.23866047062993906,0.024301561910069713
2022-10-21,357.1719665527344,4.2129998207092285,29.690000534057617,18.69100097561363,0.024301561910069713,-0.008385403463631702,-0.001530193734533447,0.2609874440484699,0.2763877354972103,0.2942477200255331,0.2427696544526658,0.012236441617179183
2022-10-24,361.54248046875,4.234000205993652,29.850000381469727,18.263288661450932,0.012236441617179183,0.024301561910069713,0.04658439913067003,0.22217327719370533,0.272425160029357,0.29385009692713043,0.24216718636786316,0.015968398477119727
2022-10-25,367.31573486328125,4.107999801635742,28.459999084472656,18.183010958414968,0.015968398477119727,0.012236441617179183,0.032849913707033496,0.2302497033232254,0.2688587871955632,0.29727547674752935,0.24467779967245673,-0.007534021113969391
2022-10-26,364.5483703613281,4.014999866485596,27.280000686645508,18.460740537671377,-0.007534021113969391,0.015968398477119727,0.0371566598153088,0.23203964862775442,0.2743963716362434,0.2927469521209099,0.24477852411188955,-0.005339909410397414
2022-10-27,362.6017150878906,3.937000036239624,27.389999389648438,18.221885855840814,-0.005339909410397414,-0.007534021113969391,0.03668912337937069,0.21973663751685918,0.25750155803965546,0.2818413570154981,0.24247840310135038,0.023790805600496068
2022-10-28,371.2283020019531,4.010000228881836,25.75,18.423696202882713,0.023790805600496068,-0.005339909410397414,0.03987305246969708,0.21735573493551055,0.22674551147884728,0.2831607037505782,0.24785618669342133,-0.007223285570223781
2022-10-31,368.54681396484375,4.077000141143799,25.8799991607666,18.386413273612476,-0.007223285570223781,0.023790805600496068,0.03935453161367697,0.23560751141258152,0.2170119393784186,0.2735469684720765,0.24819495840893735,-0.004375755907609968
2022-11-01,366.93414306640625,4.052000045776367,25.809999465942383,18.262945659481957,-0.004375755907609968,-0.007223285570223781,0.01937347303424053,0.21334957087251846,0.21857624553623023,0.2531711003978741,0.24829419436052017,-0.025096438716275093
2022-11-02,357.72540283203125,4.059000015258789,25.860000610351562,18.659622058889184,-0.025096438716275093,-0.004375755907609968,-0.0010388659146797208,0.2782682173245187,0.2583851991982013,0.2694907529807234,0.2531014864902076,-0.010296839790935763
2022-11-03,354.0419616699219,4.124000072479248,25.299999237060547,18.28256860140874,-0.010296839790935763,-0.025096438716275093,-0.01871622007947582,0.2823610027765354,0.26067009151018095,0.26948138243734754,0.24939405882628476,0.01439319411094342
2022-11-04,359.13775634765625,4.156000137329102,24.549999237060547,18.455132420614877,0.01439319411094342,-0.010296839790935763,-0.023606489053406565,0.22475223812544423,0.24052121366787413,0.25305938010834067,0.25159093429558116,0.009565502905875434
2022-11-07,362.5730895996094,4.214000225067139,24.350000381469727,18.0392285199105,0.009565502905875434,0.01439319411094342,-0.032569029864089605,0.2514585325939587,0.23727105364151055,0.2517744573163714,0.24971585934635027,0.005395430187963068
2022-11-08,364.5293273925781,4.125999927520752,25.540000915527344,18.253930534023684,0.005395430187963068,0.009565502905875434,-0.016208861775167116,0.2579711840867134,0.22335618203529822,0.24955357891521446,0.24985763924343674,-0.0206020194230222
2022-11-09,357.019287109375,4.151000022888184,26.09000015258789,18.178551869008324,-0.0206020194230222,0.005395430187963068,-0.006553807322838612,0.23246324164451673,0.24333729252097266,0.2629175859560282,0.25269438855657217,0.0549540602769103
2022-11-10,376.6389465332031,3.8289999961853027,23.530000686645508,18.767497865828858,0.0549540602769103,-0.0206020194230222,-0.0019739043329495276,0.4318676075743137,0.3734648111028137,0.3122147525355016,0.278179201603827,0.009678565481835877
2022-11-11,380.2842712402344,3.812999963760376,22.520000457763672,18.357100707321724,0.009678565481835877,0.0549540602769103,0.06382572494146532,0.4320284386513183,0.35901834998706594,0.2961718985127653,0.27893869620073347,-0.008506675344299941
2022-11-14,377.04931640625,3.865000009536743,23.729999542236328,18.09083551413448,-0.008506675344299941,0.009678565481835877,0.058881347112130555,0.45628248096844526,0.3600618007863033,0.2901983137978745,0.2781789170025265,0.008528911663733485
2022-11-15,380.26513671875,3.7990000247955322,24.540000915527344,18.350199275769203,0.008528911663733485,-0.008506675344299941,0.039926368563719894,0.4556178620946558,0.35897680370017193,0.2892634986007112,0.27568537214210265,-0.0076286494440684915
2022-11-16,377.3642272949219,3.691999912261963,24.110000610351562,18.042468397722196,-0.0076286494440684915,0.008528911663733485,0.04316747143152422,0.40986735346977393,0.32906798092765516,0.28953839430757156,0.2760552995925144,-0.003059972402183475
2022-11-17,376.2095031738281,3.7750000953674316,23.93000030517578,18.126260031110423,-0.003059972402183475,-0.0076286494440684915,0.05698554929698818,0.13887814253028757,0.3212228268865257,0.28719998481885717,0.2759968218540394,0.004540531016781646
2022-11-18,377.9176940917969,3.818000078201294,23.1200008392334,18.34727638113061,0.004540531016781646,-0.003059972402183475,-0.0011401990243649074,0.11926415024336985,0.3180399987393092,0.27701984109557637,0.2745116282404222,-0.0036360973018604303
2022-11-21,376.5435485839844,3.825000047683716,22.360000610351562,17.75209350376759,-0.0036360973018604303,0.004540531016781646,-0.006223179151531255,0.10464676763576,0.3199655945375347,0.2757038547327114,0.26579430954295147,0.013457060168760027
2022-11-22,381.6107177734375,3.757999897003174,21.290000915527344,17.916979696677018,0.013457060168760027,-0.0036360973018604303,-0.001341383740159574,0.13276627821259132,0.3235133077536114,0.2741774337874735,0.2669195374018535,0.006301510961548518
2022-11-23,384.01544189453125,3.7060000896453857,20.350000381469727,18.038857955606694,0.006301510961548518,0.013457060168760027,0.003538533840620639,0.11281773156075789,0.2909833648960467,0.27215383654203595,0.2662064709470956,-0.00022378657372745803
2022-11-25,383.92950439453125,3.690999984741211,20.5,17.23472469215138,-0.00022378657372745803,0.006301510961548518,0.017625450741019177,0.10383459836914856,0.12103480768136667,0.27074102276422873,0.26568943417262686,-0.015957106027199686
2022-11-28,377.8031005859375,3.703000068664551,22.209999084472656,18.0332755837917,-0.015957106027199686,-0.00022378657372745803,0.020520484346021606,0.17546562230251606,0.14180432360559087,0.2669905780917273,0.26775493329487393,-0.0017173064750692912
2022-11-29,377.154296875,3.747999906539917,21.889999389648438,17.772698134463596,-0.0017173064750692912,-0.015957106027199686,-0.00030322344693267667,0.17348625104107857,0.13516998524637616,0.2654494106956448,0.2668536005918117,0.03150043305904093
2022-11-30,389.0348205566406,3.703000068664551,20.579999923706055,18.78925155762881,0.03150043305904093,-0.0017173064750692912,0.0016219858056587544,0.27614149783089725,0.20606438178101802,0.2851193731689376,0.2742248317795918,-0.0007356509816955903
2022-12-01,388.7486267089844,3.5290000438690186,19.84000015258789,18.151469706739093,-0.0007356509816955903,0.03150043305904093,0.019454649561521986,0.27693363661241427,0.19951208657095773,0.26563724331411254,0.2719288655041839,-0.0011537451578932378
2022-12-02,388.30010986328125,3.50600004196167,19.059999465942383,18.262185485094385,-0.0011537451578932378,-0.0007356509816955903,0.012325506472088854,0.277603271087566,0.1981028383678918,0.26091538897463096,0.27166956319174523,-0.017989333075968283
2022-12-05,381.3148498535156,3.5989999771118164,20.75,18.163072564361148,-0.017989333075968283,-0.0011537451578932378,0.011383874952883843,0.2863023080087963,0.22448213957715019,0.27020399747232127,0.27242165222025966,-0.01441465234885364
2022-12-06,375.8183288574219,3.513000011444092,22.170000076293945,18.171862923693308,-0.01441465234885364,-0.017989333075968283,0.009295183819645114,0.30985679051489384,0.2368732678501648,0.2759813361822014,0.27303102689337233,-0.001701284184943086
2022-12-07,375.178955078125,3.4079999923706055,22.68000030517578,18.004072293786077,-0.001701284184943086,-0.01441465234885364,-0.003542231995359968,0.13211219825614565,0.22449245803362336,0.27595135054104214,0.2579451616537479,0.007833908037375492
2022-12-08,378.1180725097656,3.490999937057495,22.290000915527344,17.92207845985602,0.007833908037375492,-0.001701284184943086,-0.0356160033662033,0.16773102629353873,0.22613023181429523,0.26382629608349434,0.2583169369149028,-0.007470194322549029
2022-12-09,375.29345703125,3.566999912261963,22.829999923706055,18.215471666708506,-0.007470194322549029,0.007833908037375492,-0.027345573640255583,0.163393355671367,0.2279433561048937,0.18077532611356587,0.25769269141473483,0.014417265915605215
2022-12-12,380.70416259765625,3.6110000610351562,25.0,18.13839476635826,0.014417265915605215,-0.007470194322549029,-0.03349639235644519,0.18364953649035876,0.22753949523476005,0.18491631974292638,0.2587426858970244,0.007569911904803606
2022-12-13,383.5860595703125,3.500999927520752,22.549999237060547,18.634036559274147,0.007569911904803606,0.014417265915605215,-0.0016015302212698534,0.13746539051564038,0.22936642280236758,0.1837717254560905,0.2587214127679858,-0.006393649058009987
2022-12-14,381.133544921875,3.503000020980835,21.139999389648438,18.49867181923595,-0.006393649058009987,0.007569911904803606,0.020668844801972286,0.153147267450111,0.16043194929290092,0.18321341925775944,0.25790802665058926,-0.02446163755194175
2022-12-15,371.8103942871094,3.450000047683716,22.829999923706055,18.58369970691257,-0.02446163755194175,-0.006393649058009987,0.01587133223533299,0.23901908593735552,0.19554845841599686,0.20155073544834057,0.2604148772265138,-0.011806229794878886
2022-12-16,367.42071533203125,3.4820001125335693,22.6200008392334,18.60181827506448,-0.011806229794878886,-0.02446163755194175,-0.016681768688782683,0.24571063945119864,0.1979302297690681,0.20528585268054692,0.26101414577788135,-0.008479737188198833
2022-12-19,364.3050842285156,3.5810000896453857,22.420000076293945,18.196012293069565,-0.008479737188198833,-0.011806229794878886,-0.020977561829870095,0.18241092090311845,0.18647554880040254,0.20574136561877326,0.25920785970330923,0.0013684551158701375
2022-12-20,364.8036193847656,3.684000015258789,21.479999542236328,18.125332037824865,0.0013684551158701375,-0.008479737188198833,-0.043075647655767435,0.14995946102792462,0.17966420476893286,0.20590070409614675,0.25825969249193603,0.014952461061822131
2022-12-21,370.2583312988281,3.684000015258789,20.06999969482422,18.17436325159466,0.014952461061822131,0.0013684551158701375,-0.048965387862600296,0.23458555751759164,0.20099203877669897,0.20740466678836447,0.25973827681507994,-0.014266080093961575
2022-12-22,364.9761962890625,3.6689999103546143,21.969999313354492,18.421889023688315,-0.014266080093961575,0.014952461061822131,-0.02853386632571553,0.19012796419070552,0.20363511793939965,0.21007076342451664,0.25875181834305616,0.005752311543754995
2022-12-23,367.0756530761719,3.750999927520752,20.8700008392334,17.90747397083238,0.005752311543754995,-0.014266080093961575,-0.018380868590697763,0.1833959774733716,0.20712663186903887,0.21197556711997018,0.255009340253267,-0.003943521692736374
2022-12-27,365.6280822753906,3.859999895095825,21.649999618530273,17.759772286000484,-0.003943521692736374,0.005752311543754995,-0.0009391475261473214,0.17292009185678164,0.18541315067690348,0.20580227366381554,0.25289713655768753,-0.012427946779628662
2022-12-28,361.0840759277344,3.88700008392334,22.139999389648438,18.076943192733484,-0.012427946779628662,-0.003943521692736374,0.0036315662452988118,0.19610952193449976,0.1775716658179266,0.20939338602326799,0.24892061638621307,0.018000333502281807
2022-12-29,367.5837097167969,3.8350000381469727,21.440000534057617,18.01976876958101,0.018000333502281807,-0.012427946779628662,-0.010196015772278244,0.2131484454237012,0.21435811064080112,0.1846946088771999,0.24352447473549302,-0.002634125760077821
2022-12-30,366.6154479980469,3.878999948501587,21.670000076293945,18.246591619506173,-0.002634125760077821,0.018000333502281807,-0.0072236634693646495,0.1826496549638937,0.17992087061345077,0.1845404861944782,0.24354008306478508,-0.004209933111384068
2023-01-03,365.072021484375,3.7929999828338623,22.899999618530273,18.131006034183518,-0.004209933111384068,-0.002634125760077821,0.004491393481689032,0.1798168607476462,0.17139712179686545,0.18448404014062209,0.24270995097395504,0.0077202600086268
2023-01-04,367.8904724121094,3.7090001106262207,22.010000228881836,18.269091293042962,0.0077202600086268,-0.004209933111384068,-0.005458361444040216,0.18689049080245204,0.16979924158646256,0.17930607094567028,0.23577248641584747,-0.0114133223171895
2023-01-05,363.6916198730469,3.7200000286102295,22.459999084472656,18.15893280251881,-0.0114133223171895,0.0077202600086268,0.006187681544151058,0.1822806557820653,0.1808519230239371,0.17678875896700982,0.2364977813000554,0.022932092754429645
2023-01-06,372.0318298339844,3.569000005722046,21.1299991607666,18.461722883838853,0.022932092754429645,-0.0114133223171895,0.007221431569954806,0.21144735880842822,0.20274125920131528,0.19702918209131065,0.24016785410347122,-0.0005669057470593097
2023-01-09,371.8209228515625,3.5169999599456787,21.969999313354492,18.119279674939367,-0.0005669057470593097,0.022932092754429645,0.012100971832006646,0.2087906891433767,0.18565088775680805,0.19464443433170261,0.23999772035470263,0.007012820601210112
2023-01-10,374.4284362792969,3.621000051498413,20.579999923706055,17.995391953626367,0.007012820601210112,-0.0005669057470593097,0.014198732982859452,0.19974537082867375,0.18648523772390882,0.19481927749609088,0.23467166186005375,0.012647776709798109
2023-01-11,379.16412353515625,3.553999900817871,21.09000015258789,18.04789240227656,0.012647776709798109,0.007012820601210112,0.025628956053325824,0.20670223591304862,0.1901255662380482,0.19317149361226899,0.23035326074278334,0.0036408050255745117
2023-01-12,380.5445861816406,3.4489998817443848,18.829999923706055,18.317070928257998,0.0036408050255745117,0.012647776709798109,0.030644042095273827,0.14451822608016868,0.16773867591071323,0.1915906543080731,0.2249765647663499,0.0038796489245718213
2023-01-13,382.0209655761719,3.510999917984009,18.350000381469727,17.97289096599768,0.0038796489245718213,0.0036408050255745117,0.04633861598041933,0.07781419149546695,0.15208009419392562,0.19074600718331763,0.2240199363333778,-0.0018319128127091133
2023-01-17,381.3211364746094,3.5350000858306885,19.360000610351562,17.95350991453775,-0.0018319128127091133,0.0038796489245718213,0.02685021802205756,0.08410987290585006,0.15116544865149795,0.16745646131067674,0.22343179005592884,-0.015788229831283918
2023-01-18,375.3007507324219,3.375,20.34000015258789,18.41699697720752,-0.015788229831283918,-0.0018319128127091133,0.025550508428057173,0.16641734801925942,0.177595578183996,0.1721266003540088,0.22533031417052798,-0.00727956216754877
2023-01-19,372.5687255859375,3.3970000743865967,20.520000457763672,18.28094616270289,-0.00727956216754877,-0.015788229831283918,0.0023297227683698463,0.13126874170706732,0.18192487491363005,0.17128976511690347,0.22082555126719192,0.01862883479905353
2023-01-20,379.5092468261719,3.4839999675750732,19.850000381469727,18.335192580828704,0.01862883479905353,-0.00727956216754877,-0.01739457279799106,0.20492226679306358,0.1855069185904173,0.18215795039674867,0.22262112056078323,0.01199862428984022
2023-01-23,384.0628356933594,3.5250000953674316,19.809999465942383,18.24845367791707,0.01199862428984022,0.01862883479905353,-0.0027206781887433307,0.22309969877021654,0.16135102440812304,0.1796656069348299,0.22162019973326383,-0.001073184832924956
2023-01-24,383.6506652832031,3.4690001010894775,19.200000762939453,17.901905287169082,-0.001073184832924956,0.01199862428984022,0.005344916382031384,0.22252605365835706,0.16170460586874982,0.1697584112423566,0.22097229954411884,0.00037481709570053034
2023-01-25,383.7944641113281,3.4619998931884766,19.079999923706055,18.255809650284135,0.00037481709570053034,-0.001073184832924956,0.006109099616482538,0.1670003650933201,0.16073371169097092,0.16948688411735902,0.22058799259354092,0.010990223817619604
2023-01-26,388.012451171875,3.493000030517578,18.729999542236328,18.096160411916287,0.010990223817619604,0.00037481709570053034,0.022631751634736297,0.13238797863707533,0.15800142486663082,0.17049666235491215,0.21647088328776382,0.002297789780274284
2023-01-27,388.9040222167969,3.5179998874664307,18.510000228881836,18.04009653802405,0.002297789780274284,0.010990223817619604,0.04145201817906008,0.09734304983748981,0.15783891978627826,0.16050915948188096,0.2158368768850213,-0.012546840152870331
2023-01-30,384.0245056152344,3.5510001182556152,19.940000534057617,18.122301675428975,-0.012546840152870331,0.002297789780274284,0.024755063201208793,0.13394451779355615,0.17374082469370858,0.1612041144969678,0.21734826310610483,0.014703368599813249
2023-01-31,389.67095947265625,3.5290000438690186,19.399999618530273,18.279253126610566,0.014703368599813249,-0.012546840152870331,-9.980158079025969e-05,0.1683310176229599,0.1866689551925717,0.16593083469630962,0.21230086573306073,0.010627753502342907
2023-02-01,393.8122863769531,3.3970000743865967,17.8700008392334,18.43516731504717,0.010627753502342907,0.014703368599813249,0.01569212498304684,0.17329287268188412,0.1605453874765245,0.165612810765379,0.21165892474814157,0.014557004057750289
2023-02-02,399.5450134277344,3.3959999084472656,18.729999542236328,18.437090376448392,0.014557004057750289,0.010627753502342907,0.026102049931390203,0.1823932999522011,0.15143099447648303,0.1694663258649661,0.21170060877730804,-0.010629232118351206
2023-02-03,395.29815673828125,3.5320000648498535,18.329999923706055,18.366613088793105,-0.010629232118351206,0.014557004057750289,0.029722144794654737,0.2181791841454526,0.1598174581986709,0.16852909809438782,0.21260674444680971,-0.006111109824420868
2023-02-06,392.8824462890625,3.634000062942505,19.43000030517578,17.914764731629436,-0.006111109824420868,-0.010629232118351206,0.016441420392201422,0.19184636923702425,0.16070588102002914,0.15691097123736325,0.21302024373884446,0.013078558816191244
2023-02-07,398.0207824707031,3.6740000247955322,18.65999984741211,18.326267872446508,0.013078558816191244,-0.006111109824420868,0.023066081836723207,0.18675040620676436,0.16788354752963966,0.16048962366591107,0.2093560686399361,-0.010934843388976434
2023-02-08,393.6684875488281,3.6530001163482666,19.6299991607666,18.149232861057957,-0.010934843388976434,0.013078558816191244,0.021427881126545145,0.20280449434916942,0.18312791631416436,0.16770105364492877,0.17944700542984895,-0.008669251888935081
2023-02-09,390.25567626953125,3.683000087738037,20.709999084472656,18.181088920945573,-0.008669251888935081,-0.010934843388976434,-0.00036514561149914027,0.1602935158689231,0.184504877886384,0.16776734182007108,0.17950919914736024,0.002333847204599282
2023-02-10,391.1664733886719,3.74399995803833,20.530000686645508,18.074941515088966,0.002333847204599282,-0.008669251888935081,-0.023249788749730715,0.15621241717037443,0.18451405251260602,0.16760976727022583,0.17855981886732405,0.011738884138962735
2023-02-13,395.7583312988281,3.7170000076293945,20.34000015258789,17.988566187774527,0.011738884138962735,0.002333847204599282,-0.010452068341783027,0.17706155278407482,0.17599129613032313,0.1714115930380127,0.1792825962427841,-0.00046020233017529666
2023-02-14,395.5762023925781,3.760999917984009,18.90999984741211,18.297261490871456,-0.00046020233017529666,0.011738884138962735,0.00731996310074301,0.14440720217932554,0.16397637898123338,0.17109249827944287,0.17845539065003024,0.0032473551448395366
2023-02-15,396.86077880859375,3.809000015258789,18.229999542236328,17.93545303018843,0.0032473551448395366,-0.00046020233017529666,-0.00614184029022391,0.11658417935139848,0.15655780258544374,0.1578316874672397,0.17833356674475753,-0.013768871208629352
2023-02-16,391.3964538574219,3.8429999351501465,20.170000076293945,18.15190548591148,-0.013768871208629352,0.0032473551448395366,0.008109085082329992,0.1467160730952202,0.15143188770572188,0.16487578489340557,0.18069236047413123,-0.00249803532539139
2023-02-17,390.4187316894531,3.828000068664551,20.020000457763672,18.307039380966792,-0.00249803532539139,-0.013768871208629352,0.002923154376114123,0.14716584328833743,0.14379296308034883,0.15420708107342682,0.18059214221897146,-0.020061140097337282
2023-02-21,382.58648681640625,3.9549999237060547,22.8700008392334,18.230196777141796,-0.020061140097337282,-0.00249803532539139,-0.0019115689868333119,0.15554387803035208,0.17150386710805793,0.16664494204225574,0.18349364496489243,-0.0013778862105608969
2023-02-22,382.059326171875,3.9230000972747803,22.290000915527344,18.24325479608557,-0.0013778862105608969,-0.020061140097337282,-0.03328254502992667,0.1533424271392073,0.14828302617117334,0.16667107678627835,0.18306096853826684,0.005319458245335973
2023-02-23,384.0916748046875,3.878999948501587,21.139999389648438,18.38238057736605,0.005319458245335973,-0.0013778862105608969,-0.0341700945075778,0.16241138243154896,0.14958058119432982,0.1678000444489186,0.1833867961250797,-0.010682496212433001
2023-02-24,379.9886169433594,3.9489998817443848,21.670000076293945,18.499440176272497,-0.010682496212433001,0.005319458245335973,-0.032175273258899684,0.15499026123248744,0.15225336700005362,0.16676243194789667,0.18172866766688134,0.003405863742802273
2023-02-27,381.2828063964844,3.921999931335449,20.950000762939453,18.203080562235204,0.003405863742802273,-0.010682496212433001,-0.029146500438703926,0.1681656199380997,0.15332154638654727,0.16709838564367596,0.1818058507428621,-0.0036958909865834055
2023-02-28,379.8736267089844,3.9159998893737793,20.700000762939453,18.384417104743157,-0.0036958909865834055,0.003405863742802273,-0.02340032521860569,0.1002998825262624,0.13111735170541286,0.16181164574097484,0.1698800673554181,-0.0038359700053801626
2023-03-01,378.41644287109375,3.99399995803833,20.579999923706055,18.417744447249486,-0.0038359700053801626,-0.0036958909865834055,-0.00709084141992633,0.10176357799022315,0.1296107634282752,0.15178941879400132,0.17002960227733693,0.007777208779067735
2023-03-02,381.3594665527344,4.072999954223633,19.59000015258789,18.259664226444738,0.007777208779067735,-0.0038359700053801626,-0.00953486291587724,0.11355741650924196,0.1387610634111291,0.149101860381194,0.17084198783058058,0.01603783557599492
2023-03-03,387.47564697265625,3.9639999866485596,18.489999771118164,18.316652684624632,0.01603783557599492,0.007777208779067735,-0.0071134274215718385,0.13284877022157443,0.15887154384017899,0.151301744993628,0.169975715697337,0.0006926153530628643
2023-03-06,387.7440185546875,3.9830000400543213,18.610000610351562,18.103170206636676,0.0006926153530628643,0.01603783557599492,0.01970330082391092,0.13491361003435456,0.15881466114592774,0.147520746386674,0.16717750379642327,-0.015328757501812618
2023-03-07,381.8003845214844,3.9749999046325684,19.59000015258789,18.500513592683976,-0.015328757501812618,0.0006926153530628643,0.016945983531930553,0.188190424423187,0.1436667658987003,0.15524634023106035,0.17027422742955994,0.0016321852218497135
2023-03-08,382.4235534667969,3.9760000705718994,19.110000610351562,18.1296142976293,0.0016321852218497135,-0.015328757501812618,0.0050721020808746076,0.1831487205553733,0.14375206745029642,0.1461539492997241,0.16958265289698898,-0.01844962854877663
2023-03-09,375.36798095703125,3.924999952316284,22.610000610351562,18.533520926032523,-0.01844962854877663,0.0016321852218497135,0.01058915560143392,0.2228356930141477,0.1673239283469961,0.15447421184040905,0.1731709353251325,-0.014429688055129453
2023-03-10,369.9515380859375,3.694999933242798,24.799999237060547,19.05859530748768,-0.014429688055129453,-0.01844962854877663,-0.015710861067282922,0.1517789507853297,0.17355618984202836,0.15889843693385405,0.1730482702820294,-0.0014252750983867468
2023-03-13,369.42425537109375,3.515000104904175,26.520000457763672,18.87677559934939,-0.0014252750983867468,-0.014429688055129453,-0.04522634912318868,0.14362890011493545,0.17052804124477147,0.15790114368838865,0.1722546787933072,0.016530205709997636
2023-03-14,375.5309143066406,3.638000011444092,23.729999542236328,18.82449382822028,0.016530205709997636,-0.0014252750983867468,-0.04724705554938158,0.22088305304158024,0.19676619840700466,0.1645323501121028,0.175322999884013,-0.006254166362938185
2023-03-15,373.1822814941406,3.492000102996826,26.139999389648438,18.968784239006812,-0.006254166362938185,0.016530205709997636,-0.016420806444973457,0.21701156725674878,0.19808462536759164,0.16483275868390035,0.16838918549202006,0.017544924179598853
2023-03-16,379.729736328125,3.5850000381469727,22.989999771118164,18.780131239481644,0.017544924179598853,-0.006254166362938185,-0.024165017789519072,0.22475143369283698,0.21591401847392097,0.17905630637124564,0.17024620185933503,-0.0116926936496905
2023-03-17,375.2896728515625,3.3949999809265137,25.510000228881836,18.761098052818433,-0.0116926936496905,0.017544924179598853,0.011619945206762461,0.21234217040805276,0.20138567912599747,0.17741256556131427,0.17110374492314487,0.009615700502183744
2023-03-20,378.8983459472656,3.4809999465942383,24.149999618530273,18.348709881935736,0.009615700502183744,-0.0116926936496905,0.014429281178944597,0.212507584756136,0.21087153227772465,0.1821451456443461,0.1721036391017773,0.013130347999366299
2023-03-21,383.8734130859375,3.6059999465942383,21.3799991607666,18.33211398707724,0.013130347999366299,0.009615700502183744,0.0256455563987128,0.20215453524866903,0.2097483318137303,0.17509319077601693,0.17149812083257138,-0.017046269410889603
2023-03-22,377.3298034667969,3.5,22.260000228881836,18.53174437488799,-0.017046269410889603,0.013130347999366299,0.022215211748146002,0.24762409428858964,0.22743728186099324,0.18551924600009703,0.17262253635984162,0.002703338139357747
2023-03-23,378.349853515625,3.4059998989105225,22.610000610351562,18.59758181140189,0.002703338139357747,-0.017046269410889603,0.01111393058654997,0.20959549464333369,0.2064619349887724,0.18465040741733904,0.17234769972829164,0.006562068269062582
2023-03-24,380.8326110839844,3.380000114440918,21.739999771118164,18.494696721160395,0.006562068269062582,0.002703338139357747,-0.0036338550302724704,0.18800076809645552,0.18907249547373323,0.18240370250673013,0.17251931749981053,0.0018698429368795288
2023-03-27,381.5447082519531,3.5280001163482666,20.600000381469727,18.119716195345703,0.0018698429368795288,0.006562068269062582,0.014769759557477169,0.1786186705389328,0.1876474543436,0.18212398003777905,0.17033361562889227,-0.0022446787859378148
2023-03-28,380.6882629394531,3.563999891281128,19.969999313354492,17.95660671582273,-0.0022446787859378148,0.0018698429368795288,0.006984359612527413,0.1455303438527218,0.17372524881531956,0.1817956967846063,0.16670540671887807,0.01453489560574206
2023-03-29,386.2215270996094,3.565999984741211,19.1200008392334,18.165761410085832,0.01453489560574206,-0.0022446787859378148,-0.00829739710515276,0.10052975328907127,0.17927271699420616,0.1880163363422061,0.1689639487922304,0.005855145034568299
2023-03-30,388.48291015625,3.5510001182556152,19.020000457763672,18.061717483814064,0.005855145034568299,0.01453489560574206,0.02356485904669592,0.09909535511721121,0.16243965248958653,0.18723151494979062,0.1689167147075104,0.01409463520580978
2023-03-31,393.95843505859375,3.49399995803833,18.700000762939453,18.534568210611987,0.01409463520580978,0.005855145034568299,0.026782240158067072,0.11774008988982874,0.15131435958289566,0.18527725443282575,0.17048293790067703,0.003810606829377061
2023-04-03,395.45965576171875,3.430000066757202,18.549999237060547,18.02602353452451,0.003810606829377061,0.01409463520580978,0.03446612394156223,0.11332073739085077,0.14904592367500547,0.185562494353538,0.16851626099127132,-0.005548283579590141
2023-04-04,393.2655334472656,3.3369998931884766,19.0,18.014237672794188,-0.005548283579590141,0.003810606829377061,0.03647003145061811,0.1316329948862479,0.14764284191657032,0.1771701353320337,0.16302947574749146,-0.002618006017914065
2023-04-05,392.2359619140625,3.2869999408721924,19.079999923706055,17.992973109714214,-0.002618006017914065,-0.005548283579590141,0.0330382408186114,0.12205432594910795,0.1062279956687596,0.17778198287105043,0.16316659461160832,0.003900554494480124
2023-04-06,393.7658996582031,3.2880001068115234,18.399999618530273,17.97037465412833,0.003900554494480124,-0.002618006017914065,0.015572500216700647,0.12006627321443382,0.1060195576537048,0.1617884421061875,0.16279635211367346,0.0010267442542661875
2023-04-10,394.1701965332031,3.4149999618530273,18.969999313354492,17.96939681859796,0.0010267442542661875,0.003900554494480124,0.013599026788149615,0.06562592915807725,0.10594717741978175,0.14922176916992086,0.16094340741308974,0.0002684232453136204
2023-04-11,394.2760009765625,3.434000015258789,19.100000381469727,17.89808446705144,0.0002684232453136204,0.0010267442542661875,0.0005375223773997906,0.05735352922586302,0.1069241129295662,0.14864283740712303,0.16082835654184824,-0.004075966226912309
2023-04-12,392.6689453125,3.4210000038146973,19.09000015258789,18.274734328586895,-0.004075966226912309,0.0002684232453136204,-0.0029931113526013853,0.049795806978008075,0.10993960257655475,0.14217703900969914,0.16097055214592793,0.013282685846309095
2023-04-13,397.8846435546875,3.4519999027252197,17.799999237060547,18.26770205540828,0.013282685846309095,-0.004075966226912309,-0.0015170109862822079,0.10284725972577387,0.10642423197585303,0.14354460529824653,0.16299934194213728,-0.002442957768300391
2023-04-14,396.9126281738281,3.5220000743865967,17.06999969482422,18.174287769710922,-0.002442957768300391,0.013282685846309095,0.014401233413326331,0.10858333756919622,0.10832554042118796,0.1343838561551083,0.15946848942456382,0.0035884116240516573
2023-04-17,398.3369140625,3.5910000801086426,16.950000762939453,18.01175567206697,0.0035884116240516573,-0.002442957768300391,0.007991368776108843,0.10923478889547024,0.08660302373610228,0.12389457037342538,0.15861643445602835,0.0006522020264920769
2023-04-18,398.5967102050781,3.572000026702881,16.829999923706055,17.967494915365954,0.0006522020264920769,0.0035884116240516573,0.010570858897866797,0.108857374816674,0.08529618797218584,0.12162390416648379,0.15438438394256002,-0.00016897353439571106
2023-04-19,398.52935791015625,3.6019999980926514,16.459999084472656,17.826967972314634,-0.00016897353439571106,0.0006522020264920769,0.010958590474220875,0.09761809904319554,0.07804657239736598,0.11529857767415502,0.1526403923570385,-0.0054570752300519
2023-04-20,396.35455322265625,3.5450000762939453,17.170000076293945,18.14414170334432,-0.0054570752300519,-0.00016897353439571106,0.014924563471634622,0.05391902953099798,0.0832098005313144,0.09571602129671801,0.15311689880244003,0.0007770401423001783
2023-04-21,396.66253662109375,3.569999933242798,16.770000457763672,18.112216217931387,0.0007770401423001783,-0.0054570752300519,-0.003845562669525182,0.052433988549818344,0.08168485830482053,0.09590037661481864,0.15311671615854944,0.0010430965519034885
2023-04-24,397.0762939453125,3.515000104904175,16.889999389648438,17.97956930257717,0.0010430965519034885,0.0007770401423001783,-0.0006300922041332369,0.04342791730876557,0.08168647848362083,0.09470434314184677,0.15158180300522733,-0.015873777110465337
2023-04-25,390.773193359375,3.3959999084472656,18.760000228881836,18.398094596455778,-0.015873777110465337,0.0010430965519034885,-0.0031647082474252075,0.11392623190780378,0.11692474097831188,0.11422638310933678,0.15515778596292087,-0.0042355025312271755
2023-04-26,389.1180725097656,3.431999921798706,18.84000015258789,18.203109152895525,-0.0042355025312271755,-0.015873777110465337,-0.019627650317730727,0.10900691133638737,0.11704999231979446,0.11524141889012213,0.1531804473079468,0.019908049968703434
2023-04-27,396.8646545410156,3.5280001163482666,17.030000686645508,18.34777021918765,0.019908049968703434,-0.0042355025312271755,-0.02361503666817011,0.20505391364991138,0.14164322885178587,0.12472482684968703,0.15562755935754807,0.008534994260815498
2023-04-28,400.25189208984375,3.4519999027252197,15.779999732971191,18.309001428886127,0.008534994260815498,0.019908049968703434,0.0012869823601415753,0.21336245187810923,0.147423807313349,0.12634962667036082,0.15509556402843694,-0.0010097248635083655
2023-05-01,399.8477478027344,3.5739998817443848,16.079999923706055,17.94461559676931,-0.0010097248635083655,0.008534994260815498,0.009048889515317793,0.21436230538428905,0.14686171331444073,0.11748175339164427,0.15224598743197165,-0.011239324416314145
2023-05-02,395.3537292480469,3.438999891281128,17.780000686645508,18.459887043540235,-0.011239324416314145,-0.0010097248635083655,0.006979650761532508,0.19211711386304425,0.15803559560451155,0.12426283193534342,0.15243392403003578,-0.006863862317966318
2023-05-03,392.64007568359375,3.4030001163482666,18.34000015258789,18.332197021776143,-0.006863862317966318,-0.011239324416314145,0.011721724945598755,0.19862506074760267,0.16086834488431648,0.12512883469730118,0.15257156989093587,-0.007082915242697219
2023-05-04,389.8590393066406,3.3510000705718994,20.09000015258789,18.36835429499175,-0.007082915242697219,-0.006863862317966318,0.009051245425614862,0.12169841732244938,0.16220614448441978,0.12732848216073245,0.15079421337917034,0.018512472229726074
2023-05-05,397.0762939453125,3.446000099182129,17.190000534057617,18.291617081854376,0.018512472229726074,-0.007082915242697219,-0.01765240404811852,0.18707807679390007,0.19131749498383163,0.1432500217922819,0.1539672981936537,0.0002665355815778536
2023-05-08,397.18212890625,3.5209999084472656,16.979999542236328,17.72846914559887,0.0002665355815778536,0.018512472229726074,-0.007933999082303966,0.18752343309892602,0.19125789845090313,0.14323534960689524,0.1528562958239728,-0.004385216779829615
2023-05-09,395.4403991699219,3.5209999084472656,17.709999084472656,17.711812654936455,-0.004385216779829615,0.0002665355815778536,-0.006666584746650828,0.17009687506858084,0.17214563792428253,0.1442492531038047,0.15310177156655466,0.004672324163894848
2023-05-10,397.28802490234375,3.438999891281128,16.940000534057617,18.381346194720003,0.004672324163894848,-0.004385216779829615,0.00021922120739792383,0.159791663997769,0.1700060585420869,0.14416312917931687,0.15150893950793465,-0.0017440019590831968
2023-05-11,396.59515380859375,3.3970000743865967,16.93000030517578,18.06624758533415,-0.0017440019590831968,0.004672324163894848,0.01183768419629061,0.1435027919263397,0.1384253300625857,0.13631686840269294,0.1515523805215276,-0.00131020966278661
2023-05-12,396.0755310058594,3.4630000591278076,17.030000686645508,18.07086083618722,-0.00131020966278661,-0.0017440019590831968,0.01727833350724195,0.05303095747981154,0.1299225671453899,0.13612082565644973,0.15143430942578692,0.0034501402038416007
2023-05-15,397.4420471191406,3.507999897003174,17.1200008392334,17.809839572481295,0.0034501402038416007,-0.00131020966278661,-0.0025203291022730667,0.06025473219107169,0.13184565280478316,0.13607240280468,0.14883085204048396,-0.006682750047779407
2023-05-16,394.7860412597656,3.5490000247955322,17.989999771118164,17.870863064888894,-0.006682750047779407,0.0034501402038416007,0.0006544056088484407,0.0721505116972468,0.12322593008917078,0.13802747599278353,0.14941267797766933,0.012139050979530719
2023-05-17,399.578369140625,3.5810000896453857,16.8700008392334,18.28471210937943,0.012139050979530719,-0.006682750047779407,-0.0016547573579478447,0.11276143778902795,0.13078451686499326,0.14508707855632794,0.1452508560477809,0.009633032988263457
2023-05-18,403.4275207519531,3.6480000019073486,16.049999237060547,18.39204668430456,0.009633032988263457,0.012139050979530719,0.005764946574577046,0.12272278989404488,0.12588175891450512,0.1471957973219765,0.1463058544434586,-0.001455046036869856
2023-05-19,402.84051513671875,3.691999912261963,16.809999465942383,18.45791198904117,-0.001455046036869856,0.009633032988263457,0.017227560341437798,0.12308020001994094,0.09516657280087451,0.1474386893600389,0.1461001225767113,0.00040612781033844136
2023-05-22,403.0041198730469,3.7190001010894775,17.209999084472656,17.922201933615558,0.00040612781033844136,-0.001455046036869856,0.017080035501509716,0.1249119208285842,0.09512019099494638,0.14744289120803772,0.14412000929563004,-0.011222932869814128
2023-05-23,398.4812316894531,3.697999954223633,18.530000686645508,18.27430725489083,-0.011222932869814128,0.00040612781033844136,0.013994676190460797,0.14856396304214872,0.11166464074176514,0.14126969554613678,0.14618948717622035,-0.007244685842921816
2023-05-24,395.5943603515625,3.7190001010894775,20.030000686645508,18.30654518440988,-0.007244685842921816,-0.011222932869814128,0.009359982480373619,0.12649412820391803,0.11599975126536197,0.14314431783413809,0.14683277569436384,0.00865998767553644
2023-05-25,399.02020263671875,3.813999891281128,19.139999389648438,18.325948008395017,0.00865998767553644,-0.007244685842921816,-0.009970531682260253,0.12093422852751189,0.12410657116491708,0.12807145689203414,0.14740951952148515,0.012950652591866563
2023-05-26,404.1877746582031,3.809999942779541,17.950000762939453,18.356995202923805,0.012950652591866563,0.00865998767553644,-0.010924683836688986,0.1624327808795974,0.137739412083903,0.13271152392569133,0.14881109072092197,0.00038091498875947316
2023-05-30,404.34173583984375,3.700000047683716,17.459999084472656,18.095172199807475,0.00038091498875947316,0.012950652591866563,0.0033443992618942264,0.16243584933227717,0.1377358986785634,0.13259032597463058,0.14548105674398368,-0.005545278414910149
2023-05-31,402.09954833984375,3.63700008392334,17.940000534057617,18.523343833826182,-0.005545278414910149,0.00038091498875947316,0.003319112388275869,0.1395606742000054,0.13589047023385384,0.12728583540820257,0.1460524217398931,0.009500988084545803
2023-06-01,405.9198913574219,3.6080000400543213,15.649999618530273,18.302628933429254,0.009500988084545803,-0.005545278414910149,0.009080268686808557,0.12017187547150068,0.130860844349536,0.1273416256655621,0.143289918471965,0.01446119491777531
2023-06-02,411.78997802734375,3.690999984741211,14.600000381469727,18.33104265836408,0.01446119491777531,0.009500988084545803,0.026101309929401184,0.13665370903640794,0.1410043455366947,0.13056696226655962,0.14589651785956081,-0.001916251146660275
2023-06-05,411.0008850097656,3.693000078201294,14.729999542236328,17.996952897610047,-0.001916251146660275,0.01446119491777531,0.03200282919572128,0.13209381311407214,0.14134753100920852,0.11737321275897418,0.1401714581701412,0.0021774356483303947
2023-06-06,411.89581298828125,3.6989998817443848,13.960000038146973,17.974740471796302,0.0021774356483303947,-0.001916251146660275,0.01685629991486981,0.1301283886421183,0.1410525311395531,0.11724865878423377,0.1361591508039616,-0.0034577308353366254
2023-06-07,410.4715881347656,3.7839999198913574,13.9399995803833,18.262543975217973,-0.0034577308353366254,0.0021774356483303947,0.018682407673665358,0.12129249789897402,0.12477808370419474,0.11663950815244531,0.13642998673703463,0.0060486234801770955
2023-06-08,412.9543762207031,3.7139999866485596,13.649999618530273,17.941883378899472,0.0060486234801770955,-0.0034577308353366254,0.020820813725078047,0.11395731759029848,0.11134967671046243,0.11717560586082328,0.13324827895348632,0.001794232782027505
2023-06-09,413.6953125,3.744999885559082,13.829999923706055,18.266862687133273,0.001794232782027505,0.0060486234801770955,0.017329736761008352,0.0593208848554944,0.10918022800489127,0.11636185788826613,0.13223411507187582,0.009071945286386107
2023-06-12,417.4483337402344,3.765000104904175,15.010000228881836,18.147615338974664,0.009071945286386107,0.001794232782027505,0.004626956881718325,0.07526378540360429,0.10137545262426674,0.11810369963586888,0.129013146115274,0.006592832035974716
2023-06-13,420.20050048828125,3.8389999866485596,14.609999656677246,18.378813422017732,0.006592832035974716,0.009071945286386107,0.015687189409131275,0.07822401353488452,0.10124612392520381,0.1189075567584143,0.12637439650163754,0.0011909249168247094
2023-06-14,420.700927734375,3.7960000038146973,13.880000114440918,18.426783096666238,0.0011909249168247094,0.006592832035974716,0.02016210711089772,0.053236012749542774,0.08855228388331368,0.11373884464765331,0.1253575568715661,0.012397566491468393
2023-06-15,425.9165954589844,3.7279999256134033,14.5,18.518742598062442,0.012397566491468393,0.0011909249168247094,0.024920944336471074,0.0758468402903589,0.09410957321292424,0.11401144302629732,0.12508277180018104,-0.0034060990503663735
2023-06-16,424.46588134765625,3.7690000534057617,13.539999961853027,18.553162344487944,-0.0034060990503663735,0.012397566491468393,0.031388986252935513,0.10004399535461118,0.08526942932218994,0.11367995286003899,0.11931198523485483,-0.005188261499940561
2023-06-20,422.2636413574219,3.7290000915527344,13.880000114440918,18.148352213664616,-0.005188261499940561,-0.0034060990503663735,0.02603502752440834,0.1150905700348123,0.09192675136068047,0.1161777017946049,0.12020368468432546,-0.005123679827647165
2023-06-21,420.10009765625,3.7230000495910645,13.199999809265137,18.159086096253898,-0.005123679827647165,-0.005188261499940561,0.011535098425339285,0.1176980654307918,0.1000827560043516,0.1190481917557364,0.12063614479104834,0.003609659853666791
2023-06-22,421.61651611328125,3.7990000247955322,12.90999984741211,18.07306749003214,0.003609659853666791,-0.005123679827647165,-0.00023894029615523227,0.12049287087375692,0.09549017132050748,0.10816735112997271,0.12070142637708106,-0.00755989817256375
2023-06-23,418.42913818359375,3.739000082015991,13.4399995803833,18.33810860078574,-0.00755989817256375,0.003609659853666791,0.0021763402896137762,0.06759248818854739,0.10598284821929879,0.10856249293796746,0.12192757368514785,-0.004085817855711826
2023-06-26,416.7195129394531,3.7190001010894775,14.25,18.103550650189273,-0.004085817855711826,-0.00755989817256375,-0.017579632621081198,0.06768386522343757,0.10933160013364258,0.1089142438630904,0.11944037481950064,0.010963331188829972
2023-06-27,421.28814697265625,3.7679998874664307,13.739999771118164,18.103414696008862,0.010963331188829972,-0.004085817855711826,-0.018249684482552153,0.12098976172926887,0.11368815725286657,0.10651319746258774,0.1207251913703697,0.0005043908735893332
2023-06-28,421.5006408691406,3.7100000381469727,13.430000305175781,18.141442931504464,0.0005043908735893332,0.010963331188829972,-0.0023101548161470475,0.1136356958773686,0.109231261635588,0.10648773640536499,0.11778902877079943,0.003941214328426312
2023-06-29,423.161865234375,3.8540000915527344,13.539999961853027,18.033285895811165,0.003941214328426312,0.0005043908735893332,0.003333832152632832,0.11419604312098472,0.1107007110154876,0.10270981920399182,0.11780191443990257,0.011800881108608996
2023-06-30,428.1555480957031,3.819000005722046,13.59000015258789,18.469128001717067,0.011800881108608996,0.003941214328426312,0.0036652955044069735,0.10795629503755105,0.1089476304830661,0.10506399309160898,0.11894477654809121,0.001150479611221833
2023-07-03,428.64813232421875,3.8580000400543213,13.569999694824219,17.305737864088755,0.001150479611221833,0.011800881108608996,0.02324505877944305,0.08537818869562426,0.10669797221041197,0.0954720757487441,0.11864528545994296,-0.001487262299673442
2023-07-05,428.0106201171875,3.944999933242798,14.180000305175781,17.883141483785845,-0.001487262299673442,0.001150479611221833,0.028625055977397507,0.08247115997539374,0.10220969946555368,0.09524905938262548,0.11869502086918068,-0.007830559202204768
2023-07-06,424.6590576171875,4.040999889373779,15.4399995803833,18.205732283463377,-0.007830559202204768,-0.001487262299673442,0.015956948214276734,0.1145199686035377,0.10777762124170943,0.10148744720174026,0.12019827730471164,-0.0025247160880151887
2023-07-07,423.5869140625,4.050000190734863,14.829999923706055,18.271417114683285,-0.0025247160880151887,-0.007830559202204768,0.007493266775429275,0.115088074102071,0.10817761066449194,0.10092979000661899,0.1204338187963671,0.0025311064130968397
2023-07-10,424.6590576171875,4.00600004196167,15.069999694824219,17.949772721866687,0.0025311064130968397,-0.0025247160880151887,0.0010044591988211948,0.06365344855640413,0.0985955523811522,0.09963423389821005,0.11995213941547096,0.006368490692355122
2023-07-11,427.3634948730469,3.9800000190734863,14.84000015258789,17.98161439941421,0.006368490692355122,0.0025311064130968397,-0.008166402360233027,0.0851678041642642,0.09595441945680462,0.10117499623945714,0.11782859758867584,0.00804593194998482
2023-07-12,430.8020324707031,3.8610000610351562,13.539999961853027,18.336478156798556,0.00804593194998482,0.006368490692355122,-0.0029969510054932424,0.1037040284162495,0.08969872104861697,0.10023737850148037,0.11839570853760802,0.00793687056463832
2023-07-13,434.22125244140625,3.760999917984009,13.609999656677246,18.098064876900615,0.00793687056463832,0.00804593194998482,0.006521829651683353,0.07147764781608354,0.0933348760961388,0.10123484950264033,0.11907344551073064,-0.0006228317380210235
2023-07-14,433.9508056640625,3.819000005722046,13.34000015258789,18.06137091747173,-0.0006228317380210235,0.00793687056463832,0.022517345745251216,0.06012316675792448,0.09483691023544866,0.10155095536893899,0.1191393282637301,0.003472154827457663
2023-07-17,435.4575500488281,3.796999931335449,13.479999542236328,17.779750250321825,0.003472154827457663,-0.0006228317380210235,0.024466977750009722,0.0581742643805808,0.0801328620997484,0.09355789698609875,0.11916233674576432,0.007430615850097633
2023-07-18,438.6932678222656,3.7890000343322754,13.300000190734863,18.205855015933118,0.007430615850097633,0.003472154827457663,0.025428616764310297,0.06015707958204785,0.0849735953556423,0.09450036243275907,0.11887268084073034,0.0022237756799066144
2023-07-19,439.6688232421875,3.742000102996826,13.760000228881836,18.00352305831031,0.0022237756799066144,0.007430615850097633,0.026510858052076758,0.057254741004868555,0.0823034236195987,0.09096580689846334,0.1188606152643522,-0.006634521333556576
2023-07-20,436.7518310546875,3.8540000915527344,13.989999771118164,18.07242172938079,-0.006634521333556576,0.0022237756799066144,0.020582054176096154,0.08314454252780325,0.07813052340296286,0.09268509369485095,0.12008923316360408,0.0
2023-07-21,436.7518310546875,3.8369998931884766,13.600000381469727,18.08206462485654,0.0,-0.006634521333556576,0.005827855267454218,0.08241097710344879,0.07422243888686852,0.09271948541344749,0.11449033156885707,0.004467321488114129
2023-07-24,438.70294189453125,3.8570001125335693,13.90999984741211,17.804927862510606,0.004467321488114129,0.0,0.00645470720198027,0.084344838527982,0.07446108279529143,0.08625187346097407,0.11389210026590006,0.0027300771358440556
2023-07-25,439.900634765625,3.9119999408721924,13.859999656677246,17.826314096367533,0.0027300771358440556,0.004467321488114129,0.007452831729152898,0.06865575406836137,0.07243260528149582,0.08279645672953849,0.10764183865626407,0.00015373233812465692
2023-07-26,439.96826171875,3.8510000705718994,13.1899995803833,18.078935242074973,0.00015373233812465692,0.0027300771358440556,0.002752189358530499,0.06704423362570874,0.0674090546631528,0.07723214793479323,0.10674875612190766,-0.006630005937484418
2023-07-27,437.05126953125,4.01200008392334,14.40999984741211,18.339409960001756,-0.006630005937484418,0.00015373233812465692,0.0006810546045872279,0.06701547660468862,0.07171256043615555,0.08320930508118556,0.10795031138338927,0.009790384892540471
2023-07-28,441.3301696777344,3.9690001010894775,13.329999923706055,18.197684694259255,0.009790384892540471,-0.006630005937484418,0.0006856032540021317,0.09562469487179892,0.08442599875223802,0.08765294349702771,0.10592921543283791,0.0019040892487898198
2023-07-31,442.1705017089844,3.9590001106262207,13.630000114440918,17.943296359823613,0.0019040892487898198,0.009790384892540471,0.010482700466282857,0.09333485112429277,0.08386970212459267,0.07984559048692448,0.10435848578596878,-0.0028616106667638253
2023-08-01,440.9051818847656,4.051000118255615,13.930000305175781,17.828129765711946,-0.0028616106667638253,0.0019040892487898198,0.007904117988082104,0.09738461260338233,0.0794384193377517,0.08141564860346961,0.10314015156779975,-0.01391084085287353
2023-08-02,434.7718200683594,4.078000068664551,16.09000015258789,18.35809658912954,-0.01391084085287353,-0.0028616106667638253,0.0022835773348584,0.1414789865052896,0.1064242392961401,0.09763396391383677,0.10247001670559373,-0.0028658059749401277
2023-08-03,433.5258483886719,4.189000129699707,15.920000076293945,17.978698440491105,-0.0028658059749401277,-0.01391084085287353,-0.011810946612581863,0.1367350912796497,0.10254661228739083,0.09330643167320486,0.10283581285623848,-0.004522878899602456
2023-08-04,431.5650634765625,4.059999942779541,17.100000381469727,18.4219689238922,-0.004522878899602456,-0.0028658059749401277,-0.008066378908724414,0.09219519778383,0.10415552528166545,0.094582676561897,0.10286973497238355,0.008728620762514794
2023-08-07,435.33203125,4.078000068664551,15.770000457763672,17.88209846027709,0.008728620762514794,-0.004522878899602456,-0.02212653217953009,0.12771973862024777,0.11248247960566382,0.09843636600239576,0.10373981609143192,-0.004348837991834498
2023-08-08,433.4388427734375,4.026000022888184,15.989999771118164,18.08326627757208,-0.004348837991834498,0.008728620762514794,-0.015465686726169547,0.1279908820365636,0.1119650020781898,0.09841097504146509,0.10422888359836378,-0.00668503189906533
2023-08-09,430.5412902832031,4.01200008392334,15.960000038146973,18.18229157911462,-0.00668503189906533,-0.004348837991834498,-0.016934115129723093,0.09710271471545495,0.11444706901518353,0.09776478577926037,0.10542367045682714,0.0003588041006872267
2023-08-10,430.6957702636719,4.079999923706055,15.850000381469727,18.34816919990584,0.0003588041006872267,-0.00668503189906533,-0.009730459955962889,0.0978588435428729,0.11212400841048072,0.09318594152149584,0.10535890248180485,-0.0005831486754908077
2023-08-11,430.4446105957031,4.168000221252441,14.84000015258789,18.045127303006062,-0.0005831486754908077,0.0003588041006872267,-0.006528049332049868,0.09357207678702623,0.09358887467195615,0.09318473935793564,0.10410380131365272,0.005520174005901213
2023-08-14,432.82073974609375,4.184000015258789,14.819999694824219,17.683945267018238,0.005520174005901213,-0.0005831486754908077,-0.0025962548308089417,0.07444033293815203,0.09987945345147617,0.09458338099824863,0.1020685560532946,-0.011648864423976613
2023-08-15,427.77886962890625,4.2210001945495605,16.459999084472656,18.142387802006002,-0.011648864423976613,0.005520174005901213,-0.005768680739378196,0.10569626550283384,0.1108518352534835,0.09811689691826933,0.1039950604828141,-0.0073381350598660244
2023-08-16,424.6397705078125,4.257999897003174,16.780000686645508,18.198876308122657,-0.0073381350598660244,-0.011648864423976613,-0.013058297009826969,0.10737193854106988,0.09674325962444945,0.09949975146584289,0.10527884907501428,-0.0076199840800265095
2023-08-17,421.4040222167969,4.308000087738037,17.889999389648438,18.376846937225665,-0.0076199840800265095,-0.0073381350598660244,-0.013707209757997219,0.10781332782320606,0.1003454929524624,0.10020447404376305,0.10671493433270214,0.00048129541609931437
2023-08-18,421.6068420410156,4.250999927520752,17.299999237060547,18.409134350168127,0.00048129541609931437,-0.0076199840800265095,-0.02157380844763479,0.1103806225138549,0.1011007648040718,0.10033159339576378,0.10375306525777186,0.006506450533914965
2023-08-21,424.3500061035156,4.3420000076293945,17.1299991607666,18.045536298281988,0.006506450533914965,0.00048129541609931437,-0.020531720776934992,0.11589235344855717,0.0947190766957062,0.10224869564739683,0.10293161778285638,-0.0027087181891020107
2023-08-22,423.2005615234375,4.328000068664551,16.969999313354492,17.989808608495366,-0.0027087181891020107,0.006506450533914965,-0.019570997562518233,0.0935810260285286,0.09419640709417083,0.10097888013083212,0.10204108747217819,0.01113767534243526
2023-08-23,427.9140319824219,4.197999954223633,15.979999542236328,18.041482632831045,0.01113767534243526,-0.0027087181891020107,-0.010702511111501112,0.11769020699997361,0.11212812727613604,0.11099258008120169,0.10119845811256012,-0.013859047644585898
2023-08-24,421.9835510253906,4.235000133514404,17.200000762939453,18.2987085823976,-0.013859047644585898,0.01113767534243526,0.007710680209472187,0.15175283383419744,0.1300455049782959,0.11826862779567503,0.10566259586043866,0.007049690700967615
2023-08-25,424.9584045410156,4.238999843597412,15.680000305175781,18.443665567393317,0.007049690700967615,-0.013859047644585898,0.0013752332157275227,0.15919758450399274,0.13780569333392945,0.11508625108108432,0.10561852555571483,0.006341527135619085
2023-08-28,427.6532897949219,4.211999893188477,15.079999923706055,17.93609776662571,0.006341527135619085,0.007049690700967615,0.007949497412743423,0.1588830006746531,0.13899177855511172,0.11805255498490887,0.10471983185455423,0.014454794976473506
2023-08-29,433.8349304199219,4.122000217437744,14.449999809265137,18.23533743827035,0.014454794976473506,0.006341527135619085,0.007784337560726717,0.1754699957130172,0.14548484960711447,0.1309738085582498,0.10471629035886494,0.004118837895840999
2023-08-30,435.621826171875,4.118000030517578,13.880000114440918,18.050397931517043,0.004118837895840999,0.014454794976473506,0.025128437585722363,0.16693315188748212,0.1372543599299431,0.12234355457341053,0.10475568293436752,-0.00146338326308193
2023-08-31,434.9843444824219,4.0929999351501465,13.569999694824219,18.00644631247707,-0.00146338326308193,0.004118837895840999,0.018012482913319694,0.09115500433641864,0.12756862411535042,0.12198947987070367,0.10484533019776537,0.0018652173171809228
2023-09-01,435.7956848144531,4.172999858856201,13.09000015258789,17.892100112086418,0.0018652173171809228,-0.00146338326308193,0.030808768316775037,0.09509856380702612,0.12692856696719454,0.12081384821931916,0.10446048925883379,-0.004322012516252416
2023-09-05,433.91217041015625,4.26800012588501,14.010000228881836,17.825861022990043,-0.004322012516252416,0.0018652173171809228,0.025501978917542578,0.11426930596522485,0.13095112202798753,0.11789278587838506,0.10449009779583789,-0.006722540611715733
2023-09-06,430.99517822265625,4.289999961853027,14.449999809265137,18.074783242746562,-0.006722540611715733,-0.004322012516252416,0.014635408553119733,0.07007543038502878,0.13664316475529872,0.11931008157609707,0.10561199952897479,-0.0030700602215558703
2023-09-07,429.6719970703125,4.260000228881836,14.399999618530273,18.06907011185423,-0.0030700602215558703,-0.006722540611715733,-0.006545697448836041,0.051015045490717906,0.12797130202740567,0.11740120696876263,0.10442814417964669,0.0015060912709066177
2023-09-08,430.3191223144531,4.257999897003174,13.84000015258789,17.937141131237638,0.0015060912709066177,-0.0030700602215558703,-0.013658243788765012,0.059376411182580385,0.10011531084458987,0.11752800787712551,0.10367866573099682,0.006576625254765878
2023-09-11,433.149169921875,4.288000106811523,13.800000190734863,17.912852307463204,0.006576625254765878,0.0015060912709066177,-0.010725034652729337,0.08382776180293644,0.09947009407328268,0.11979711329187857,0.10443498841315925,-0.005485776801551601
2023-09-12,430.77301025390625,4.263999938964844,14.229999542236328,18.028606590462243,-0.005485776801551601,0.006576625254765878,-0.006072834093584278,0.0869034604573538,0.10245259928113719,0.11985550738093444,0.10214435057668866,0.0011660882273971662
2023-09-13,431.27532958984375,4.249000072479248,13.479999542236328,17.913171298915955,0.0011660882273971662,-0.005485776801551601,-0.007234551990746629,0.07373663981739677,0.06888244516443602,0.11200939684059083,0.10188257849651113,0.008622469666424326
2023-09-14,434.9939880371094,4.288000106811523,12.819999694824219,18.23952811569517,0.008622469666424326,0.0011660882273971662,0.0006500104440676502,0.08718006436661124,0.08026056137861097,0.11165432491639399,0.10264196615304029,-0.01204829589242451
2023-09-15,429.7530517578125,4.322000026702881,13.789999961853027,18.532659420192775,-0.01204829589242451,0.008622469666424326,0.01238617131924924,0.1360818206170104,0.10026927633075118,0.11727406982234567,0.10521572919842823,0.0005863452081316112
2023-09-18,430.0050354003906,4.318999767303467,14.0,17.836427447345823,0.0005863452081316112,-0.01204829589242451,-0.0013154668879133968,0.12323337227143434,0.09937932576594648,0.11726841268714155,0.10500406551981986,-0.002073893546707839
2023-09-19,429.1132507324219,4.364999771118164,14.109999656677246,18.012932045435228,-0.002073893546707839,0.0005863452081316112,-0.00725877997654123,0.11844994186505572,0.09810995030582734,0.1158839678839076,0.1038343702759181,-0.009193252089813475
2023-09-20,425.1683044433594,4.348999977111816,15.140000343322754,18.22906736356174,-0.009193252089813475,-0.002073893546707839,-0.0038529793695897263,0.13014912386955982,0.1027526974123484,0.12052064055604869,0.10530268612036783,-0.016528381058885322
2023-09-21,418.1409606933594,4.480000019073486,17.540000915527344,18.460822196556492,-0.016528381058885322,-0.009193252089813475,-0.01416038601672942,0.11204738519039369,0.1281614613777761,0.12722434278458034,0.10849871696856407,-0.0022486354373705275
2023-09-22,417.2007141113281,4.438000202178955,17.200000762939453,18.428943522977715,-0.0022486354373705275,-0.016528381058885322,-0.038743127048257664,0.11051093843488623,0.12609095291097347,0.11816242976332086,0.10857966671319631,0.004205303363737922
2023-09-25,418.9551696777344,4.541999816894531,16.899999618530273,18.07642127942303,0.004205303363737922,-0.0022486354373705275,-0.029208257149406447,0.1258038253015933,0.12149317395498958,0.11615244887102971,0.10862348578529495,-0.014691306432693896
2023-09-26,412.8001708984375,4.558000087738037,18.940000534057617,18.381611389743743,-0.014691306432693896,0.004205303363737922,-0.025697061227125784,0.13759218152555205,0.13424967322799275,0.12306402620846658,0.10974377856452808,0.0003992123392688729
2023-09-27,412.9649658203125,4.625999927520752,18.219999313354492,18.466665080227596,0.0003992123392688729,-0.014691306432693896,-0.03801579141669664,0.14749167057273088,0.13344089980446144,0.1076889084485885,0.10970382799360105,0.005797427674593791
2023-09-28,415.3591003417969,4.5970001220703125,17.34000015258789,18.340102820576455,0.005797427674593791,0.0003992123392688729,-0.028702371497385637,0.12891524412684693,0.1263475133252184,0.10919913298351236,0.11046466416086755,-0.0024270255722664835
2023-09-29,414.35101318359375,4.572999954223633,17.520000457763672,18.561410053060023,-0.0024270255722664835,0.005797427674593791,-0.006652924762380663,0.12900347226937142,0.11946687222009503,0.1091482047481716,0.10947876412033175,-0.0003976445068419876
2023-10-02,414.1862487792969,4.683000087738037,17.610000610351562,18.243926870802216,-0.0003976445068419876,-0.0024270255722664835,-0.00683052744481627,0.12038151289124027,0.11859633726118265,0.10826619425645562,0.10938803472634875,-0.013386034760395571
2023-10-03,408.6419372558594,4.802000045776367,19.780000686645508,18.457596890168485,-0.013386034760395571,-0.0003976445068419876,-0.011382890685191493,0.11195404248997874,0.12747419531734355,0.11485041472252631,0.11241890561186213,0.007282019426037234
2023-10-04,411.61767578125,4.735000133514404,18.579999923706055,18.286612075592508,0.007282019426037234,-0.013386034760395571,-0.010073236242921002,0.1304010191223186,0.138130135944387,0.11944892027210494,0.11267661376391268,-0.000376856628702682
2023-10-05,411.4625549316406,4.7170000076293945,18.489999771118164,18.066042310631758,-0.000376856628702682,0.007282019426037234,-0.0032624802357901217,0.11801864043403028,0.11661102145579569,0.11959226962157694,0.11122883982595368,0.011872826166365202
2023-10-06,416.3477783203125,4.783999919891357,17.450000762939453,18.5453140495085,0.011872826166365202,-0.000376856628702682,-0.009381148521724447,0.1523641125961256,0.13452914353026313,0.12906550482906803,0.11282150468273516,0.006402165407255467
2023-10-09,419.0133056640625,4.796999931335449,17.700000762939453,18.202206287928192,0.006402165407255467,0.011872826166365202,0.004819018352041571,0.15604068456968728,0.136960764150617,0.12892000515815555,0.11375025590828239,0.005204866226547811
2023-10-10,421.1942138671875,4.65500020980835,17.030000686645508,18.17997514112632,0.005204866226547811,0.006402165407255467,0.011654314692948198,0.06990296234629008,0.11096000124910359,0.13025320460520903,0.11406746971004868,0.00409623689617189
2023-10-11,422.9195251464844,4.59499979019165,16.09000015258789,17.94990403195515,0.00409623689617189,0.005204866226547811,0.030717054386586007,0.07010164648289484,0.11098404725349952,0.1313375862169019,0.1132755600958515,-0.00609652302563668
2023-10-12,420.3411865234375,4.711999893188477,16.690000534057617,18.211861618915194,-0.00609652302563668,0.00409623689617189,0.02745715266912052,0.10370644357943272,0.11672204829436676,0.12745100546571667,0.11367704539925573,-0.004980854873113616
2023-10-13,418.2475280761719,4.629000186920166,19.31999969482422,18.37089264250913,-0.004980854873113616,-0.00609652302563668,0.02157822500585005,0.09476770298416809,0.1196227318633767,0.1221864820917064,0.11335986296274798,0.010521530798492718
2023-10-16,422.64813232421875,4.711999893188477,17.209999084472656,18.138758067625677,0.010521530798492718,-0.004980854873113616,0.004562891541114,0.11260079685451202,0.1283851787553114,0.1291421350964218,0.11566321227615319,-4.592278588988474e-05
2023-10-17,422.62872314453125,4.8470001220703125,17.8799991607666,18.13731867350711,-4.592278588988474e-05,0.010521530798492718,0.008674728489577843,0.10854557489888349,0.09712330712389414,0.12908387395126614,0.11520077803072552,-0.013325007159517788
2023-10-18,416.9971923828125,4.9039998054504395,19.219999313354492,18.35411137270065,-0.013325007159517788,-4.592278588988474e-05,0.0034058143016089115,0.14007533412788584,0.12506147736387674,0.13343676689748005,0.1178883671808928,-0.008786487047433011
2023-10-19,413.333251953125,4.98799991607666,21.399999618530273,18.61396697671347,-0.008786487047433011,-0.013325007159517788,-0.014003450802184125,0.14528613511659408,0.1350003464616948,0.12392937563906434,0.11897759695490527,-0.012288003695187233
2023-10-20,408.25421142578125,4.923999786376953,21.709999084472656,18.63514595517005,-0.012288003695187233,-0.008786487047433011,-0.016672015008269314,0.1591389570449086,0.13239871092906194,0.13069447810214335,0.12067156847082657,-0.0017331862026238598
2023-10-23,407.546630859375,4.8379998207092285,20.3700008392334,18.337680594856952,-0.0017331862026238598,-0.012288003695187233,-0.023893307143636355,0.0962278470247971,0.12410229613280582,0.12921837148841742,0.11851853343739928,0.007539412967386028
2023-10-24,410.6192932128906,4.840000152587891,18.969999313354492,18.179426695631662,0.007539412967386028,-0.0017331862026238598,-0.03573067123660967,0.13795414445138074,0.12875491329527128,0.12270204270519777,0.11972557514470687,-0.01435224950284919
2023-10-25,404.7259826660156,4.953000068664551,20.190000534057617,18.3611770043377,-0.01435224950284919,0.007539412967386028,-0.028416028712590857,0.14166523549451576,0.1353871590292068,0.1324722944854074,0.12268400124016195,-0.011974383167141167
2023-10-26,399.879638671875,4.84499979019165,20.68000030517578,18.561805244579794,-0.011974383167141167,-0.01435224950284919,-0.02942755956383425,0.14741433472928672,0.14061882118225666,0.13541153422547847,0.12190202168612803,-0.004532919146203018
2023-10-27,398.0670166015625,4.84499979019165,21.270000457763672,18.491769959241058,-0.004532919146203018,-0.011974383167141167,-0.032549070798629454,0.13844380678354407,0.1406333794989359,0.13573390916158753,0.12203753224062984,0.01195574009533984
2023-10-30,402.8262023925781,4.875,19.75,18.276379576364896,0.01195574009533984,-0.004532919146203018,-0.024953067326950906,0.18510534398969858,0.14514816942554304,0.1444336236136419,0.12487166725366503,0.006280242388355672
2023-10-31,405.3560485839844,4.875,18.139999389648438,18.193343423568898,0.006280242388355672,0.01195574009533984,-0.011582548129138281,0.18107215127369772,0.1540925661273327,0.1394829320787498,0.12414580519443702,0.010664693574886419
2023-11-01,409.6790466308594,4.789000034332275,16.8700008392334,18.40117270346123,0.010664693574886419,0.006280242388355672,-0.012817821071494206,0.16446229958467562,0.16088289359704225,0.14242892046238037,0.12629206800227463,0.019164410259168374
2023-11-02,417.5303039550781,4.669000148773193,15.65999984741211,18.368744095288406,0.019164410259168374,0.010664693574886419,0.012238067672890374,0.13860202625052218,0.18578024632972218,0.15812842167681437,0.13221361680414828,0.009123399231655949
2023-11-03,421.339599609375,4.558000087738037,14.90999984741211,18.42235734766654,0.009123399231655949,0.019164410259168374,0.04413994506403607,0.0763476831134764,0.1733423887919332,0.15585497352779193,0.133662509899628,0.002300373100815989
2023-11-06,422.308837890625,4.6620001792907715,14.890000343322754,18.03254021000721,0.002300373100815989,0.009123399231655949,0.058463982287451755,0.09948530526352198,0.17128987110350133,0.15451864363588552,0.13376987588398465,0.00284610386194295
2023-11-07,423.5107727050781,4.571000099182129,14.8100004196167,17.9783872344299,0.00284610386194295,0.002300373100815989,0.048364866491628744,0.1090310439635791,0.1698951473148069,0.15377834107184352,0.13338609457772685,0.0007324032446240913
2023-11-08,423.8209533691406,4.5229997634887695,14.449999809265137,17.938539770241665,0.0007324032446240913,0.00284610386194295,0.044787105519981774,0.12062718151545353,0.14076844945882752,0.15314468163598197,0.13129468752803528,-0.007798735073642149
2023-11-09,420.51568603515625,4.630000114440918,15.289999961853027,18.236450178159686,-0.007798735073642149,0.0007324032446240913,0.03451947775846054,0.09643254293603155,0.12793105900064072,0.15418133161472938,0.13140617066647944,0.015604895344940362
2023-11-10,427.0777893066406,4.627999782562256,14.170000076293945,18.309326758840925,0.015604895344940362,-0.007798735073642149,0.007150096775728532,0.13300654170835413,0.12550833911568193,0.16234461995661256,0.13433855834552863,-0.0009532326484326115
2023-11-13,426.6706848144531,4.631999969482422,14.760000228881836,17.771284403852995,-0.0009532326484326115,0.015604895344940362,0.013618918569689331,0.1356586615011964,0.1281886951898639,0.15857328387940198,0.13436054807299846,0.019400771539097805
2023-11-14,434.94842529296875,4.440999984741211,14.15999984741211,18.39204359715593,0.019400771539097805,-0.0009532326484326115,0.010328571255138641,0.1838495021158572,0.14534765469681665,0.17209878325279546,0.13943433987589482,0.0021170484388934874
2023-11-15,435.8692321777344,4.534999847412109,14.180000305175781,18.163561513215082,0.0021170484388934874,0.019400771539097805,0.02700675714772305,0.18188848157040996,0.14582481453300306,0.16294973773260066,0.13931822007118613,0.0012230998035855922
2023-11-16,436.40234375,4.445000171661377,14.319999694824219,18.015202650759896,0.0012230998035855922,0.0021170484388934874,0.02842775637404582,0.14788622214938277,0.1280820077196954,0.1577356477568346,0.13756445540058085,0.0012437035105934413
2023-11-17,436.9450988769531,4.440999984741211,13.800000190734863,18.235954710720463,0.0012437035105934413,0.0012230998035855922,0.03777898956548209,0.13251512591714001,0.1261415969472781,0.14759439894579746,0.13433898963925803,0.007697681846331683
2023-11-20,440.3085632324219,4.421999931335449,13.40999984741211,18.063093970137384,0.007697681846331683,0.0012437035105934413,0.02310424427908564,0.12358057536332548,0.12740226381074057,0.1470032824592419,0.1344780292373075,-0.002179438067467454
2023-11-21,439.34893798828125,4.418000221252441,13.350000381469727,17.7123102952077,-0.002179438067467454,0.007697681846331683,0.03196347652499143,0.05674912034215116,0.1313469385899792,0.14786984974679368,0.13406461848623172,0.003860915358683048
2023-11-22,441.04522705078125,4.415999889373779,12.850000381469727,17.89971893889742,0.003860915358683048,-0.002179438067467454,0.010117320673936003,0.058266326259595616,0.13029661239972004,0.13211710765337964,0.13107422065226854,0.0006153401184736396
2023-11-24,441.3166198730469,4.4720001220703125,12.460000038146973,17.207916104457922,0.0006153401184736396,0.003860915358683048,0.011875109530411265,0.059172174892411486,0.11485489575033023,0.11833890969734229,0.13083562506082402,-0.0018010432566402113
2023-11-27,440.52178955078125,4.388999938964844,12.6899995803833,17.737602718868832,-0.0018010432566402113,0.0006153401184736396,0.011260883891728302,0.06598277889504706,0.10176447934315548,0.11579987182564562,0.13085633879532652,0.0009901615640521833
2023-11-28,440.9579772949219,4.335999965667725,12.6899995803833,17.944498079729087,0.0009901615640521833,-0.0018010432566402113,0.008185675232474265,0.038736594130750965,0.10003811030969685,0.1137186938726919,0.13082232461110882,-0.0007034245439108133
2023-11-29,440.6477966308594,4.270999908447266,12.979999542236328,17.96096007933996,-0.0007034245439108133,0.0009901615640521833,0.0014749067284371975,0.033907652484281965,0.04566241438930683,0.11500941049540865,0.13049435915491336,0.003937490213237638
2023-11-30,442.3828430175781,4.3520002365112305,12.920000076293945,18.194441167394267,0.003937490213237638,-0.0007034245439108133,0.0029563258955978,0.0343738355869484,0.04744691753150202,0.11245043480416463,0.12987484999891796,0.00591583844399568
2023-12-01,444.9999084472656,4.22599983215332,12.630000114440918,18.306205492789875,0.00591583844399568,0.003937490213237638,0.003032831747758369,0.05101629291975537,0.052310871947718704,0.09737603854562374,0.13013475415435724,-0.005249435990464013
2023-12-04,442.6639099121094,4.288000106811523,13.079999923706055,18.09814357569099,-0.005249435990464013,0.00591583844399568,0.008346136103549284,0.06862357428712365,0.06370643305053694,0.09914605241819452,0.13067304949338324,-0.0001968947573393054
2023-12-05,442.5767517089844,4.171000003814697,12.850000381469727,18.061051454515177,-0.0001968947573393054,-0.005249435990464013,0.004862688775310042,0.06912607009461348,0.05295667061973706,0.09960462291256944,0.13006466692658744,-0.004029897213245759
2023-12-06,440.793212890625,4.120999813079834,12.970000267028809,18.05142269230013,-0.004029897213245759,-0.0001968947573393054,0.0036710400931920795,0.077080482938519,0.05630560592424667,0.10212286684074397,0.12981764460852227,0.007630342804636259
2023-12-07,444.1566162109375,4.129000186920166,13.0600004196167,18.02013453320824,0.007630342804636259,-0.004029897213245759,0.0003300056436852383,0.0917917900349921,0.06536732286501865,0.10388819921863983,0.13065042705239088,0.004299125113953917
2023-12-08,446.06610107421875,4.244999885559082,12.350000381469727,18.236690607853905,0.004299125113953917,0.007630342804636259,0.00400958857549738,0.08670749639648563,0.06778757479199854,0.09682358330766001,0.1298034868671393,0.0038895936386162955
2023-12-11,447.8011169433594,4.238999843597412,12.630000114440918,17.989931688825084,0.0038895936386162955,0.004299125113953917,0.0023959389804670828,0.07153938292133312,0.06703240912335531,0.08472322533560621,0.1273340049500304,0.004567402823598243
2023-12-12,449.8464050292969,4.205999851226807,12.069999694824219,18.039824357110916,0.004567402823598243,0.0038895936386162955,0.011605208638467923,0.0689341839944611,0.06843960607160221,0.08410187733287167,0.12757763738270814,0.013790107259781692
2023-12-13,456.0498352050781,4.0329999923706055,12.1899995803833,18.351094850233913,0.013790107259781692,0.004567402823598243,0.016425746025386934,0.06605310222340093,0.08819564073615273,0.07055810437405995,0.13017596601656273,0.00320921508733929
2023-12-14,457.5133972167969,3.930000066757202,12.479999542236328,18.594852523007393,0.00320921508733929,0.013790107259781692,0.03461174507294151,0.07003762666919683,0.08815993489416638,0.07061042451495846,0.1284787128155794,-0.0016464334934053193
2023-12-15,456.7601318359375,3.927999973297119,12.279999732971191,18.768189715418455,-0.0016464334934053193,0.00320921508733929,0.030072232447655445,0.08901935224145706,0.09022466945454395,0.07198519606379516,0.12319179452345784,0.005625064975777638
2023-12-18,459.3294372558594,3.9539999961853027,12.5600004196167,18.069352921502016,0.005625064975777638,-0.0016464334934053193,0.023974094278774727,0.08880022131687565,0.079526099247435,0.07281418604826774,0.12322444204335291,0.006080867262889589
2023-12-19,462.12255859375,3.921999931335449,12.529999732971191,17.836599623034104,0.006080867262889589,0.005625064975777638,0.02574428664044226,0.08886861069741697,0.0770891045664303,0.07150104740627745,0.12345133014422671,-0.013857249423357532
2023-12-20,455.71881103515625,3.877000093460083,13.670000076293945,18.4494722713313,-0.013857249423357532,0.006080867262889589,0.027289655818531378,0.13128472199799887,0.11394530936181606,0.09087692883159187,0.12299029796435026,0.009481822600343914
2023-12-21,460.03985595703125,3.8940000534057617,13.649999618530273,18.27758952718843,0.009481822600343914,-0.013857249423357532,-0.0007258508706028399,0.14781111207414666,0.1162445869461436,0.09464186776978545,0.12399097913917473,0.0020096737648382934
2023-12-22,460.9643859863281,3.9010000228881836,13.029999732971191,18.022594360971752,0.0020096737648382934,0.009481822600343914,0.005522152478164788,0.14573836236957735,0.11639618442051883,0.09447567828770008,0.12371610022273946,0.0042226747764513295
2023-12-26,462.910888671875,3.885999917984009,12.989999771118164,17.82985548519631,0.0042226747764513295,0.0020096737648382934,0.009204512078345717,0.14378776176253757,0.11645421857981969,0.0935093200035346,0.12350351076275581,0.0018080036580676584
2023-12-27,463.7478332519531,3.7890000343322754,12.430000305175781,18.03502268960117,0.0018080036580676584,0.0042226747764513295,0.007797130176136813,0.13847736254767398,0.11646923934025352,0.09337934740647684,0.12341257874305006,0.0003777287695538867
2023-12-28,463.9230041503906,3.8499999046325684,12.470000267028809,18.16136713450143,0.0003777287695538867,0.0018080036580676584,0.003516977537623145,0.05674163883657875,0.10024142594127612,0.09295932150172131,0.11927811942435468,-0.0028949148158422533
2023-12-29,462.5799865722656,3.865999937057495,12.449999809265137,18.62184941449525,-0.0028949148158422533,0.0003777287695538867,0.018002752830410307,0.04166928752723189,0.10238189398700202,0.09479450327667487,0.11922936927609801,-0.005596516808055729
2024-01-02,459.99114990234375,3.946000099182129,13.199999809265137,18.632752840268527,-0.005596516808055729,-0.0028949148158422533,0.005521544671276635,0.06152077023559587,0.10717910201291173,0.09765732707815795,0.12014547864737639,-0.008166395652090208
2024-01-03,456.23468017578125,3.9070000648498535,14.039999961853027,18.455911787794882,-0.008166395652090208,-0.005596516808055729,-0.0021113042863429854,0.06541125615830197,0.11178835378096823,0.10089612244464152,0.12005125921427086,-0.003221359771150234
2024-01-04,454.7649841308594,3.990999937057495,14.130000114440918,18.249087840782387,-0.003221359771150234,-0.008166395652090208,-0.01442223257104247,0.05073017656668827,0.1056842743305301,0.1021461849726526,0.12001133645606998,0.0013697059115047594
2024-01-05,455.38787841796875,4.041999816894531,13.350000381469727,18.271239469115656,0.0013697059115047594,-0.003221359771150234,-0.019370115560655154,0.05619476276520973,0.0809087763293605,0.10013235449165542,0.11974821456244342,0.014276025907794754
2024-01-08,461.8890075683594,4.001999855041504,13.079999923706055,18.13138538418547,0.014276025907794754,0.0013697059115047594,-0.018397720432192677,0.14058372412325512,0.09842478463475901,0.10787681053689904,0.12253754236556089,-0.0015171938171328891
2024-01-09,461.188232421875,4.019000053405762,12.760000228881836,18.004125380674115,-0.0015171938171328891,0.014276025907794754,-0.0014937503220284754,0.1336544208638605,0.0984206500572157,0.10819444352503409,0.1216814929232375,0.005655623238842056
2024-01-10,463.7965393066406,4.03000020980835,12.6899995803833,18.02482830078376,0.005655623238842056,-0.0015171938171328891,0.002602403371859241,0.11097428990094015,0.10035905235141857,0.10885017070497346,0.12118505934426282,-0.0004407250183169342
2024-01-11,463.5921325683594,3.9769999980926514,12.4399995803833,18.171458851932414,-0.0004407250183169342,0.005655623238842056,0.01657449435440972,0.10205762184390335,0.09999009220243985,0.10859978045009845,0.11987250019045943,0.0006926475547639477
2024-01-12,463.9132385253906,3.950000047683716,12.699999809265137,17.87640865459848,0.0006926475547639477,-0.0004407250183169342,0.01941035204012098,0.103208761358306,0.10003728213052576,0.09846455086213408,0.1198395202318557,-0.003671148699777138
2024-01-16,462.21014404296875,4.065999984741211,13.84000015258789,18.258337104972664,-0.003671148699777138,0.0006926475547639477,0.01872109582064252,0.05518294530840032,0.10074305509685007,0.09932489845484489,0.11629082873000182,-0.005558540634168052
2024-01-17,459.64093017578125,4.105999946594238,14.789999961853027,18.047352195337158,-0.005558540634168052,-0.003671148699777138,0.0006952676278226821,0.06865951873650038,0.10068480165940519,0.10141038981519808,0.11522570440389249,0.008892665106575715
2024-01-18,463.7283630371094,4.144000053405762,14.130000114440918,18.33573487959479,0.008892665106575715,-0.005558540634168052,-0.0033550340995655015,0.08843068054060602,0.09861561778878362,0.10429397855780463,0.11230617663697823,0.012466165038470978
2024-01-19,469.50927734375,4.145999908447266,13.300000190734863,18.523548664674923,0.012466165038470978,0.008892665106575715,-0.0001469960720991148,0.12460719685094634,0.10793138271930064,0.1110707855963476,0.1139668312507404,0.002114348633203589
2024-01-22,470.5019836425781,4.093999862670898,13.1899995803833,18.144201036713365,0.002114348633203589,0.012466165038470978,0.012763686783485495,0.12366703744097472,0.10763895371943438,0.09661321151165149,0.11346043035164188,0.0029163784913535107
2024-01-23,471.8741455078125,4.142000198364258,12.550000190734863,17.72643898455952,0.0029163784913535107,0.002114348633203589,0.014202537392833836,0.10985905551047154,0.0886000382885261,0.09223435533455353,0.10802679628727405,0.001093234595571646
2024-01-24,472.3900146484375,4.177999973297119,13.140000343322754,18.2193598493788,0.001093234595571646,0.0029163784913535107,0.02090824182332396,0.07841223133451704,0.08651513683544286,0.09219644387039796,0.10373921797043832,0.005438949470246479
2024-01-25,474.9593200683594,4.131999969482422,13.449999809265137,18.09944190176009,0.005438949470246479,0.001093234595571646,0.02773705219807243,0.07260701973917813,0.08629451922800199,0.09281715867732304,0.10273578670194224,-0.0012704752739219893
2024-01-26,474.35589599609375,4.159999847412109,13.260000228881836,18.154650581283427,-0.0012704752739219893,0.005438949470246479,0.02421882706870626,0.039030252278014724,0.08715406315500672,0.09323675896747181,0.10136040288201228,0.007919481688201113
2024-01-29,478.112548828125,4.091000080108643,13.600000381469727,17.931662289333012,0.007919481688201113,-0.0012704752739219893,0.010322732449001837,0.057119861580139805,0.09086711099179211,0.09620653787126505,0.10165963182588393,-0.000773547003113384
2024-01-30,477.7427062988281,4.059000015258789,13.3100004196167,17.886559215495254,-0.000773547003113384,0.007919481688201113,0.016175415726468634,0.06395185061229253,0.08590914200789733,0.09520340568066121,0.10056490851565107,-0.016317300271938007
2024-01-31,469.9472351074219,3.9670000076293945,14.350000381469727,18.6518805642095,-0.016317300271938007,-0.000773547003113384,0.012436707640975042,0.1497096019027379,0.12509544180211626,0.11210372171625173,0.10186059223745324,0.01308818602695161
2024-02-01,476.0979919433594,3.86299991607666,13.880000114440918,18.336120190331055,0.01308818602695161,-0.016317300271938007,-0.005171107485905657,0.17767484790620997,0.13286689141375913,0.11418318075562639,0.10335904743065355,0.010527487120995715
2024-02-02,481.110107421875,4.0329999923706055,13.850000381469727,18.412932816128176,0.010527487120995715,0.01308818602695161,0.0023974092662000235,0.18949466062679046,0.12916860065531252,0.1160078704945499,0.10480608284825194,-0.003641290310139822
2024-02-05,479.3582458496094,4.164000034332275,13.670000076293945,18.14304274053445,-0.003641290310139822,0.010527487120995715,0.014238700272920957,0.18792650154957022,0.1327974160538941,0.11819613807583183,0.10547545846460736,0.0029033059196590383
2024-02-06,480.7499694824219,4.090000152587891,13.0600004196167,17.839407637694187,0.0029033059196590383,-0.003641290310139822,0.002605447241528447,0.18807495751604436,0.1327946255677716,0.10989071778016683,0.10545009217505384,0.008340329259773238
2024-02-07,484.75958251953125,4.110000133514404,12.829999923706055,18.071924379430968,0.008340329259773238,0.0029033059196590383,0.006294733847203249,0.10603438736199201,0.13649838120091914,0.11123783809379617,0.10414232174867681,0.00044168560219515207
2024-02-08,484.97369384765625,4.170000076293945,12.789999961853027,17.7733402528525,0.00044168560219515207,0.008340329259773238,0.03151917131446358,0.09163733797861806,0.13591419405262053,0.11082664247903355,0.10049887041371174,0.005779461852153833
2024-02-09,487.7765808105469,4.186999797821045,12.930000305175781,17.9740717301411,0.005779461852153833,0.00044168560219515207,0.018642594706328453,0.07387564721151638,0.13559460125241868,0.11101687572565531,0.10056073879865489,-0.00043901625073361483
2024-02-12,487.56243896484375,4.171999931335449,13.930000305175781,17.84979192095112,-0.00043901625073361483,0.005779461852153833,0.013856440107640866,0.05822122328372882,0.13327681766998034,0.11134276837918754,0.094124696809102,-0.013773088207477469
2024-02-13,480.8471984863281,4.315999984741211,15.850000381469727,18.543775876516744,-0.013773088207477469,-0.00043901625073361483,0.01711495147161468,0.13586961502522932,0.1550279907116063,0.12385496295684499,0.09946609878560267,0.009087671734173242
2024-02-14,485.21697998046875,4.267000198364258,14.380000114440918,18.040705018733675,0.009087671734173242,-0.013773088207477469,0.00020224443073990628,0.13880738584963714,0.12688879998447156,0.12289607410029053,0.10061859371507531,0.006899674771487785
2024-02-15,488.5648193359375,4.239999771118164,14.010000228881836,17.93751894038077,0.006899674771487785,0.009087671734173242,0.0009435552744727627,0.14680046156671936,0.11683304210492396,0.12177112601142796,0.10115402489362671,-0.004979795483772809
2024-02-16,486.1318664550781,4.295000076293945,14.239999771118164,18.140078894131413,-0.004979795483772809,0.006899674771487785,0.00740478408177192,0.1469628197383509,0.11329880649270296,0.1188102553726424,0.10137763551054119,-0.005505359247321762
2024-02-20,483.4555358886719,4.275000095367432,15.420000076293945,18.088513043507838,-0.005505359247321762,-0.004979795483772809,-0.00337186002808032,0.15087361569011615,0.11582373964049633,0.12156226201623622,0.10214349706285118,0.0009056379767262701
2024-02-21,483.89337158203125,4.324999809265137,15.34000015258789,17.89800857615681,0.0009056379767262701,-0.005505359247321762,-0.00842333770602044,0.10586843568110771,0.11527728672143622,0.12143616554889329,0.10204559628640442,0.020695540386742817
2024-02-22,493.9078063964844,4.327000141143799,14.539999961853027,18.151525989203044,0.020695540386742817,0.0009056379767262701,0.006335012671992768,0.17151179851919315,0.1497956757298094,0.13959916762518487,0.10928676875779551,0.0006897395023879316
2024-02-23,494.24847412109375,4.260000228881836,13.75,17.93164598205191,0.0006897395023879316,0.020695540386742817,0.017911216578540667,0.16964818652668942,0.1497326998904796,0.1391849233802638,0.1090452910375227,-0.003662491153425429
2024-02-26,492.43829345703125,4.298999786376953,13.739999771118164,17.735237829174416,-0.003662491153425429,0.0006897395023879316,0.011633368920999088,0.16628142631811635,0.15044690124341825,0.14019232412257038,0.10963422499018305,0.0018577463442797093
2024-02-27,493.3531188964844,4.315000057220459,13.430000305175781,17.704357071410147,0.0018577463442797093,-0.003662491153425429,0.012972667370975355,0.15112700701687642,0.1502769667406944,0.1383851959819782,0.10950347368653755,-0.0013217705217585252
2024-02-28,492.7010192871094,4.27400016784668,13.84000015258789,17.849868021150765,-0.0013217705217585252,0.0018577463442797093,0.02047258180552025,0.15487142051782937,0.12662821152808681,0.13852384964202882,0.10961756087737594,0.003595021488926431
2024-02-29,494.4722900390625,4.251999855041504,13.399999618530273,18.24543172966283,0.003595021488926431,-0.0013217705217585252,0.018201629165290223,0.044719754971675386,0.12148424297990464,0.12137555285971803,0.10935007934160916,0.009388337916472533
2024-03-01,499.11456298828125,4.179999828338623,13.109999656677246,18.157298374391722,0.009388337916472533,0.003595021488926431,0.0011428927327481464,0.07947000197684805,0.1249353923783845,0.11778221394348459,0.10944476431887694,-0.001072394681352784
2024-03-04,498.5793151855469,4.218999862670898,13.489999771118164,17.723511505751794,-0.001072394681352784,0.009388337916472533,0.009845430227864105,0.06939000141579921,0.12012468534321626,0.11429775761708912,0.10953537597799766,-0.009994156369719231
2024-03-05,493.596435546875,4.13700008392334,14.460000038146973,18.1039899716583,-0.009994156369719231,-0.001072394681352784,0.012470642129401188,0.11330399367707789,0.1302472997787707,0.12037876785504313,0.11160281419763085,0.005067215822167848
2024-03-06,496.09759521484375,4.104000091552734,14.5,18.04062605416502,0.005067215822167848,-0.009994156369719231,0.0004931896466671137,0.11719742281323778,0.13084553635239954,0.1209589530431802,0.1111646124965578,0.009926411741641328
2024-03-07,501.0220642089844,4.0920000076293945,14.4399995803833,17.88713395509904,0.009926411741641328,0.005067215822167848,0.006893787093537718,0.1323224634971216,0.09531284248609861,0.12225526979638393,0.11228261170288731,-0.006002135161822242
2024-03-08,498.0148620605469,4.089000225067139,14.739999771118164,18.276030635435774,-0.006002135161822242,0.009926411741641328,0.01324598830281154,0.12808474605147327,0.10245457810210876,0.12522414174705668,0.11338222911388199,-0.0008599204691527307
2024-03-11,497.58660888671875,4.104000091552734,15.220000267028809,17.951591912151827,-0.0008599204691527307,-0.006002135161822242,-0.0022033036286304153,0.12802491242415218,0.09998967564656058,0.12432881575682106,0.11336157703411498,0.010757367807676221
2024-03-12,502.9393310546875,4.15500020980835,13.84000015258789,18.107535909421212,0.010757367807676221,-0.0008599204691527307,-0.0019910699633792772,0.113737821591555,0.11132033492938363,0.1288500070224719,0.11214479643215186,-0.001567445672765011
2024-03-13,502.1510009765625,4.191999912261963,13.75,17.824734699665655,-0.001567445672765011,0.010757367807676221,0.018928207002672393,0.11864618245221518,0.11152904687051322,0.11621943091032734,0.11228956569022948,-0.0019768471621474104
2024-03-14,501.1583251953125,4.297999858856201,14.399999618530273,18.51755153264564,-0.0019768471621474104,-0.001567445672765011,0.012202046170163738,0.10003025459338513,0.1126926243901354,0.11413395444697165,0.11233211599333394,-0.006866660707165462
2024-03-15,497.717041015625,4.303999900817871,14.40999984741211,18.494361419828035,-0.006866660707165462,-0.0019768471621474104,0.0002719660391468093,0.10346585057578613,0.10980031697281666,0.11616570756081054,0.11331977316483037,0.005943212882649318
2024-03-18,500.6750793457031,4.340000152587891,14.329999923706055,18.302947343314145,0.005943212882649318,-0.006866660707165462,-0.0005980163798519067,0.11130472617103686,0.11391577621249274,0.11523276481685624,0.11329564697698974,0.00555707226589397
2024-03-19,503.4573669433594,4.296999931335449,13.819999694824219,17.922364895637322,0.00555707226589397,0.005943212882649318,0.0062069002738929235,0.08676015557132594,0.09991022807928815,0.11298184357246487,0.1090643390957018,0.009249336754743487
2024-03-20,508.114013671875,4.2729997634887695,13.039999961853027,18.05819755045672,0.009249336754743487,0.00555707226589397,0.0010300166574475078,0.10483814694458196,0.1055540247996541,0.11570712136275565,0.10899436953507287,0.0033045883814177834
2024-03-21,509.7931213378906,4.270999908447266,12.920000076293945,17.914114386619236,0.0033045883814177834,0.009249336754743487,0.011874939378226701,0.09745125694071917,0.09727087594441,0.09376168318534689,0.10904334109638975,-0.001895731079160523
2024-03-22,508.8266906738281,4.2179999351501465,13.0600004196167,18.185854224260122,-0.001895731079160523,0.0033045883814177834,0.01722967714686363,0.06548476095343272,0.09001667836464516,0.0945407333654395,0.10916027293949435,-0.0027626315784107236
2024-03-25,507.4209899902344,4.252999782562256,13.1899995803833,17.697323829941116,-0.0027626315784107236,-0.001895731079160523,0.022321216158347923,0.08031263245591068,0.09228483845692757,0.0939447113458633,0.1095244754618653,-0.0018471572824986238
2024-03-26,506.48370361328125,4.234000205993652,13.239999771118164,17.997006363783104,-0.0018471572824986238,-0.0027626315784107236,0.013473629750749838,0.08086336770483443,0.07950161708989216,0.09468372019488848,0.10971871425668543,0.008403841349762686
2024-03-27,510.7401123046875,4.196000099182129,12.779999732971191,18.234348768167635,0.008403841349762686,-0.0018471572824986238,0.006011108126782849,0.07562029699722324,0.086903634854522,0.0973263248440871,0.11023340108319833,-0.00019102611076571296
